agent.name,package.name,package.version,vulnerability.description,vulnerability.severity,vulnerability.id
Test-VL-Linux,linux-image-7.0.0-38-generic,7.0.0-38.38,"In the Linux kernel, the following vulnerability has been resolved: RDMA/rtrs-srv: Fix integer underflow in process_read and process_write usr_len is read from a network-supplied message field (le16_to_cpu) and used to compute data_len = off - usr_len without validating that usr_len &lt;= off. A malicious RDMA client can send usr_len &gt; off causing an integer underflow, resulting in data_len wrapping to a huge size_t value which is then passed to the rdma_ev callback as a memory length, leading to out-of-bounds memory access. Fix by reading and validating usr_len &lt;= off before rtrs_srv_get_ops_ids() in both process_read() and process_write(), ensuring the early return path acquires no reference and has no resource leak.",Critical,CVE-2026-97413
Test-VL-Linux,linux-image-7.0.0-38-generic,7.0.0-38.38,"In the Linux kernel, the following vulnerability has been resolved: svcrdma: Reject Write/Reply chunks with segcount 0 A peer can send a Write or Reply chunk whose segcount field is zero. xdr_check_write_chunk() only rejects segcount &gt; rc_maxpages, so zero passes the range check, and xdr_inline_decode(stream, 0) returns the current (non-NULL) cursor without advancing. The function returns true and pcl_alloc_write() then links a struct svc_rdma_chunk with ch_segcount == 0 onto rc_write_pcl or rc_reply_pcl. An earlier patch in this series made pcl_for_each_segment() safe for ch_segcount == 0, so this no longer drives the memory walk it used to. Rejecting the malformed frame at the decode boundary is still worthwhile as defense in depth: it keeps degenerate zero-segment chunks off the parsed chunk lists entirely, so any future consumer that walks ch_segments directly cannot observe one, and it makes the zero-floor easy to backport to trees where the macro change is more intrusive. RFC 8166 has no meaning for a Write/Reply chunk that describes no remote buffer, so no legitimate client is affected. xdr_check_reply_chunk() funnels Reply chunks through xdr_check_write_chunk() and inherits the same rejection. pcl_alloc_write() also links each chunk onto the parsed chunk list before filling its segment array. If a future change weakens the segcount-0 rejection, an incomplete chunk is visible to consumers during the fill loop. Reorder so that list_add_tail() follows the segment fill loop, ensuring only fully-populated chunks appear on the list.",Critical,CVE-2026-93228
Test-VL-Linux,linux-image-7.0.0-38-generic,7.0.0-38.38,"In the Linux kernel, the following vulnerability has been resolved: smb: client: reject a tree connect response whose byte count is too small CIFSTCon() bounds its strnlen() over the byte area with the server's ByteCount minus two, which for ByteCount 0 or 1 goes negative as an int and converts to a huge size_t.  The later subtraction wraps the __u16 bytes_left, and that is what bounds cifs_strndup_from_utf16(): a bound of up to 65535 against a ~16 KB cifs_req_poolp object runs off the end of the slab object, and the bytes reach userspace through tcon-&gt;nativeFileSystem in /proc/fs/cifs/DebugData. Reject a byte area too small for what the parser consumes.  Two bytes is the least it can consume, and no conformant response carries fewer.  The new trace point is the 129th smb_eio_trace entry, which __mode(byte) cannot represent, so the attribute goes with it.",Critical,CVE-2026-89631
Test-VL-Linux,linux-image-7.0.0-38-generic,7.0.0-38.38,"In the Linux kernel, the following vulnerability has been resolved: libceph: fix multiple unsafe decodes in decode_locker() decode_locker() in cls_lock_client.c contains three unsafe decode operations that allow a malicious or compromised OSD to trigger slab-out-of-bounds reads: 1. ceph_decode_copy() at the locker_id_t name field has no preceding    bounds check. With p == end after ceph_start_decoding() accepts    struct_len=0, this reads sizeof(ceph_entity_name) = 9 bytes past    the validated buffer boundary. 2. *p += sizeof(struct ceph_timespec) after the locker_info_t header    is an unchecked pointer advance. A malicious OSD can position p    past end, causing all subsequent _safe checks to pass against a    bogus boundary. 3. len = ceph_decode_32(p) has no preceding bounds check, and the    immediately following *p += len is uncapped. A malicious OSD can    send len=0xffffffff, advancing p gigabytes past end and escaping    the decode window entirely. Fix all three by replacing bare operations with their safe variants:   ceph_decode_copy   -&gt; ceph_decode_copy_safe   *p += sizeof(...)  -&gt; ceph_decode_skip_n   ceph_decode_32(p)  -&gt; ceph_decode_32_safe   *p += len          -&gt; ceph_decode_skip_n A new label is added to return -EINVAL on any bounds violation. -EINVAL is appropriate here: the data received from the OSD is structurally malformed, which is an invalid argument to the decode contract regardless of whether the caller or the wire is at fault. Attacker model: a malicious or compromised OSD in a multi-tenant Ceph deployment can trigger this against any kernel client that issues the lock.get_info class method (e.g. during RBD exclusive lock acquisition) without any further privileges beyond OSD session establishment. [ idryomov: use ceph_decode_skip_string() to skip description, trim   changelog ]",Critical,CVE-2026-80561
Test-VL-Linux,linux-image-7.0.0-38-generic,7.0.0-38.38,"In the Linux kernel, the following vulnerability has been resolved: seg6: reset IP6CB after IPv6 decapsulation decap_and_validate() pulls the outer SRv6 headers and makes the inner packet the skb network header. The IPv6 control block still contains values collected while parsing the outer packet, including nhoff and extension-header flags. End.DX6 and End.DT6 route the inner IPv6 packet directly to the IPv6 input path. An unprivileged user can reach End.DT6 from a user and net namespace by installing a local SID and injecting an outer packet with Hop-by-Hop and Destination Options headers followed by an SRH and a minimal inner IPv6 packet. The outer extension headers leave a large nhoff in IP6CB. After decapsulation, ip6_protocol_deliver_rcu() uses that stale offset on the inner packet and reads beyond the skb head. KASAN reports:   BUG: KASAN: slab-out-of-bounds in ip6_protocol_deliver_rcu   ip6_protocol_deliver_rcu+0x1118/0x1450   ip6_input_finish+0x11b/0x240   seg6_local_input_core+0xed/0x2e0   lwtunnel_input+0x1e9/0x4e0   ipv6_rthdr_rcv+0x525f/0x6c50   ip6_protocol_deliver_rcu+0xcb7/0x1450 Before clearing IP6CB for an inner IPv6 packet, save its incoming interface index and L3 slave state. Restore both after the clear and set nhoff to the inner IPv6 base-header nexthdr field. Use IP6CB(skb)-&gt;iif rather than skb-&gt;skb_iif because VRF processing can replace skb_iif with the L3 master while IP6CB keeps the receiving interface. Preserve IP6SKB_L3SLAVE for the same reason.",Critical,CVE-2026-80976
Test-VL-Linux,linux-image-7.0.0-38-generic,7.0.0-38.38,"In the Linux kernel, the following vulnerability has been resolved: crypto: iaa - unmap dst before software fallback on decompress On a hardware analytics error, decompress retries through the software fallback, which writes req-&gt;dst with the CPU while it is still mapped DMA_FROM_DEVICE. With SWIOTLB active the later dma_unmap_sg() copies the stale bounce buffer over req-&gt;dst, corrupting the result. Unmap before the fallback runs. The async path unmaps inline; the sync path signals the retry with -EAGAIN so iaa_comp_adecompress() runs the fallback after unmapping.",Critical,CVE-2026-80945
Test-VL-Linux,linux-image-7.0.0-38-generic,7.0.0-38.38,"In the Linux kernel, the following vulnerability has been resolved: ntfs: detect mapping-pairs LCN accumulator overflow The NTFS mapping-pairs parser accumulates relative LCN deltas in a signed integer.  A corrupted attribute can drive that addition past the representable range. One corrupt runlist shape sets the accumulated LCN to S64_MAX and then adds a delta of 1 in the next mapping-pairs entry. Signed overflow is undefined and can turn an invalid runlist into a different set of physical clusters. Check the LCN addition for overflow before storing the next run.",Critical,CVE-2026-72200
Test-VL-Linux,linux-image-7.0.0-38-generic,7.0.0-38.38,"In the Linux kernel, the following vulnerability has been resolved: svcrdma: Fix pcl_for_each_segment for empty chunks When a parsed chunk list contains a chunk whose ch_segcount is zero, pcl_for_each_segment computes its inclusive upper bound as &amp;chunk-&gt;ch_segments[ch_segcount - 1]. ch_segcount is u32, so the subtraction wraps to 0xFFFFFFFF and the bound lands far past the ch_segments flex array. The loop body then walks unrelated memory at sizeof(struct svc_rdma_segment) stride until it faults. A zero-segcount chunk is reachable from the wire: xdr_check_write_chunk() only rejects segcount values greater than rc_maxpages, and pcl_alloc_write() links a freshly allocated chunk onto rc_write_pcl/rc_reply_pcl before its segment-fill loop runs, so a Write or Reply chunk advertising zero segments leaves ch_segcount == 0 on the list. When the transport has negotiated Send-With-Invalidate, svc_rdma_get_inv_rkey() iterates all four PCLs with pcl_for_each_segment and dereferences segment-&gt;rs_handle on each iteration, turning the underflow into an out-of-bounds read and a general protection fault.     xdr_check_write_list / xdr_check_reply_chunk       pcl_alloc_write()         chunk = pcl_alloc_chunk(...)  /* ch_segcount = 0 */         list_add_tail(&amp;chunk-&gt;ch_list, &amp;pcl-&gt;cl_chunks)         /* fill loop iterates zero times for wire segcount 0 */     svc_rdma_get_inv_rkey()       pcl_for_each_chunk(rc_write_pcl)         pcl_for_each_segment(segment, chunk)           pos &lt;= &amp;ch_segments[0u - 1u]  /* 0xFFFFFFFF */           segment-&gt;rs_handle            /* OOB read -&gt; GPF */ Fix by switching the macro to a half-open upper bound that uses ch_segcount directly. For ch_segcount == 0 the loop start equals the loop end and the body is skipped; for ch_segcount &gt; 0 the iteration range is unchanged. All six existing call sites in net/sunrpc/xprtrdma/svc_rdma_recvfrom.c and net/sunrpc/xprtrdma/svc_rdma_rw.c remain correct under the new bound, so no caller changes are needed.",Critical,CVE-2026-89532
Test-VL-Linux,linux-image-7.0.0-38-generic,7.0.0-38.38,"In the Linux kernel, the following vulnerability has been resolved: nfsd: don't free session slots that are still in use nfsd4_sequence() can free the very slot it is currently processing. When the session shrinker has reduced se_target_maxslots below se_fchannel.maxreqs, the shrink path checks three conditions before calling free_session_slots():   1. se_target_maxslots &lt; maxreqs  (shrink was advertised)   2. slot-&gt;sl_generation == se_slot_gen  (slot is up-to-date)   3. seq-&gt;maxslots &lt;= se_target_maxslots  (client acknowledges) However, seq-&gt;slotid is never checked against se_target_maxslots. A client using a slot in the range [se_target_maxslots, maxreqs) can satisfy all three conditions: its slot has the current generation (set by a prior SEQUENCE), and it sends sa_highest_slotid &lt;= se_target_maxslots to acknowledge the reduction. free_session_slots() then kfrees every slot at index &gt;= se_target_maxslots, including the caller's own slot. The function continues to write sl_seqid, sl_flags, sl_generation, and stores the dangling pointer in cstate-&gt;slot. Later, nfsd4_store_cache_entry() copies up to maxresp_cached bytes of the compound reply into the freed sl_data[] array, corrupting whatever slab object now occupies that address. Additionally, a concurrent thread processing SEQUENCE on a different high-numbered slot can have its slot freed out from under it. NFSD4_SLOT_INUSE is set under nn-&gt;client_lock before the lock is released, so any concurrent thread past SEQUENCE will have its slot marked. However, free_session_slots() does not check NFSD4_SLOT_INUSE before freeing. Fix both problems by:  1. Checking that the current request's slotid is below the shrink     boundary.  2. Scanning slots in the to-be-freed range for NFSD4_SLOT_INUSE and     deferring the shrink if any are active.",Critical,CVE-2026-89689
Test-VL-Linux,linux-image-7.0.0-38-generic,7.0.0-38.38,"In the Linux kernel, the following vulnerability has been resolved: ovpn: finish crypto callback cleanup before peer release Crypto completion callbacks hold both key-slot and peer references. The peer reference pins the netdev, and dropping the last peer reference can let netdev unregistration and module removal make progress. Do not release that peer reference before the callback has finished its own cleanup. If ovpn_crypto_key_slot_put runs after ovpn_peer_put, it can schedule an RCU callback backed by module text after ovpn_cleanup rcu_barrier has already run. The TX error path also freed the remaining skb after ovpn_peer_put, leaving callback cleanup outside the peer/netdev lifetime window. Release the key slot and free any remaining skb first, then drop the peer reference as the last callback action.",Critical,CVE-2026-80519
Test-VL-Linux,linux-image-7.0.0-38-generic,7.0.0-38.38,"In the Linux kernel, the following vulnerability has been resolved: RDMA/srpt: Fix srpt_alloc_rw_ctxs() unwind counters When srpt_alloc_rw_ctxs() fails partway through a multi-buffer indirect descriptor, the unwind path destroys RDMA contexts but leaves stale n_rw_ctx and n_rdma values (and a dangling rw_ctxs pointer). Later sq_wr_avail accounting in srpt_queue_response() or srpt_write_pending() can then subtract the wrong number of send queue credits. Reset the counters and clear rw_ctxs after freeing the heap allocation before returning an error.",Critical,CVE-2026-100075
Test-VL-Linux,linux-image-7.0.0-38-generic,7.0.0-38.38,"In the Linux kernel, the following vulnerability has been resolved: SUNRPC: svcauth_gss: enforce krb5 token minimum length svcauth_gss_unwrap_priv() validates only an upper bound on the wire-supplied opaque length before handing the buffer to gss_unwrap():     if (len &gt; xdr_stream_remaining(xdr))             goto unwrap_failed;     offset = xdr_stream_pos(xdr);     ...     maj_stat = gss_unwrap(ctx, offset, offset + len, buf); The wire value `len` flows unchanged as the upper bound into the krb5 unwrap path, so a len in [0, 16] passes this check and is handed to gss_unwrap(). For a krb5 v2 context that lands in gss_krb5_unwrap_v2(), which reads the 16-byte RFC 4121 token header fields at ptr+4 and ptr+6 and then calls rotate_left() before any integrity check. With a sub-header length the header reads run past the token, and _rotate_left()'s `shift %= buf-&gt;len` path can divide by zero when buf-&gt;len has been driven to zero by the truncated token. A header-only token (len == 16) is equally invalid: with a non-zero RRC field and the opaque blob ending at the XDR buffer boundary, rotate_left() builds a zero-length subbuffer, reaching the same division. Reject the token at the server entry point before it reaches the krb5 unwrap core. A valid sealed RFC 4121 token must contain the 16-byte header plus at least some encrypted payload. Fix by adding a minimum-length check immediately after the existing upper-bound check:     if (len &lt;= GSS_KRB5_TOK_HDR_LEN)             goto unwrap_failed;",Critical,CVE-2026-89550
Test-VL-Linux,linux-image-7.0.0-38-generic,7.0.0-38.38,"In the Linux kernel, the following vulnerability has been resolved: nfsd: set SC_STATUS_FREED in nfsd4_drop_revoked_stid for delegations nfsd4_drop_revoked_stid() handles FREE_STATEID for admin-revoked delegations but does not set SC_STATUS_FREED before releasing cl_lock. revoke_delegation() uses this flag to detect whether FREE_STATEID has already processed the delegation -- without it, the freed delegation is added to cl_revoked via list_add(), producing a use-after-free when cl_revoked is later traversed in __destroy_client(). The SC_STATUS_REVOKED path in nfsd4_free_stateid() (line 7983) already sets SC_STATUS_FREED correctly. Apply the same pattern to the SC_STATUS_ADMIN_REVOKED path in nfsd4_drop_revoked_stid().",Critical,CVE-2026-89703
Test-VL-Linux,linux-image-7.0.0-38-generic,7.0.0-38.38,"In the Linux kernel, the following vulnerability has been resolved: xdp: fix zero-copy frame layout xdp_convert_zc_to_xdp_frame() clones an XSK packet into an order-0 page and advertises PAGE_SIZE as its frame size.  It allows the copied frame to occupy the page tail needed by skb_shared_info and records zero headroom even when metadata separates the frame header from packet data. An AF_XDP zero-copy packet redirected through cpumap can therefore make the skb overlap skb_shared_info or place it beyond the allocated page. Limit the copied layout to SKB_WITH_OVERHEAD(PAGE_SIZE) and include the metadata length in frame headroom.  Redirect callers already handle a NULL conversion result. BUG: KASAN: slab-out-of-bounds in skb_gro_receive Write of size 4 at addr ffff88800cf37004 by task cpumap/1/map:1/146 Call Trace:  skb_gro_receive (net/core/gro.c:174)  udp_gro_receive (net/ipv4/udp_offload.c:812)  inet_gro_receive (net/ipv4/af_inet.c:1539)  dev_gro_receive (net/core/gro.c:515)  gro_receive_skb (net/core/gro.c:633)  cpu_map_kthread_run (kernel/bpf/cpumap.c:395)  kthread (kernel/kthread.c:436)  ret_from_fork (arch/x86/kernel/process.c:164)  ret_from_fork_asm (arch/x86/entry/entry_64.S:255) Kernel panic - not syncing: KASAN: panic_on_warn set ...",Critical,CVE-2026-81002
Test-VL-Linux,linux-image-7.0.0-38-generic,7.0.0-38.38,"In the Linux kernel, the following vulnerability has been resolved: nfsd: fix UAF in async copy cancel and shutdown An async copy could be freed or used after free while a teardown caller (OFFLOAD_CANCEL, nfsd4_shutdown_copy, nfsd4_cancel_copy_by_sb) raced the copy kthread:   - find_async_copy() bumped copy-&gt;refcount but left the copy on     clp-&gt;async_copies, so the reaper's cleanup_async_copy() could run     release_copy_files() concurrently with a cancel/shutdown caller. Both     put and NULL nf_src/nf_dst without a common lock, double-putting the     nfsd_file and freeing it early.   - nfsd4_do_async_copy() set NFSD4_COPY_F_STOPPED before its final uses     of the copy (nfsd_update_cmtime_attr() on copy-&gt;nf_dst,     nfsd4_send_cb_offload()). nfsd4_stop_copy() treats a set STOPPED bit     as ""kthread done, skip kthread_stop()"", so a teardown caller ran     release_copy_files() -- which puts and NULLs nf_dst -- while the     kthread still dereferenced it (NULL/UAF).   - copy-&gt;copy_task was never pinned. The one-shot kthread self-reaps on     return, so kthread_stop()'s get_task_struct() could touch a freed     task_struct.   - co_cb is embedded in the copy, but nfsd4_send_cb_offload() held a     reference only on the client, so a concurrent teardown could free     the copy while the CB_OFFLOAD callback was in flight. Fix the teardown lifetime as a whole:   - find_async_copy() unlinks the copy (clear cp_clp, list_del_init)     under async_lock; the cancel, shutdown, and sb-cancel paths drop the     list-membership reference via nfs4_put_copy() after nfsd4_stop_copy().     Drop the now-redundant list_del fixup from cleanup_async_copy().   - Because unlinking hides the copy from the reaper, its     cleanup_async_copy() can no longer remove the copy's s2s_cp_stateids     entry; the cancel/shutdown/sb-cancel paths now call     nfs4_free_copy_state() themselves (while cp_clp is still valid) so     the entry does not dangle at freed memory for the laundromat and     manage_cpntf_state() to dereference.   - Give the kthread its own reference, taken in nfsd4_copy() before     wake_up_process() and dropped at the end of nfsd4_do_async_copy();     call wake_up_process() before list_add().   - Pin the task_struct with get_task_struct() in nfsd4_copy(), released     in nfs4_put_copy(), so kthread_stop() is safe whenever the kthread     exits. Set NFSD4_COPY_F_STOPPED only in nfsd4_stop_copy(), which now     always kthread_stop()s before release_copy_files(); completion is     still reported via NFSD4_COPY_F_COMPLETED, so     nfsd4_has_active_async_copies() is unaffected. Each teardown caller     removes the copy from clp-&gt;async_copies first, so kthread_stop() runs     exactly once.   - Take a copy reference in nfsd4_send_cb_offload(), dropped in     nfsd4_cb_offload_release(). The kthread still holds its own reference     there, so the refcount_inc() cannot race the final free.   - Read cp_clp with smp_load_acquire() to pair with the unordered     set_bit()/clear_bit() writers (Documentation/atomic_bitops.rst).",Critical,CVE-2026-89675
Test-VL-Linux,linux-image-7.0.0-38-generic,7.0.0-38.38,"In the Linux kernel, the following vulnerability has been resolved: btrfs: lzo: reject inline extents without valid headers [BUG] For a crafted btrfs image, the following KASAN can be triggered when reading an inline lzo compressed file extent:   BUG: KASAN: slab-out-of-bounds in lzo_decompress+0x57d/0x700   Read of size 4 at addr ffff888006f2e644 by task btrfs_lzo_inlin/77   Call Trace:    &lt;TASK&gt;    dump_stack_lvl+0x5b/0x70    print_report+0xd1/0x610    kasan_report+0xe0/0x110    __asan_report_load_n_noabort+0x13/0x20    lzo_decompress+0x57d/0x700    btrfs_decompress+0x140/0x1c0    uncompress_inline+0x147/0x1b0    btrfs_get_extent+0xb23/0x10a0    btrfs_do_readpage.constprop.0+0x538/0x1ac0    btrfs_readahead+0x32f/0x5f0    read_pages+0x16f/0x850    page_cache_ra_unbounded+0x296/0x490    do_page_cache_ra+0xd9/0x130    page_cache_sync_ra+0x3ee/0x6f0    filemap_get_pages+0x306/0x15c0    filemap_read+0x329/0xd00    btrfs_file_read_iter+0x1f8/0x2b0    vfs_read+0x4ef/0x720    ksys_read+0xf8/0x1d0    __x64_sys_read+0x71/0xb0    x64_sys_call+0x1ab0/0x1b70    do_syscall_64+0x61/0x470    entry_SYSCALL_64_after_hwframe+0x4b/0x53    &lt;/TASK&gt; [CAUSE] For an inline lzo compressed file extent, there should always be one lzo header, recording the total length of the compressed data, followed by one segment header, recording the compressed lzo payload. But if a crafted inline lzo compressed file extent contains only an lzo header, without the segment header or payload, lzo_decompress() will still try to read the segment header, causing a read beyond the item boundary. Furthermore if the inline lzo compressed file extent is the first item of the leaf, it will be at the extent buffer boundary. The above out-of-boundary read will go beyond the extent buffer boundary, triggering the above KASAN report. [FIX] Validate the total length of the inlined lzo compressed file extent, to make sure there is at least one LZO header and one segment header, and a non-zero payload. [ Rework the commit message to remove slop ]",Critical,CVE-2026-74723
Test-VL-Linux,linux-image-7.0.0-38-generic,7.0.0-38.38,"In the Linux kernel, the following vulnerability has been resolved: sctp: drop a chunk if its transport was removed sctp_rcv() resolves the transport once per packet and leaves it in chunk-&gt;transport. The lookup reference, or the one sctp_add_backlog() takes if the socket is owned by userspace, keeps it around until the chunk has been processed. An authenticated ASCONF DEL-IP can remove it in the meantime. sctp_assoc_rm_peer() takes the transport out of the association and calls sctp_transport_free(), which tags it dead and drops the reference the association held. There is a window on both paths: the packet can sit on the socket backlog, and on the direct path the lookup completes before bh_lock_sock(). The DATA chunk in that packet puts the removed transport back into asoc-&gt;peer.last_data_from. Once the packet is done that reference goes away and the transport is freed by RCU, so the next delayed SACK carries the pointer into the SACK chunk and sctp_outq_select_transport() reads the freed transport's state. Drop the chunk in sctp_inq_push(), next to the existing rcvr-&gt;dead check. Both paths reach it with the association's socket lock held. The peer retransmits it.",Critical,CVE-2026-89478
Test-VL-Linux,linux-image-7.0.0-38-generic,7.0.0-38.38,"In the Linux kernel, the following vulnerability has been resolved: sctp: stop processing a packet once its association is deleted sctp_endpoint_bh_rcv() looks the association up only when chunk-&gt;asoc is NULL, and caches the result in chunk-&gt;asoc and chunk-&gt;transport without taking a reference. A packet that matches no association is handed to the endpoint, so a peer can bundle COOKIE ECHO, SHUTDOWN and SHUTDOWN ACK in one packet. The COOKIE ECHO creates the association, the SHUTDOWN chunk caches it, and with the outqueue empty the SHUTDOWN ACK reaches sctp_sf_do_9_2_final(), so the association and its transports are freed. The endpoint loop has no counterpart to the asoc-&gt;base.dead check in sctp_assoc_bh_rcv(). The next chunk writes to last_time_heard in the freed transport and is then passed to sctp_do_sm() with the freed association. The transport is freed through RCU, so this needs the packet to come off the socket backlog, where the loop runs in task context. The endpoint loop cannot do the same check: it holds no reference on the association, so reading asoc-&gt;base.dead would itself be a use-after-free. Mark the packet for discard in the command interpreter, just before it deletes the association. That is also before sctp_inq_free() releases the chunk on the association receive path. sctp_sf_do_5_2_4_dupcook() issues SCTP_CMD_DELETE_TCB for the temporary association, while the one the packet belongs to stays alive. A restarting peer can bundle DATA behind its COOKIE ECHO, so compare against chunk-&gt;asoc and leave that case alone.",Critical,CVE-2026-89479
Test-VL-Linux,linux-image-7.0.0-38-generic,7.0.0-38.38,"In the Linux kernel, the following vulnerability has been resolved: nvme-tcp: do not accept C2HData based on blk_rq_payload_bytes() alone Commit 25e5cb780e62 (""nvme-tcp: fix possible crash in write_zeroes processing"") established that blk_rq_payload_bytes() must not be read without first checking blk_rq_nr_phys_segments(), and recorded the result in nvme_tcp_setup_cmd_pdu() as req-&gt;data_len. The receive side was left as it was. The two differ for REQ_OP_WRITE_ZEROES, which has no physical segments but a non-zero blk_rq_bytes(), so setup leaves req-&gt;iter untouched while the receive gate lets a C2HData through and nvme_tcp_recv_data() copies into whatever the previous command on that tag left there. The driver-private area is zeroed only when the tag set is allocated. Reproduced with a test target that leaves a residual iterator on a tag and then sends a C2HData for a WRITE_ZEROES command on the same tag: BUG: KASAN: wild-memory-access in _copy_to_iter+0x642/0x1330 Write of size 512 at addr ffe728c2175dfa81 by task kworker/0:1H/103 CPU: 0 UID: 0 PID: 103 Comm: kworker/0:1H Not tainted 7.2.0-rc5-NVMETCP-gf5098b6bae76 #1 PREEMPT(lazy) Hardware name: QEMU Ubuntu 24.04 PC v2 (i440FX + PIIX, arch_caps fix, 1996), BIOS 1.16.3-debian-1.16.3-2 04/01/2014 Workqueue: nvme_tcp_wq nvme_tcp_io_work Call Trace:  &lt;TASK&gt;  dump_stack_lvl+0x53/0x70  kasan_report+0xce/0x100  ? _copy_to_iter+0x642/0x1330  kasan_check_range+0x105/0x1b0  __asan_memcpy+0x3c/0x60  _copy_to_iter+0x642/0x1330  ? __pfx_sock_has_perm+0x10/0x10  ? worker_thread+0x45b/0xd10  ? __pfx__copy_to_iter+0x10/0x10  ? _raw_spin_lock_bh+0x83/0xe0  ? __pfx__raw_spin_lock_bh+0x10/0x10  __skb_datagram_iter+0xf3/0x820  ? __pfx_simple_copy_to_iter+0x10/0x10  ? __asan_memcpy+0x3c/0x60  ? skb_copy_bits+0x58d/0x830  skb_copy_datagram_iter+0x37/0x120  nvme_tcp_recv_skb+0xa07/0x4320  ? __pfx_nvme_tcp_recv_skb+0x10/0x10  __tcp_read_sock+0x1ab/0x810  ? __pfx_nvme_tcp_recv_skb+0x10/0x10  ? __pfx_lock_sock_nested+0x10/0x10  ? __pfx___tcp_read_sock+0x10/0x10  nvme_tcp_try_recv+0x152/0x1e0  ? __pfx_nvme_tcp_try_recv+0x10/0x10  ? __pfx_mutex_unlock+0x10/0x10  nvme_tcp_io_work+0x1e4/0x6c0  ? __schedule+0x181a/0x49f0  ? __pfx_nvme_tcp_io_work+0x10/0x10  process_one_work+0x633/0x1030 Keep the blk_rq_payload_bytes() test and add req-&gt;data_len to it. The old test is what rejects a C2HData naming a tag that is no longer in flight, because blk_update_request() zeroes rq-&gt;__data_len on completion; req-&gt;data_len and req-&gt;curr_bio are driver-private and survive completion, so they cannot stand in for it. Setup initialises the iterator only when both req-&gt;curr_bio and req-&gt;data_len are set, so the gate now tests the same two.",Critical,CVE-2026-89482
Test-VL-Linux,linux-image-7.0.0-38-generic,7.0.0-38.38,"In the Linux kernel, the following vulnerability has been resolved: lockd: pin next file across nlm_inspect_file lock-drop nlm_traverse_files() pins the current file with f_count++ across a mutex_unlock for nlm_inspect_file(), but nothing pins the saved next pointer.  A concurrent nlm_release_file() can kfree the next file during the unlock window, and the iterator dereferences freed memory on the next loop step. Pin both current and next before the lock-drop.  Advance by swapping the pinned cursors at the end of each iteration so next is always held alive across the unlock. Always call nlm_file_release() after dropping the iteration pin, regardless of whether the file matched the predicate.  Use nlm_file_inuse(), which does a live walk of the inode lock list, rather than the cached f_locks field, so skipped files that never ran nlm_inspect_file() are evaluated correctly. Because every file in a hash bucket is now pinned and released, files skipped by the is_failover_file predicate that have no locks, blocks, shares, or external references are deleted during traversal.  The old code never evaluated skipped files for cleanup.  The new behavior is intentional: such files are stale and should not persist in the table.",Critical,CVE-2026-89485
Test-VL-Linux,linux-image-7.0.0-38-generic,7.0.0-38.38,"In the Linux kernel, the following vulnerability has been resolved: mm/filemap: __filemap_add_folio() restore index before retrying In __filemap_add_folio()'s split-a-conflict loop, xas_set_order() is applied repeatedly: each application modifies xas.xa_index, rounding it down according to the split_order attempted at that stage: and if all goes as intended, it eventually (or immediately) converges on an xas_try_split() to the required folio_order, with xas.xa_index now the same as index: then xas_store() puts the new folio into the xarray there. But if a new node was needed, and GFP_NOWAIT allocation did not get one, the lock is dropped, xas_nomem() used to allocate, and sequence retried. If (that part of) the xarray is unchanged when the lock is reacquired, no problem.  But what if the conflict was meanwhile resolved by another thread (perhaps even doing the same thing, inserting a folio at that same index)?  Isn't there a danger of now putting our folio into the xarray at an intermediate rounded-down index?  With !folio_contains() bug to follow, when CONFIG_DEBUG_VM=y is checking for that. Fix this with an xas_set_order() to restore the original xas.xa_index at the bottom of the loop, so the retry does a full re-evaluation after reacquiring the lock, and cannot reach xas_store() with the wrong index. Production was suffering from rare SIGILLs and SIGSEGVs, executable text found a page away from where it belonged, !folio_contains() bug hit when debug enabled: symptoms not seen since this patch went in.",Critical,CVE-2026-74591
Test-VL-Linux,linux-image-7.0.0-38-generic,7.0.0-38.38,"In the Linux kernel, the following vulnerability has been resolved: ocfs2: validate directory-index entry counts when reading metadata ocfs2_validate_dx_leaf() and ocfs2_validate_dx_root() check the ECC and signature of an indexed-directory block before it reaches higher-level callers, but neither validator bounds the ocfs2_dx_entry_list counts against the capacity of the block that holds them. ocfs2_dx_dir_search() then walks 	for (i = 0; i &lt; le16_to_cpu(entry_list-&gt;de_num_used); i++) 		dx_entry = &amp;entry_list-&gt;de_entries[i]; over de_num_used entries with no bounds check.  entry_list is either dx_leaf-&gt;dl_list (from ocfs2_read_dx_leaf) or, for an inline root, dx_root-&gt;dr_entries.  A crafted on-disk image can set de_num_used (and de_count, which is the __counted_by_le() bound of de_entries) to 0xffff and make the walk read far past the end of the 4KB metadata block, giving a slab out-of-bounds read reachable from any path lookup, stat() or open() on an indexed directory once the image is mounted. Commit 775c17386a6f (""ocfs2: validate dx_root extent list fields during block read"") already bounds dr_list for the non-inline dx_root, but left the inline dr_entries path and the dx_leaf dl_list unchecked.  Add the same read-time validation for both entry lists: de_count must equal the capacity of the block (ocfs2_dx_entries_per_leaf()/per_root()) and de_num_used must not exceed de_count, rejecting corrupted metadata with -EFSCORRUPTED before ocfs2_dx_dir_search() can walk an out-of-range entry array. de_count is always written as exactly the block capacity when a leaf or inline root is formatted, so the equality check does not reject any valid image. Found by 0sec automated security-research tooling (https://0sec.ai).",Critical,CVE-2026-89492
Test-VL-Linux,linux-image-7.0.0-38-generic,7.0.0-38.38,"In the Linux kernel, the following vulnerability has been resolved: smb: client: restore the data_offset bound in is_valid_oplock_break() Commit 83bfbd0bb902 (""cifs: Remove the RFC1002 header from smb_hdr"") changed the quantity this bound is measured against.  It used to be srv-&gt;total_read minus the 4-byte RFC1002 preamble that total_read then included, so it was the SMB message length.  The same commit stopped counting the preamble, and the mechanical substitution to srv-&gt;total_read - srv-&gt;pdu_size left an expression that is identically zero: standard_receive3() reads MID_HEADER_SIZE() bytes and then exactly pdu_length - MID_HEADER_SIZE() more, adding both to total_read. len is therefore 0, the subtraction below it wraps, and no __u32 DataOffset can exceed the result, so the check from commit 097f5863b1a0 (""cifs: read overflow in is_valid_oplock_break()"") no longer rejects anything.  Use total_read, which is now the message length on its own.",Critical,CVE-2026-89630
Test-VL-Linux,linux-image-7.0.0-38-generic,7.0.0-38.38,"In the Linux kernel, the following vulnerability has been resolved: SUNRPC: Reject short RFC 4121 MIC tokens in gss_krb5_verify_mic_v2 gss_krb5_verify_mic_v2() reads the token ID at ptr[0..1], the flags byte at ptr[2], and padding at ptr[3..7], then passes ptr + GSS_KRB5_TOK_HDR_LEN and cksum_len to gss_krb5_mic_build_sg(). None of these accesses check read_token-&gt;len first. The minimum safe token size is GSS_KRB5_TOK_HDR_LEN (16) plus ctx-&gt;krb5e-&gt;cksum_len (12-24, depending on the enctype).  All callers accept shorter tokens from the wire:  - gss_unwrap_resp_integ() enforces only an upper bound    (offset + len &lt;= rcv_buf-&gt;len) before allocating    mic.data = kmalloc(len) and passing it to gss_verify_mic().    A malicious NFS server can therefore supply a short checksum    opaque, producing a small slab allocation that the Kerberos MIC    verifier reads past.  - gss_validate() enforces only len &lt;= RPC_MAX_AUTH_SIZE (400)    before passing the wire-supplied length to    gss_validate_seqno_mic(), which constructs a mic xdr_netobj    and calls gss_verify_mic().  - svcauth_gss_verify_header() enforces only    checksum.len &gt;= XDR_UNIT (4 bytes) before dispatching to    gss_verify_mic().  - svcauth_gss_unwrap_integ() checks only that the checksum fits    in gsd-&gt;gsd_scratch. Add a length guard at the top of gss_krb5_verify_mic_v2(), before any ptr[] access or scatterlist construction.  Well-formed MIC tokens from gss_krb5_get_mic_v2() already have exactly GSS_KRB5_TOK_HDR_LEN + cksum_len bytes, so valid traffic is unaffected.",Critical,CVE-2026-89537
Test-VL-Linux,linux-image-7.0.0-38-generic,7.0.0-38.38,"In the Linux kernel, the following vulnerability has been resolved: sunrpc: xprtsock: annotate shared socket callbacks with READ_ONCE/WRITE_ONCE xprtsock replaces and restores sk-&gt;sk_data_ready and sk-&gt;sk_write_space on live sockets with plain stores, and xs_udp_do_set_buffer_size() invokes sk-&gt;sk_write_space via a plain load. These callback pointers are shared with generic socket and protocol paths that may read or invoke them concurrently, so xprtsock needs the same READ_ONCE()/WRITE_ONCE() callback visibility contract that the validated 4022 family applied elsewhere. When SUNRPC takes over an AF_LOCAL, UDP, or TCP socket and later restores the lower-socket callbacks during teardown, another CPU may still hold an earlier callback snapshot. The plain replace/restore pattern leaves the same visibility hole as the validated 4022 family, so a stale snapshot can still invoke xs_data_ready() or xs_udp_write_space() after the live callback fields have already been restored to the lower-socket handlers. Use WRITE_ONCE() for the shared sk_data_ready and sk_write_space stores in xs_local_finish_connecting(), xs_udp_finish_connecting(), xs_tcp_finish_connecting(), and xs_restore_old_callbacks(). Use READ_ONCE() for the direct sk_write_space invocation in xs_udp_do_set_buffer_size(). This matches the required callback visibility contract while leaving adjacent sk_state_change and sk_error_report handling unchanged.",Critical,CVE-2026-90235
Test-VL-Linux,linux-image-7.0.0-38-generic,7.0.0-38.38,"In the Linux kernel, the following vulnerability has been resolved: svcrdma: Validate Read chunk positions before reconstruction The RPC/RDMA Read chunk position field is supplied by the remote client and stored verbatim in the parsed chunk list. xdr_count_read_segments() checks only 4-byte alignment; it never compares the position against the received inline body length. In the single-chunk path, svc_rdma_read_complete_one() splits the head and tail kvecs at ch_position. A position past the inline body underflows the tail length, exposing adjacent slab memory to the upper XDR decoder. In the multi-chunk path, svc_rdma_read_multiple_chunks() computes gap lengths between chunks as unsigned subtractions from ch_position. Overlapping Read chunks cause these subtractions to underflow. A final position past the inline body likewise underflows the trailing gap length. svc_rdma_copy_inline_range() then copies past the receive buffer into request pages that are returned to the client through the Reply channel. Bound inline-range copies in svc_rdma_copy_inline_range() against the decoded inline RPC body saved in rc_saved_arg. Reject a single Read chunk positioned beyond that body, and reject multi-chunk lists where accumulated read bytes exceed the next chunk's position. Apply the same position and overlap checks in the call-chunk interleaving path.",Critical,CVE-2026-89526
Test-VL-Linux,linux-image-7.0.0-38-generic,7.0.0-38.38,"In the Linux kernel, the following vulnerability has been resolved: SUNRPC: wait for in-flight client TLS handshake callback xs_tls_handshake_sync() gives xs_tls_handshake_done() a reference to the lower transport before submitting the handshake request. On timeout or signal, the synchronous waiter drops that reference after calling tls_handshake_cancel(). handshake_req_cancel() returns false when handshake_complete() has already marked the request complete. In that case the completion callback can still be running, so dropping the callback-owned reference in the waiter can free the lower transport before xs_tls_handshake_done() stores xprt_err or drops its own reference. If cancellation loses to completion, wait until xs_tls_handshake_done() signals handshake_done and let the callback release its reference. This mirrors the server-side handshake lifetime handling and keeps the timeout or signal return value unchanged.",Critical,CVE-2026-89536
Test-VL-Linux,linux-image-7.0.0-38-generic,7.0.0-38.38,"In the Linux kernel, the following vulnerability has been resolved: SUNRPC: Reject krb5 v2 wrap tokens with oversized ec field gss_krb5_unwrap_v2() sets buf-&gt;len to a logical length, which can be much smaller than head[0].iov_len (the allocated receive-page capacity).  It then calls xdr_buf_trim() with a trim length derived from the 16-bit ""extra count"" (ec) field in the Kerberos v2 token header. The ec field is authenticated by the post-decrypt memcmp() against the encrypted header copy, so a randomly-mutated value is rejected.  However, any peer holding a valid GSS context can legitimately encrypt a token whose ec exceeds the plaintext length.  Per RFC 4121, such a token is structurally malformed. Although xdr_buf_trim() now clamps the buf-&gt;len subtraction to avoid unsigned underflow, the buffer is still left in a semantically invalid state (zero length, inconsistent iov lengths) when ec is oversized. Reject these tokens before calling xdr_buf_trim(), giving callers a well-defined GSS_S_DEFECTIVE_TOKEN error and keeping the xdr_buf internally consistent.  The wrapped blob begins at a nonzero offset -- both callers pass len as offset + opaque_len -- so buf-&gt;len still counts the offset bytes that precede the blob.  Compare the trim length against the remaining wrapped segment, buf-&gt;len - offset, rather than the whole buffer; comparing against buf-&gt;len alone leaves an offset-wide window in which an oversized ec passes the test and xdr_buf_trim() cuts into the bytes ahead of the blob.",Critical,CVE-2026-89538
Test-VL-Linux,linux-image-7.0.0-38-generic,7.0.0-38.38,"In the Linux kernel, the following vulnerability has been resolved: SUNRPC: close backchannel before destroying callback service A backchannel receive can complete a request while the NFS callback service is being torn down.  xprt_complete_bc_request() removes the request from bc_pa_list, drops bc_alloc_count, marks the request in use, and then asks xprt_enqueue_bc_request() to hand it to the callback service. If teardown has already cleared xprt-&gt;bc_serv, xprt_enqueue_bc_request() currently returns without enqueueing or freeing the committed request. The xprt_get() taken on entry is leaked as well.  If the producer wins the race before bc_serv is cleared, it can also enqueue onto sv_cb_list after nfs_callback_down() has stopped the callback threads, leaving the request linked to a svc_serv that is about to be freed. Close the producer side before callback threads are stopped.  Add xprt_svc_shutdown_bc() to clear xprt-&gt;bc_serv under bc_pa_lock, and call it on callback shutdown and callback-start failure before stopping the service threads.  Requests that lose the NULL transition in xprt_enqueue_bc_request() are released through the normal backchannel free path after balancing bc_slot_count.  Finally, drain any remaining sv_cb_list requests after the callback threads have stopped and before svc_destroy() frees the service.",Critical,CVE-2026-89546
Test-VL-Linux,linux-image-7.0.0-38-generic,7.0.0-38.38,"In the Linux kernel, the following vulnerability has been resolved: SUNRPC: xdr_buf_trim: clamp buf-&gt;len to avoid underflow xdr_buf_trim() trims `len` bytes from the tail of an xdr_buf by walking the tail, pages, and head iovecs.  Each per-section step uses min_t() so it never removes more bytes than that section holds, but the final accounting at the fix_len label subtracts the total bytes actually consumed from buf-&gt;len without any clamp:     fix_len:             buf-&gt;len -= (len - trim); When the caller has set buf-&gt;len to a value smaller than the sum of the iov_lens, (len - trim) can exceed buf-&gt;len and the unsigned subtraction wraps to near UINT_MAX.  gss_krb5_unwrap_v2() reaches xdr_buf_trim() in exactly that state:     buf-&gt;head[0].iov_len -= GSS_KRB5_TOK_HDR_LEN + headskip;     buf-&gt;len = len - (GSS_KRB5_TOK_HDR_LEN + headskip);     xdr_buf_trim(buf, ec + GSS_KRB5_TOK_HDR_LEN + tailskip); buf-&gt;len is a small wire-derived value while the iov_lens are at page scale, so the per-section loops legitimately consume far more bytes than buf-&gt;len records.  The wrapped buf-&gt;len then propagates as the authoritative stream bound into every downstream XDR decoder. Fix by clamping the decrement so buf-&gt;len bottoms out at zero:     buf-&gt;len -= min_t(unsigned int, buf-&gt;len, len - trim); On the normal path where the iov_lens sum to buf-&gt;len, (len - trim) is always &lt;= buf-&gt;len and the result is identical to before.  No callers change behavior outside the underflow case.",Critical,CVE-2026-89551
Test-VL-Linux,linux-image-7.0.0-38-generic,7.0.0-38.38,"In the Linux kernel, the following vulnerability has been resolved: md/raid10: fix still_degraded being inverted in raid10_sync_request() Commit fe6a19d40ceb (""md/md-bitmap: merge md_bitmap_start_sync() into bitmap_operations"") converted still_degraded from int to bool, but inverted the assignment in the loop that checks whether the array will still be degraded after the current device is recovered: ""still_degraded = 1"" became ""still_degraded = false"". As a result, recovering a device while another mirror is still missing calls md_bitmap_start_sync() with degraded == false, which clears bitmap bits that the still-missing device needs.  When that device is re-added, its bitmap-based recovery finds the bits already cleared and skips every region written while the array was degraded, so it is marked In_sync while holding stale data: silent corruption. Reproducer (raid10 near=2, 4 disks, internal bitmap):  - fail and remove one disk of each mirror pair  - write to the degraded array  - re-add both disks and let recovery finish  - ""check"" reports mismatch_cnt=262272 after 256 MiB of degraded    writes and file contents differ; the second disk's ""recovery""    completes in milliseconds because everything is skipped The same conversion in raid1 got it right (still_degraded = true). Restore the correct value.",Critical,CVE-2026-89558
Test-VL-Linux,linux-image-7.0.0-38-generic,7.0.0-38.38,"In the Linux kernel, the following vulnerability has been resolved: net/x25: fix use-after-free of the socket by its timers The x25 timers are armed with mod_timer() and cancelled with timer_delete(), so a pending timer holds no reference on the socket and a cancel does not wait for a callback already running on another CPU. x25_heartbeat_expiry() also rearms unconditionally, so it can reinstall sk-&gt;sk_timer after __x25_destroy_socket() has passed its cancel point. The following __sock_put() frees the socket while the timer is still queued, and the next expiry uses freed memory.  KASAN reports a slab-use-after-free on the kmalloc-2k object freed by close(). timer_delete_sync() cannot be used here: x25_heartbeat_expiry() and x25_timer_expiry() both reach the cancels from inside the timer they would wait on, through __x25_destroy_socket() and x25_disconnect(). Arm the timers with sk_reset_timer() and cancel them with sk_stop_timer() so that an armed timer owns a reference, and release it in both expiry handlers.  Rearm the heartbeat only while sk_hashed(sk) is still true, since __x25_destroy_socket() unlinks the socket before dropping it.  Arm the deferred destroy timer the same way and drop its reference in x25_destroy_timer(). Reproduced on net with KASAN, with the heartbeat period shortened so the window recurs.  With this patch the reproducer no longer triggers a report and /proc/net/x25 drains. Discovered by XBOW, triaged by Baul Lee &lt;baul.lee@xbow.com&gt;",Critical,CVE-2026-74628
Test-VL-Linux,linux-image-7.0.0-38-generic,7.0.0-38.38,"In the Linux kernel, the following vulnerability has been resolved: smb: client: fix UAF and buffer leak in cifs_check_trans2() for malformed secondary T2 When a valid primary TRANSACT2 response has been received (mid-&gt;resp_buf set, mid-&gt;multiRsp true) and a subsequent secondary response causes cifs_check_trans2() to return false -- either because the SMB header is invalid (malformed != 0) or because check2ndT2() rejects the PDU -- handle_mid() overwrites mid-&gt;resp_buf with the new buffer (leaking the primary buffer) and, because mid-&gt;multiRsp is set, skips the server-&gt;smallbuf/bigbuf NULL-out.  When the user thread frees mid-&gt;resp_buf, server-&gt;smallbuf or server-&gt;bigbuf is left dangling; the demux thread reuses it for the next packet, resulting in a use-after-free. Combine both early-exit conditions and, when mid-&gt;multiRsp is already set, abort the pending transaction inline: set multiEnd, call dequeue_mid() with malformed=true, and return true so handle_mid() exits without touching mid-&gt;resp_buf or the server buffer pointers.",Critical,CVE-2026-89637
Test-VL-Linux,linux-image-7.0.0-38-generic,7.0.0-38.38,"In the Linux kernel, the following vulnerability has been resolved: smb: client: fix ALIGN() overflow in symlink_data() error context loop The check added by commit 7d9a7f1f96cd (""smb/client: fix possible infinite loop and oob read in symlink_data()"") compared the post-ALIGN length against the remaining buffer, but ALIGN() itself can overflow: for ErrorDataLength near UINT32_MAX (e.g. 0xFFFFFFF9), ALIGN(x, 8) wraps to 0, so the subsequent bounds check passes, and the loop advances by zero bytes leaving 'p' pointing into stale data. Fix by checking the raw ErrorDataLength against the remaining space before applying ALIGN(), then checking again after.  Since raw_len is bounded by the buffer, raw_len + 7 cannot overflow, so the second check is an exact post-alignment bounds guard.",Critical,CVE-2026-89634
Test-VL-Linux,linux-image-7.0.0-38-generic,7.0.0-38.38,"In the Linux kernel, the following vulnerability has been resolved: smb: client: clear ce-&gt;tgthint in free_tgts() When free_tgts() frees all structures in ce-&gt;tlist, ce-&gt;tgthint is left pointing to one of the freed cache_dfs_tgt structures. If ce-&gt;tgthint is not reset before it is used later, it results in a use-after-free. Set ce-&gt;tgthint to NULL in free_tgts() after the elements are freed to reflect that no elements remain.",Critical,CVE-2026-89636
Test-VL-Linux,linux-image-7.0.0-38-generic,7.0.0-38.38,"In the Linux kernel, the following vulnerability has been resolved: ceph: bound num_export_targets array for mds info v2/v3 ceph_mdsmap_decode() in fs/ceph/mdsmap.c reads num_export_targets from each per-mds info record and advances the decode cursor by num_export_targets * sizeof(u32) without first checking that many bytes remain. The only upper-bound check that catches a runaway cursor (*p &gt; info_end) is gated on info_v &gt;= 4, because info_end is left NULL for info_v 2 and 3. When the monitor sends an MDS map whose per-mds info version is 2 or 3 with an oversized num_export_targets, the cursor moves past the message front buffer and the later export-targets loop calls the unchecked ceph_decode_32() on out-of-bounds memory. A kernel client processes CEPH_MSG_MDS_MAP from its monitor session (net/ceph/mon_client.c dispatches it; fs/ceph/super.c routes it to ceph_mdsc_handle_mdsmap(), which sets end to the front buffer bound and calls ceph_mdsmap_decode()). A malicious or compromised monitor, or an on-path attacker on an unsigned/unencrypted messenger session, can therefore drive an out-of-bounds read in the client kernel; on x86_64 with KASAN it is reported as a slab-out-of-bounds read in ceph_mdsmap_decode(). The decoded values land in the internal info-&gt;export_targets[] array, so the consequence is a kernel out-of-bounds read, not an information leak to the attacker. Impact: a malicious or compromised Ceph monitor sending an MDS map with a per-mds info version of 2 or 3 and an oversized num_export_targets field triggers an out-of-bounds read in the CephFS client kernel. Add a ceph_decode_need() for the export-targets array before advancing the cursor, so the bound is enforced for every info_v &gt;= 2, not only info_v &gt;= 4. This mirrors the count-then-need idiom already used for m_data_pg_pools later in the same function. Compute the export-targets byte count with size_mul() and reuse that checked length when advancing the cursor, so the attacker-controlled num_export_targets multiplication fails closed on overflow rather than relying on the later kcalloc() guard.",Critical,CVE-2026-89650
Test-VL-Linux,linux-image-7.0.0-38-generic,7.0.0-38.38,"In the Linux kernel, the following vulnerability has been resolved: ceph: bound MDSCapAuth path and fs_name decode in handle_session() handle_session() decodes the MDSCapAuth records carried by a CEPH_SESSION_OPEN message (msg_version &gt;= 6). For each record the match.path and match.fs_name byte strings are read by first decoding a 32-bit length and then copying that many bytes with the bare ceph_decode_copy(). Unlike the surrounding fields, which all use the _safe decode variants, these two copies are not preceded by a ceph_decode_need() bounds check, and the enclosing MDSCapAuth and MDSCapMatch struct_len fields are skipped rather than enforced as an upper bound. A length larger than the bytes remaining in the message front makes ceph_decode_copy() read past the end of the front buffer. The message front is a dedicated allocation (ceph_msg_new2() -&gt; kvmalloc), so the over-read runs off that object. A malicious or compromised MDS can trigger this with the first post-connect message on mount, with no client-side user interaction; under KASAN it is reported as a slab-out-of-bounds read in handle_session(). Impact: a malicious MDS can force the kernel client to read up to 4 GiB past the message front allocation during session setup, crashing the client (out-of-bounds read). Switch both copies to ceph_decode_copy_safe(), which performs the ceph_decode_need() bounds check before the copy and branches to the existing bad label, matching the rest of the decoder and the error path that frees the partially decoded cap_auths array.",Critical,CVE-2026-89651
Test-VL-Linux,linux-image-7.0.0-38-generic,7.0.0-38.38,"In the Linux kernel, the following vulnerability has been resolved: ceph: bound copied dentry name length in NFS export get_name ceph_get_name() copies the MDS-supplied name into the caller's NAME_MAX-sized buffer with memcpy(name, rinfo-&gt;dname, rinfo-&gt;dname_len) and then writes name[rinfo-&gt;dname_len] = 0, without checking dname_len against NAME_MAX. A malicious or buggy MDS that returns a LOOKUPNAME reply with dname_len &gt; NAME_MAX overflows the buffer. __get_snap_name() copies rde-&gt;name / rde-&gt;name_len the same unchecked way. Impact: a malicious or compromised Ceph MDS overflows the NAME_MAX name buffer in a client's NFS-export get_name path, a slab out-of-bounds write reported by KASAN. Reachable when a CephFS mount is re-exported over NFS. Add ceph_export_copy_name(), which rejects lengths above NAME_MAX with -ENAMETOOLONG before the copy, and use it in both ceph_get_name() and __get_snap_name().",Critical,CVE-2026-89652
Test-VL-Linux,linux-image-7.0.0-38-generic,7.0.0-38.38,"In the Linux kernel, the following vulnerability has been resolved: ceph: fix UAF in check_new_map() on session freed during unlock check_new_map() iterates mdsc-&gt;sessions[] and for each active session drops mdsc-&gt;mutex to perform per-session operations.  The forced-close path (rank removed from map) correctly takes a reference on s via ceph_get_mds_session() before releasing mdsc-&gt;mutex, but three other paths do not:   Path A (address changed):  mutex_unlock → mutex_lock(&amp;s-&gt;s_mutex)   Path B (reconnect):        mutex_unlock → send_mds_reconnect(mdsc, s)   Path C (active transition): mutex_unlock → mutex_lock(&amp;s-&gt;s_mutex) Without the extra reference, another thread can acquire mdsc-&gt;mutex during the unlock window, call __unregister_session() which drops the last reference on s, and free it.  The original thread then accesses freed memory via s-&gt;s_mutex. Fix by adding ceph_get_mds_session(s) before each mutex_unlock and ceph_put_mds_session(s) after the corresponding mutex_lock, matching the pattern already used in the forced-close path. Race timeline (Path A):   Thread A (check_new_map)             Thread B (another map update     holds mdsc-&gt;mutex                      or session teardown)   --------------------------           --------------------------   s = mdsc-&gt;sessions[i]   (refcount == 1, held only by    sessions[] array)   mutex_unlock(&amp;mdsc-&gt;mutex)                                ---&gt;    acquires mdsc-&gt;mutex                                        __unregister_session(mdsc, s)                                          sessions[i] = NULL                                          ceph_put_mds_session(s)                                            refcount: 1 -&gt; 0                                            kfree(s)  &lt;--- freed!   mutex_lock(&amp;s-&gt;s_mutex)   UAF on freed s-&gt;s_mutex",Critical,CVE-2026-89654
Test-VL-Linux,linux-image-7.0.0-38-generic,7.0.0-38.38,"In the Linux kernel, the following vulnerability has been resolved: libceph: reject buckets with mismatched CRUSH ids crush_decode() stores bucket data by array slot, and the mapper later derives the per-bucket workspace index from the decoded bucket id. A malformed map can therefore make one bucket reuse another bucket's workspace by encoding an id different from -1 - slot. For uniform buckets, the second replica selection expands the source bucket's permutation into that aliased workspace buffer. If the source bucket is larger than the aliased bucket, the write runs past the smaller permutation array and can escape the kvmalloc'd CRUSH workspace. KASAN reports a slab OOB write of 4 bytes in bucket_perm_choose(). Reject buckets whose encoded id does not match their array slot. Valid CRUSH maps already use the canonical negative id corresponding to the bucket slot, so this restores the invariant expected by work-&gt;work[-1 - in-&gt;id] without changing valid map behavior.",Critical,CVE-2026-89656
Test-VL-Linux,linux-image-7.0.0-38-generic,7.0.0-38.38,"In the Linux kernel, the following vulnerability has been resolved: NFSD: Prevent client use-after-free during NFSv4.0 revoked-state cleanup nfs40_clean_admin_revoked() takes a stateid reference under clp-&gt;cl_lock, drops nn-&gt;client_lock, and calls nfsd4_drop_revoked_stid(), which dereferences the stateid's client through s-&gt;sc_client-&gt;cl_lock.  The stateid reference does not pin the client, so a teardown racing the dropped lock can free the client while nfsd4_drop_revoked_stid() is still using it. This cleanup runs from the laundromat, so a periodic sweep can race force_expire_client() driven by a write to the clients/&lt;id&gt;/ctl file. Skip a client that is already expiring and otherwise pin it with cl_rpc_users under client_lock before dropping the lock, matching nfsd4_revoke_states().",Critical,CVE-2026-89658
Test-VL-Linux,linux-image-7.0.0-38-generic,7.0.0-38.38,"In the Linux kernel, the following vulnerability has been resolved: NFSD: Prevent client use-after-free during admin state revocation A stateid holds only a bare pointer to its nfs4_client; a stateid reference does not pin it.  The client survives only because __destroy_client() drains its stateids before free_client() runs. nfsd4_revoke_states() drops nn-&gt;client_lock across revoke_one_stid(), which dereferences the client to revoke a stateid and read clp-&gt;cl_minorversion.  A teardown racing the dropped lock can free the client first. Pinning cl_rpc_users under client_lock blocks the DESTROY_CLIENTID and EXCHANGE_ID teardown, which refuses while cl_rpc_users is non-zero. force_expire_client() ignores it: once its wait for cl_rpc_users to reach zero has passed, a later pin goes unnoticed. Under client_lock, skip a client whose cl_time is already zero -- force_expire_client() clears it there before waiting -- otherwise pin cl_rpc_users before dropping the lock.  The walk then either sees the expiry and skips, or pins in time for that wait to cover the revoke.",Critical,CVE-2026-89660
Test-VL-Linux,linux-image-7.0.0-38-generic,7.0.0-38.38,"In the Linux kernel, the following vulnerability has been resolved: xfrm: Fix skb double-free in xfrm_dev_direct_output() A return value other than 1 from local_out() means that the skb has been consumed or its ownership was transferred. xfrm_dev_direct_output() nevertheless frees the skb on this path, causing a double-free when netfilter drops the packet and invalidating any other owner. Return the local_out() result directly, matching the ownership handling in xfrm_output_resume().",Critical,CVE-2026-92489
Test-VL-Linux,linux-image-7.0.0-38-generic,7.0.0-38.38,"In the Linux kernel, the following vulnerability has been resolved: NFSD: Prevent lock owner use-after-free during client teardown __destroy_client() releases a client's open owners, but a lock owner whose only reference is a blocked lock (nbl) stays on cl_ownerstr_hashtbl.  client_has_state() does not count a bare owner, so DESTROY_CLIENTID can reach __destroy_client() with such owners present. __destroy_client() then walks the table, calling remove_blocked_locks() on each owner without a reference.  Freeing a blocked lock drops the owner reference held via flc_owner.  The per-net laundromat reaps blocked locks from nn-&gt;blocked_locks_lru independently of client state. The two paths share blocked_locks_lock only for the list splice, not the owner's lifetime.  The laundromat therefore frees the owner as __destroy_client() dereferences it, a NULL dereference in remove_blocked_locks(). nfsd4_release_lockowner() holds a reference across the same call; __destroy_client() does not.  Hold cl_lock across the walk, taking a reference and unhashing each owner, then drop it before remove_blocked_locks() and nfs4_put_stateowner(), which take blocked_locks_lock and cl_lock.",Critical,CVE-2026-89662
Test-VL-Linux,linux-image-7.0.0-38-generic,7.0.0-38.38,"In the Linux kernel, the following vulnerability has been resolved: IB/isert: reject PDUs declaring more data than was received isert_recv_done() hands each received PDU to the opcode handlers without ever looking at wc-&gt;byte_len, the number of bytes the HCA actually placed in the receive descriptor. The handlers then copy that many bytes - the data-segment length the initiator declared in the BHS (ntoh24(hdr-&gt;dlength), via the derived unsol_data_len / imm_data_len) - out of the fixed-size descriptor:   isert_handle_iscsi_dataout():         sg_copy_from_buffer(sg_start, sg_nents, isert_get_data(rx_desc),                             unsol_data_len);   isert_handle_scsi_cmd():         sg_copy_from_buffer(cmd-&gt;se_cmd.t_data_sg, sg_nents,                             isert_get_data(rx_desc), imm_data_len); Because the declared length is never checked against wc-&gt;byte_len, an initiator can declare a data segment larger than the bytes it actually sent (and larger than the descriptor) and cause an out-of-bounds read of the receive buffer. Nothing upstream of isert closes this door:   - __iscsit_check_dataout_hdr() bounds the inbound payload against     conn_ops-&gt;MaxXmitDataSegmentLength (MXDSL) - a transmit parameter,     used here for the inbound check.   - iscsi_set_connection_parameters() sets     ops-&gt;MaxXmitDataSegmentLength = ops-&gt;TargetRecvDataSegmentLength;     and TARGETRECVDATASEGMENTLENGTH is absent from the min()-clamp list in     iscsi_check_acceptor_state(), so the value the initiator declares is     adopted verbatim (type range 512..16777215). The initiator effectively     raises its own ceiling.   - isert never clamps the negotiated value to its own fixed receive     descriptor (ISER_RX_SIZE, 9216 bytes), so the target core's bound and     the descriptor size are unrelated. The imm_data_len == data_len path is more than an over-read: it aliases the receive descriptor via sg_set_buf() and passes it to the backend as the data source for the SCSI WRITE, so an over-declared length causes heap contents past the descriptor to be written through the backend to the backing store. The backend is the victim of the oversized scatterlist isert hands it, not the cause; no read-back of the written bytes was demonstrated. Trigger: after login completes (full feature phase), an initiator that has declared a large TargetRecvDataSegmentLength and a FirstBurstLength that permits unsolicited/immediate data sends a PDU whose declared data-segment length exceeds what was received. With KASAN:   BUG: KASAN: slab-out-of-bounds in sg_copy_buffer+0x150/0x1c0   Read of size 4096 at addr ffff888109720800 by task kworker/1:0H/25   Workqueue: ib-comp-wq ib_cq_poll_work   Call Trace:    sg_copy_buffer+0x150/0x1c0    isert_recv_done+0xba6/0x2390    __ib_process_cq+0xe1/0x390    ib_cq_poll_work+0x46/0x150 isert_recv_done+0xba6 resolves to isert_handle_iscsi_dataout() (ib_isert.c:1160), inlined through isert_rx_opcode(). Validate wc-&gt;byte_len against the framing in isert_recv_done() before the PDU reaches any handler, and reinstate the connection if it is short. Because the test compares without subtracting the header length, it also rejects PDUs shorter than the iSER and iSCSI headers, which would otherwise be parsed out of stale descriptor contents. The login handler rejects PDUs shorter than ISER_HEADERS_LEN (commit 29e7b925ae6d (""IB/isert: Reject login PDUs shorter than ISER_HEADERS_LEN"")) but does not bound the declared length either; that is fixed in the next patch. The data handlers had no length check at all. isert reads the data segment from a fixed offset: isert_get_data() returns the iSER header plus ISER_HEADERS_LEN and makes no adjustment for an AHS.  The bytes the handlers touch are therefore exactly [ISER_HEADERS_LEN, ISER_HEADERS_LEN + dlength), and comparing that sum against wc-&gt;byte_len bounds precisely the region that is read.  An AHS term would only make the test stricter without bounding anything furth ---truncated---",Critical,CVE-2026-90414
Test-VL-Linux,linux-image-7.0.0-38-generic,7.0.0-38.38,"In the Linux kernel, the following vulnerability has been resolved: nfsd: initialize copy-notify stateid before publishing it nfsd4_copy_notify() finished initializing the cpntf state after nfs4_alloc_init_cpntf_state() had already linked it into the s2s_cp_stateids IDR and the parent's sc_cp_list, with cs_count == 1 (the membership reference) and none held for the caller. A racing OFFLOAD_CANCEL (crafted cl_id == nn-&gt;s2s_cp_cl_id plus the guessable so_id) could reach manage_cpntf_state() and free the entry, turning the caller's subsequent cpn_cnr_stateid read and cp_p_stateid/cp_p_clid writes into use-after-free. The owning clientid was also only recorded after publication, so it could not gate an ownership check in that window. Record cp_p_stateid and cp_p_clid inside nfs4_alloc_init_cpntf_state() before nfs4_init_cp_state() publishes the entry, and return it with an extra reference. The caller reads the stateid under that reference and drops it with nfs4_put_cpntf_state(); on a late error the laundromat reaps the entry.",Critical,CVE-2026-89669
Test-VL-Linux,linux-image-7.0.0-38-generic,7.0.0-38.38,"In the Linux kernel, the following vulnerability has been resolved: nfsd: gate nfs3 setacl by argp-&gt;mask nfsd3_proc_setacl() calls set_posix_acl() unconditionally for both ACL_TYPE_ACCESS and ACL_TYPE_DEFAULT, passing argp-&gt;acl_access and argp-&gt;acl_default verbatim. The NFSv3 ACL decoder only populates those pointers when the corresponding mask bit is set:     nfs3svc_decode_setaclargs()       if (args-&gt;mask &amp; NFS_ACL)    decode into acl_access       if (args-&gt;mask &amp; NFS_DFACL)  decode into acl_default       /* otherwise the pointer stays NULL (pc_argzero) */     nfsd3_proc_setacl()       set_posix_acl(.., ACL_TYPE_ACCESS,  argp-&gt;acl_access)       set_posix_acl(.., ACL_TYPE_DEFAULT, argp-&gt;acl_default) set_posix_acl(idmap, dentry, type, NULL) is the VFS ""remove this ACL type"" operation. A NULL pointer that means ""the client did not send this arm"" is therefore indistinguishable from ""the client asked to remove this ACL"". A SETACL with mask=NFS_ACL silently drops the directory's default ACL; mask=0 drops both. The sibling nfsd3_proc_getacl() already consults argp-&gt;mask before touching each arm; mirror that in setacl. Fix by wrapping each set_posix_acl() call in the matching mask bit check and initializing error to 0 before inode_lock so that a request with neither bit set leaves the on-disk ACLs untouched and returns nfs_ok. The out_drop_lock path and the unconditional posix_acl_release() at out: are preserved; both NULL-tolerate the skipped arms.",Critical,CVE-2026-89671
Test-VL-Linux,linux-image-7.0.0-38-generic,7.0.0-38.38,"In the Linux kernel, the following vulnerability has been resolved: nfsd: fix XDR length calculation in nfsd4_ff_encode_layoutget The XDR buffer size calculation in nfsd4_ff_encode_layoutget() has multiple errors that can result in either an out-of-bounds write or leaking uninitialized kernel memory to the client:  - fh_len doesn't account for XDR padding on the file handle data  - uid and gid lengths use ""8 + len"" but xdr_encode_opaque() actually    writes ""4 + xdr_align_size(len)"" bytes  - ds_len omits the flags and stats_collect_hint fields (8 bytes),    while len's header constant overestimates by 8 bytes -- these    partially cancel but leave a net mismatch The worst case occurs with short strings (e.g. uid=0, gid=0 with an odd-sized file handle), where the function writes up to 5 bytes past the reserved XDR buffer. Conversely, when string lengths happen to be 4-byte aligned, the reservation is too large and stale buffer content is sent to the client. Fix this by breaking out every encoded field explicitly in the ds_len calculation, using xdr_align_size() for all variable-length opaque fields, and correcting the header constants.",Critical,CVE-2026-89674
Test-VL-Linux,linux-image-7.0.0-38-generic,7.0.0-38.38,"In the Linux kernel, the following vulnerability has been resolved: nfsd: fix stale s2s_cp_stateids IDR entry for async COPY For an async COPY, nfsd4_copy() called nfs4_init_copy_state() before dup_copy_fields(), so the s2s_cp_stateids IDR was pointed at &amp;u-&gt;copy-&gt;cp_stateid -- memory in the per-rqstp COMPOUND buffer that is reused by the next request. dup_copy_fields() copies only the value into async_copy, so the IDR slot dangled at the transient buffer for the whole background copy. Any IDR walker then dereferences reused request memory: the laundromat reads cs_type from it and, if the bytes look like an expired NFS4_COPYNOTIFY_STID, follows into refcount_dec()/idr_remove()/kfree() on garbage; manage_cpntf_state() has the same exposure via idr_find(). Duplicate the fields first, then register the stateid on the stable async_copy. result-&gt;cb_stateid is unchanged.",Critical,CVE-2026-89676
Test-VL-Linux,linux-image-7.0.0-38-generic,7.0.0-38.38,"In the Linux kernel, the following vulnerability has been resolved: nfsd: fix BUG_ON in nfsd4_alloc_layout_stateid on racing delegation revoke nfsd4_alloc_layout_stateid reads fp-&gt;fi_deleg_file without holding fi_lock when the parent stateid is a delegation. A concurrent delegation revoke via the laundromat can clear fi_deleg_file under fi_lock, causing nfsd_file_get() to return NULL and triggering the BUG_ON. This race is client-reachable: two NFS clients can trigger it by having one hold a delegation while another opens the same file to force a recall. When the first client doesn't respond to the recall, the laundromat revokes it. A concurrent LAYOUTGET from any client using the delegation stateid hits the race window. Fix this by taking fi_lock around the fi_deleg_file read in the SC_TYPE_DELEG path, matching the locking discipline of the find_any_file() arm, and replacing the BUG_ON with a graceful error return that cleans up the partially-initialized layout stateid.",Critical,CVE-2026-89686
Test-VL-Linux,linux-image-7.0.0-38-generic,7.0.0-38.38,"In the Linux kernel, the following vulnerability has been resolved: nfsd: add fh_want_write() for early-verified SETATTR in nfsd_proc_setattr() The BOTH_TIME_SET branch calls fh_verify() early so setattr_prepare() can inspect the dentry. This causes nfsd_setattr() to skip fh_want_write(), so notify_change() runs without a mount write reference. Add the missing fh_want_write() call after the early fh_verify().",Critical,CVE-2026-89697
Test-VL-Linux,linux-image-7.0.0-38-generic,7.0.0-38.38,"In the Linux kernel, the following vulnerability has been resolved: KVM: arm64: Handle negative S1 walk levels in VNCR TLB size evaluation Computing the effects of a TLB invalidation involves looking at the size of the mapping cached by the TLB. For S1 mappings such as VNCR, this is deducted from the combination of the base granule size and the mapping level. However, this implies that the S1 MMU is *on*. When the MMU is off, we indicate this with the level being set to a ""creative"" value of -127 (S1_MMU_DISABLED). This ends-up being misinterpreted by pgshift_level_to_ttl() as it doesn't handle negative levels at all (the level is immediately cast to a u8 and only the bottom two bits considered), leading to an invalidation size of 0. Not helpful. Tidy-up pgshift_level_to_ttl() to handle these negative levels, and ttl_to_size() to always return SZ_1G when no valid TTL is present. This allows the removal of open-coded checks for similar situations. Note that the check for a negative value not explicitely checking for S1_MMU_DISABLED is deliberate, so that actual negative levels introduced with LVA2 and D128 can take the same path if we ever support them.",Critical,CVE-2026-89775
Test-VL-Linux,linux-image-7.0.0-38-generic,7.0.0-38.38,"In the Linux kernel, the following vulnerability has been resolved: NFSD: check truncate permission under inode lock nfsd_setattr() checks whether a size update needs NFSD_MAY_TRUNC before it takes inode_lock(). The comparison uses the file size sampled by that unlocked read, but the actual ATTR_SIZE update is applied later under inode_lock() by notify_change(). This leaves a TOCTOU window for append-only files. If a client sends a SETATTR that does not shrink the file at the time of the unlocked sample, a concurrent append can extend the file before nfsd_setattr() takes inode_lock(). notify_change() then applies a real truncation without the NFSD_MAY_TRUNC check that rejects IS_APPEND(inode). The VFS truncate syscall paths perform their own append-only checks before calling notify_change(), so NFSD must make this decision against the locked size it is about to change. Split the write-count acquisition from the truncation permission check. Keep get_write_access() before the locked setattr work, then recheck whether the requested size is below i_size_read(inode) after inode_lock() has been acquired and before notify_change(ATTR_SIZE). This also avoids the plain unlocked inode-&gt;i_size load.",Critical,CVE-2026-89713
Test-VL-Linux,linux-image-7.0.0-38-generic,7.0.0-38.38,"In the Linux kernel, the following vulnerability has been resolved: um: vector: fix use-after-free in vector_mmsg_rx() When vector_mmsg_rx() discards a packet whose overlay header fails verify_header(), it frees the skb and continues the loop: 	if (header_check &lt; 0) { 		dev_kfree_skb_irq(skb); 		vp-&gt;estats.rx_encaps_errors++; 		continue; 	} The normal and short-packet paths fall through to the bottom of the loop body, which clears the consumed slot and advances the cursors: 	(*skbuff_vector) = NULL; 	mmsg_vector++; 	skbuff_vector++; The verify_header() &lt; 0 path skips that via continue, so the freed skb is left in skbuff_vector[] and the cursors do not advance. The next iteration reads the same slot, gets the freed skb, and frees it again, producing a refcount underflow / use-after-free in the RX path. Discard the slot the same way the other paths do before continuing. Only transports whose verify_header() can return negative are affected: GRE and L2TPv3 do so on a cookie/session-id mismatch (raw/tap do not), so any peer on such a transport can trigger it without authentication.",Critical,CVE-2026-74478
Test-VL-Linux,linux-image-7.0.0-38-generic,7.0.0-38.38,"In the Linux kernel, the following vulnerability has been resolved: s390/vfio_ccw: Limit the number of channel program segments The processing of channel programs, and the CCWs within them, is done recursively. As such, there is an arbitrary (but not architectural) limit to the number of CCWs that can exist in a single channel program. The vfio-ccw logic breaks these channel programs into segments whenever it encounters a Transfer-In-Channel (TIC) CCW, and the combined number of segments count towards the global limit. Impose an equivalent limit to the number of segments until such logic can be made non-recursive.",Critical,CVE-2026-80554
Test-VL-Linux,linux-image-7.0.0-38-generic,7.0.0-38.38,"In the Linux kernel, the following vulnerability has been resolved: ceph: avoid fs reclaim while using current-&gt;journal_info handle_reply() stores a `ceph_mds_request` pointer in `current-&gt;journal_info` while filling the inode and dentry cache from an MDS reply. An allocation in this section can enter direct reclaim and prune dentries from another filesystem.  If this dirties an ext4 inode, ext4 starts a JBD2 transaction.  JBD2 interprets the Ceph request in `current-&gt;journal_info` as a journal handle and dereferences the request's `r_tid` as `h_transaction`, causing a kernel crash, e.g.:  Unable to handle kernel paging request at virtual address 00000000077b4818  [...]  Internal error: Oops: 0000000096000004 [#1]  SMP  Modules linked in:  CPU: 6 UID: 0 PID: 2699135 Comm: kworker/6:3 Tainted: G        W 6.18.38-i3 #1113 NONE  [...]  Workqueue: ceph-msgr ceph_con_workfn  pstate: 80400009 (Nzcv daif +PAN -UAO -TCO -DIT -SSBS BTYPE=--)  pc : jbd2__journal_start+0x2c/0x208  lr : __ext4_journal_start_sb+0x100/0x178  [...]  Call trace:   jbd2__journal_start+0x2c/0x208 (P)   __ext4_journal_start_sb+0x100/0x178   ext4_dirty_inode+0x3c/0x90   __mark_inode_dirty+0x58/0x400   iput.part.0+0x2b0/0x370   iput+0x18/0x30   dentry_unlink_inode+0xc0/0x158   __dentry_kill+0x80/0x250   shrink_dentry_list+0x90/0x130   prune_dcache_sb+0x60/0x98   super_cache_scan+0xe8/0x190   do_shrink_slab+0x174/0x388   shrink_slab+0xd8/0x4c0   shrink_node+0x31c/0x908   do_try_to_free_pages+0xd0/0x508   try_to_free_pages+0x11c/0x238   __alloc_frozen_pages_noprof+0x4d0/0xdd0   __folio_alloc_noprof+0x18/0x70   __filemap_get_folio+0x248/0x440   ceph_readdir_prepopulate+0x570/0x9e8   mds_dispatch+0x1424/0x1ba0   ceph_con_process_message+0x74/0xa0   ceph_con_v1_try_read+0x3a0/0x1510   ceph_con_workfn+0x260/0x460 Enter a scoped NOFS allocation context and leave it after clearing `journal_info`.  This prevents filesystem reclaim from recursing into another filesystem while the field contains Ceph-private data.",Critical,CVE-2026-80528
Test-VL-Linux,linux-image-7.0.0-38-generic,7.0.0-38.38,"In the Linux kernel, the following vulnerability has been resolved: xfrm6: fix out-of-bounds write in xfrm6_input_addr() when secpath is full The depth check in xfrm6_input_addr() is off by one:   if (1 + sp-&gt;len == XFRM_MAX_DEPTH)           goto drop;   ...   sp-&gt;xvec[sp-&gt;len++] = x; xfrm_input() can leave sp-&gt;len == XFRM_MAX_DEPTH, and the transport-mode receive path re-enters IPv6 input via xfrm_trans_reinject() with that secpath preserved. If the inner packet carries a destination-options HAO option or a type-2 routing header, xfrm6_input_addr() is called with sp-&gt;len == XFRM_MAX_DEPTH; the check (1 + 6 == 6) is false, so sp-&gt;xvec[sp-&gt;len++] writes one slot past the 6-element xvec[]. The write stays within the sec_path allocation (invisible to KASAN); UBSAN_BOUNDS flags it and panics under panic_on_warn. Use ""sp-&gt;len &gt;= XFRM_MAX_DEPTH"", matching xfrm_input(). This also restores one chain level the old check rejected at sp-&gt;len == 5.   UBSAN: array-index-out-of-bounds in net/ipv6/xfrm6_input.c:309:10   index 6 is out of range for type 'xfrm_state *[6]'",Critical,CVE-2026-89783
Test-VL-Linux,linux-image-7.0.0-38-generic,7.0.0-38.38,"In the Linux kernel, the following vulnerability has been resolved: ksmbd: fix tree connection use-after-free in smb2_tree_connect() ksmbd_tree_conn_connect() publishes a new tree connection in sess-&gt;tree_conns with a single reference and returns its pointer to smb2_tree_connect(). The handler continues to initialize the object and build the response after publication. A concurrent session logoff can erase the connection and drop that reference, freeing the object while the handler still uses it. BUG: KASAN: slab-use-after-free in smb2_tree_connect+0xe3d/0xf90   smb2_tree_connect (fs/smb/server/smb2pdu.c:2872)   handle_ksmbd_work   process_one_work   worker_thread   kthread After xa_store() succeeds, take a second reference before releasing tree_conns_lock. The original reference belongs to the xarray entry and the second belongs to the creating smb2_tree_connect() handler. Keep the references balanced in every path: - On normal exit or an error after publication, smb2_tree_connect()   drops its creator reference. Error cleanup also calls   ksmbd_tree_conn_disconnect(), which drops the xarray reference only if   it removes the exact entry. - SMB2 TREE_DISCONNECT uses the same helper to remove the entry and drop   its xarray reference. The request's existing lookup reference remains   owned by the request and is released by the existing cleanup. - Session LOGOFF removes each entry and drops its xarray reference. If   it wins the race, later cleanup sees that the entry is gone and does   not drop that reference again. To enforce this ownership, claim the disconnected state and erase the exact entry atomically under tree_conns_lock. This guarantees one drop for the xarray reference and one drop by each in-flight user, regardless of which teardown path wins. If logoff removes the entry before initialization completes, fail the connect instead of marking the detached object TREE_CONNECTED.",Critical,CVE-2026-89788
Test-VL-Linux,linux-image-7.0.0-38-generic,7.0.0-38.38,"In the Linux kernel, the following vulnerability has been resolved: ceph: reject export_targets ranks &gt;= CEPH_MAX_MDS in mdsmap decode MDSMap export_targets entries are monitor controlled. check_new_map() uses each entry as a bit number in a fixed stack bitmap, so a rank outside the protocol namespace can make set_bit() write past the end of the array. Reject ranks outside CEPH_MAX_MDS while decoding the map. Do not validate against possible_max_rank here because maps may legitimately reference ranks beyond a temporarily reduced max_mds.",Critical,CVE-2026-89653
Test-VL-Linux,linux-image-7.0.0-38-generic,7.0.0-38.38,"In the Linux kernel, the following vulnerability has been resolved: NFSv4: remove callback IDR entry on client allocation failure nfs4_alloc_client() allocates an NFSv4.0 callback identifier before it finishes setting up the client. If any later initialization step fails, the error path frees the nfs_client directly with nfs_free_client(). That bypasses nfs_put_client(), which is where the callback IDR entry is removed during normal teardown. A failed allocation can therefore leave cb_ident_idr pointing at a freed nfs_client. A later NFSv4.0 callback lookup by cb_ident would find the stale pointer and take a reference to it. Make the callback IDR removal helper callable by the allocation failure path, and remove the callback identifier before freeing the client. This was found by a local static-analysis checker for publish-before-free lifetime bugs and confirmed by manual inspection.",Critical,CVE-2026-90151
Test-VL-Linux,linux-image-7.0.0-38-generic,7.0.0-38.38,"In the Linux kernel, the following vulnerability has been resolved: SUNRPC: harden gss_krb5_unwrap_v2 against short tokens gss_krb5_unwrap_v2() reads the EC and RRC header fields at ptr+4 and ptr+6 before validating that the token is at least GSS_KRB5_TOK_HDR_LEN (16) bytes long, and its rotate_left() helper passes buf-&gt;len - base to xdr_buf_subsegment() without verifying that base &lt;= buf-&gt;len. When a caller hands in a sub-16-byte token, or a token whose declared len leaves base past the end of the buffer, three distinct failures follow:     gss_krb5_unwrap_v2(offset, len, buf)       ptr = buf-&gt;head[0].iov_base + offset       ec  = *(ptr + 4)              /* OOB read on short head */       rrc = *(ptr + 6)              /* OOB read on short head */       rotate_left(offset + 16, buf, rrc)         xdr_buf_subsegment(buf, &amp;subbuf,                            base, buf-&gt;len - base)   /* u32 wrap when base &gt; len */         _rotate_left(&amp;subbuf, shift)           shift %= buf-&gt;len         /* divide-by-zero when base == len */ After decryption, the cleanup arithmetic has the same shape:     movelen = min_t(unsigned int, buf-&gt;head[0].iov_len, len);     movelen -= offset + GSS_KRB5_TOK_HDR_LEN + headskip;     BUG_ON(offset + GSS_KRB5_TOK_HDR_LEN + headskip + movelen &gt;                                             buf-&gt;head[0].iov_len); The BUG_ON re-adds the value just subtracted, so it reduces to min(A, B) &gt; A and is permanently false; it cannot catch the unsigned underflow of movelen, which then drives a ~UINT_MAX-byte memmove(). Add four defense-in-depth guards inside the unwrap core so it is safe regardless of what its callers validate:   - reject tokens with len - offset &lt; GSS_KRB5_TOK_HDR_LEN before     touching ptr+4/ptr+6;   - bail from rotate_left() when buf-&gt;len &lt;= base, covering both the     underflow and zero-length cases;   - return early from _rotate_left() when buf-&gt;len is zero, so the     shift %= buf-&gt;len modulo cannot fault;   - replace the dead BUG_ON with a live check that returns     GSS_S_DEFECTIVE_TOKEN before the movelen subtraction.",Critical,CVE-2026-89542
Test-VL-Linux,linux-image-7.0.0-38-generic,7.0.0-38.38,"In the Linux kernel, the following vulnerability has been resolved: NFSD: restart ssc_expire_umount walk after dropping nfsd_ssc_lock nfsd4_ssc_expire_umount() walks nn-&gt;nfsd_ssc_mount_list with list_for_each_entry_safe(ni, tmp, ...).  For each expired entry it sets nsui_busy = true, drops nfsd_ssc_lock to run mntput() on the source vfsmount, then reacquires the lock to list_del + kfree the entry and continue iterating via the macro's saved tmp pointer. The nsui_busy flag protects the current ni from concurrent nfsd4_ssc_setup_dul() finders during the lock-drop window, but it does not pin tmp.  Another nfsd RPC thread that fails its source- server mount and reaches nfsd4_ssc_cancel_dul() will, during that same window, take nfsd_ssc_lock, list_del + kfree its own ssc_umount item, and release the lock.  If that item is the saved tmp of the expire walk, the next iteration dereferences a freed nfsd4_ssc_umount_item. Restart the walk from the head after the mntput() unlock window so no saved next pointer survives the lock-drop.  The list is bounded by the number of active inter-server source mounts (typically small) and the expire delayed-work runs periodically rather than per-IO, so the restart is cheap.",Critical,CVE-2026-89712
Test-VL-Linux,linux-image-7.0.0-38-generic,7.0.0-38.38,"In the Linux kernel, the following vulnerability has been resolved: veth: fix skb length accounting after XDP frag adjustment veth exposes non-linear skb fragments through an xdp_buff. If an XDP program adjusts the fragment area, veth_xdp_rcv_skb() copies xdp_frags_size back to skb-&gt;data_len but leaves skb-&gt;len containing the old fragment contribution. After a fragment shrink, this makes skb_headlen() larger than the actual linear area. In the reproduced UDP receive path, __skb_datagram_iter() copied 1024 bytes past the actual linear tail to userspace, starting at struct skb_shared_info. The copied bytes included the affected skb's nr_frags, xdp_frags_size, and a kernel pointer from skb_shinfo(skb)-&gt;frags[0]. Real packet data was displaced by the same amount and truncated at the end. Subtract the old data_len before replacing it and add the new data_len afterwards, keeping skb-&gt;len and skb-&gt;data_len synchronized. Additionally, bpf_xdp_pull_data() can advance data_end while leaving frags present. The skb is then still non-linear, so the old __skb_put(skb, off) triggers SKB_LINEAR_ASSERT(). Use skb_set_tail_pointer() and update skb-&gt;len explicitly instead, following bpf_prog_run_generic_xdp(). Unlike __skb_put(), skb_set_tail_pointer() does not require a linear skb. A 60000-byte UDP datagram on a veth pair with MTU 64000 was shortened by 1024 bytes from its fragment area. Before the fix, all 10 runs produced corrupted payloads. After the fix, all 10 runs matched the expected payload exactly. A forced-tailroom reproducer also exercises bpf_xdp_pull_data() with frags still present; the old code triggers SKB_LINEAR_ASSERT(), while this fix passes 10/10 runs.",Critical,CVE-2026-74612
Test-VL-Linux,linux-image-7.0.0-38-generic,7.0.0-38.38,"In the Linux kernel, the following vulnerability has been resolved: KVM: arm64: Sign-extend VA for range-based TLBI invalidation When the decode_range_tlbi() helper was moved to be used for S1 TLBIs, the required sign extension was omitted. Add it. As a result, special care must be taken to not overflow PA bits when this is used for S2 invalidation.",Critical,CVE-2026-89914
Test-VL-Linux,linux-image-7.0.0-38-generic,7.0.0-38.38,"In the Linux kernel, the following vulnerability has been resolved: nvmet-tcp: fix out-of-bounds write when receiving an over-long PDU nvmet_tcp_try_recv_pdu() reads a PDU header into the fixed 128-byte queue-&gt;pdu union, then computes the remaining payload length as 	queue-&gt;left = hdr-&gt;hlen - queue-&gt;offset + hdgst; and reads that many more bytes into &amp;queue-&gt;pdu + queue-&gt;offset, without ever bounding the result against sizeof(queue-&gt;pdu). A struct nvme_tcp_icreq_pdu is itself 128 bytes, exactly the size of the union. Once a header digest has been negotiated (hdgst = 4), a second ICReq passes the hlen == nvmet_tcp_pdu_size() check but yields queue-&gt;left = 128 - 8 + 4 = 124, so bytes 8..132 are written into the 128-byte buffer -- 4 bytes past its end, over queue-&gt;hdr_digest and queue-&gt;data_digest. Those bytes are attacker-controlled (an ICReq carries no digest), and the duplicate ICReq is only rejected later, after the overflow. A remote unauthenticated host can thus corrupt kernel memory adjacent to the receive buffer. Reject any PDU whose declared length would read past the end of queue-&gt;pdu before the second recv.",Critical,CVE-2026-89969
Test-VL-Linux,linux-image-7.0.0-38-generic,7.0.0-38.38,"In the Linux kernel, the following vulnerability has been resolved: nvmet-auth: Synchronize timeout work during SQ teardown nvmet_auth_sq_free() cancels auth_expired_work with cancel_delayed_work(). If the work has already started, cancellation does not wait for the callback. Transport teardown can consequently free or reuse the queue containing struct nvmet_sq while nvmet_auth_expired_work() still accesses that SQ. Add a teardown-specific helper that synchronously drains the delayed work before freeing authentication state, and use it from nvmet_sq_destroy(). Keep the non-synchronous helper for in-band authentication state cleanup, where the SQ owner remains alive.",Critical,CVE-2026-89970
Test-VL-Linux,linux-image-7.0.0-38-generic,7.0.0-38.38,"In the Linux kernel, the following vulnerability has been resolved: nvme: add missing SRCU grace period in error path nvme_alloc_ns() error path at out_unlink_ns removes ns from the namespace head siblings list with list_del_rcu(&amp;ns-&gt;siblings) but does not wait for SRCU readers before freeing the namespace struct. Multipath code iterates the head-&gt;list under srcu_read_lock() in nvme_find_path() and nvme_mpath_revalidate_paths(), so a concurrent reader can still hold a reference to ns when kfree(ns) runs. The normal removal path in nvme_ns_remove() correctly calls synchronize_srcu(&amp;ns-&gt;head-&gt;srcu) after list_del_rcu() to wait for in-progress readers. Add the same grace period in the error path.",Critical,CVE-2026-89972
Test-VL-Linux,linux-image-7.0.0-38-generic,7.0.0-38.38,"In the Linux kernel, the following vulnerability has been resolved: svcrdma: Reject inline replies that overflow the pull-up buffer An RPC-over-RDMA client can request a reply, such as an NFS READ payload, without providing a Write list or a Reply chunk to carry it. When such a reply needs more scatter/gather entries than the device's Send Queue supports, svc_rdma_pull_up_needed() selects pull-up and svc_rdma_pull_up_reply_msg() linearizes the whole reply into sctxt-&gt;sc_xprt_buf. That buffer is only sc_max_req_size bytes, while the reply on this path is bounded only by the client's request, so svc_rdma_xb_linearize() copies past the end of the buffer and corrupts adjacent slab memory. The oversized length is then stored in sc_sges[0].length and posted, so the device also reads beyond the mapped region. The SGE-exhaustion branch is the only pull-up path that can exceed the buffer: the threshold branch pulls up only replies smaller than RPCRDMA_PULLUP_THRESH, and replies that fit the device's SGE budget are sent directly without linearization. Make svc_rdma_pull_up_needed() report -E2BIG when the reply it would pull up cannot fit sc_max_req_size, and fail the request with ERR_CHUNK as RFC 8166 Section 4.5.3 directs rather than dropping the connection. The helper no longer answers a simple yes/no question: it now reports pull-up, no pull-up, or -E2BIG for a reply too large to linearize. Rename svc_rdma_pull_up_needed() to svc_rdma_check_pull_up() so its name no longer implies a boolean predicate.",Critical,CVE-2026-89530
Test-VL-Linux,linux-image-7.0.0-38-generic,7.0.0-38.38,"In the Linux kernel, the following vulnerability has been resolved: ceph: lock mutex in ceph_mds_check_access() MDS session OPEN handling replaces mdsc-&gt;s_cap_auths under mdsc-&gt;mutex, freeing the previous array and its strings. ceph_mds_check_access() traverses this array without holding the mutex.  A concurrent session reopen can therefore free the array while it is being inspected, resulting in a use-after-free like this:   Unable to handle kernel paging request at virtual address 003aaad64b2c8bb9   [...]   Internal error: Oops: 0000000096000004 [#1]  SMP   Modules linked in:   CPU: 56 UID: 2953037534 PID: 1253231 Comm: php-cgi8.4 Not tainted 6.18.45-i2-ampere #1146 NONE   [..]   pc : ceph_mds_check_access+0xd4/0x550   lr : ceph_mds_check_access+0xc8/0x550   [...]   Call trace:    ceph_mds_check_access+0xd4/0x550 (P)    ceph_atomic_open+0x138/0xbe8    path_openat+0xa24/0xfa8    do_filp_open+0x94/0x158    do_sys_openat2+0x88/0xf8",Critical,CVE-2026-89990
Test-VL-Linux,linux-image-7.0.0-38-generic,7.0.0-38.38,"In the Linux kernel, the following vulnerability has been resolved: inet: frags: publish queues before arming timer inet_frag_create() arms the fragment queue timer before inserting the queue into the fqdir rhashtable. If the namespace fragment timeout is zero or negative, the timer can run before the queue is published. The timer callback then marks the queue complete, tries to remove a node that is not in the hash table yet, and drops the anticipated hash reference. Creation can subsequently publish the completed queue without restoring that reference, leaving a stale hash node after the caller drops the remaining reference. Publish the queue first and arm the timer while holding the queue lock. This makes timer expiry wait until the queue is visible in the hash table, so inet_frag_kill() can remove the node and balance the hash reference.",Critical,CVE-2026-74662
Test-VL-Linux,linux-image-7.0.0-38-generic,7.0.0-38.38,"In the Linux kernel, the following vulnerability has been resolved: nvmet: fix heap out-of-bounds read in nvmet_auth_negotiate() nvmet_execute_auth_send() allocates the DH-HMAC-CHAP message buffer with the host-supplied transfer length (tl) and hands it to nvmet_auth_negotiate() without passing tl along. nvmet_auth_negotiate() then reads the negotiate header and, for each of the halen hash identifiers and dhlen DH group identifiers, indexes into the fixed idlist[60] array (hashes at idlist[0..halen), groups at idlist[30..]). Neither the transfer length nor halen/dhlen is validated. A malicious or non-conformant host can report a tl smaller than the negotiate structure, or a halen/dhlen larger than the array (both are u8, up to 255), making the loops read past the end of the allocated buffer (heap out-of-bounds read). The sibling nvmet_auth_reply() already validates tl against the structure size; the negotiate path did not. Pass tl into nvmet_auth_negotiate(), reject a tl that does not cover the negotiate data plus one full protocol descriptor, and reject halen/dhlen larger than NVME_AUTH_DHCHAP_MAX_DH_IDS.",Critical,CVE-2026-90230
Test-VL-Linux,linux-image-7.0.0-38-generic,7.0.0-38.38,"In the Linux kernel, the following vulnerability has been resolved: NFSD: Prevent client use-after-free during close_lru reaping An nfs4_openowner left on nn-&gt;close_lru after its final CLOSE keeps its last closed stateid in oo_last_closed_stid, holding only a raw pointer to its nfs4_client. The laundromat reaps timed-out entries, drops nn-&gt;client_lock, and calls nfs4_put_stid(), which dereferences the client through cl_lock. Nothing pins the client across that window, so a concurrent force_expire_client() can free it and nfs4_put_stid() reads freed memory. __destroy_client() hits the same race, walking clp-&gt;cl_openowners without cl_lock. Pin the client with cl_rpc_users before dropping client_lock, and skip clients already expiring. __destroy_client() then cleans up its own close_lru entries through release_last_closed_stateid(), so teardown no longer races the laundromat.",Critical,CVE-2026-90037
Test-VL-Linux,linux-image-7.0.0-38-generic,7.0.0-38.38,"In the Linux kernel, the following vulnerability has been resolved: ceph: properly decrypt filenames in vmalloc() buffers The fscrypt subsystem uses the scatterlist crypto API, inheriting its requirement that any buffers are in the linear mapping region. However, the messenger client uses kvmalloc() to create buffers for messages, which will occasionally place those buffers in the vmalloc() region when physical memory fragmentation doesn't permit a large enough kmalloc(). The various callers of ceph_fname_to_usr() directly pass (slices of) raw messages from the MDS without considering that the messages may be in vmalloc() buffers, resulting in oopses especially on non-x86 platforms (see 'Closes:' for more details and a reproducer). Make ceph_fname_to_usr() explicitly tolerant of vmalloc()-allocated fname-&gt;ctext, fname-&gt;name, and/or oname-&gt;name buffers, using `tname` (which, when non-null, must be a linear address; when null, is briefly allocated as necessary) as a bounce buffer to avoid passing any inappropriate addresses to fscrypt_fname_disk_to_usr(). Additionally change parse_reply_info_readdir() -- the only function to supply its own `tname` -- to follow the new ""tname must never come from vmalloc()"" rule by passing NULL when the message is not in the linear region. Though this causes a per-dentry kmalloc()+kfree(), this overhead exists only when processing the minority of messages that spill into vmalloc(). My (crude) testing puts this at only about 1 in 8,000 readdir messages. Still, if the overhead proves unreasonable in the future, it is easy enough to mitigate: a future change could allocate a bounce buffer in parse_reply_info_readdir() and use that as `tname` instead.",Critical,CVE-2026-90042
Test-VL-Linux,linux-image-7.0.0-38-generic,7.0.0-38.38,"In the Linux kernel, the following vulnerability has been resolved: fs/ntfs3: fix slab-out-of-bounds write in ni_create_attr_list() ni_create_attr_list() allocates a fixed buffer of al_aligned(record_size) (== record_size) bytes and then walks every attribute of the primary MFT record, writing one ATTR_LIST_ENTRY per attribute and advancing the cursor by le_size(name_len), with no check against the end of the buffer; the total size is only computed after the loop. A minimum-size resident attribute occupies SIZEOF_RESIDENT (0x18 = 24) bytes on disk, but an unnamed attribute expands to le_size(0) (0x20 = 32) bytes in the list.  Because the number of attributes in a record is not bounded (mi_enum_attr() accepts arbitrarily many equal-type, nameless minimum-size attributes), a crafted record packed with such attributes produces a list larger than record_size and overflows the heap buffer. This is reachable from a crafted, loop-mounted NTFS image: opening the file and adding an attribute (e.g. via setxattr) drives ntfs_set_ea() -&gt; ni_insert_resident() -&gt; ni_insert_attr() -&gt; ni_ins_attr_ext() -&gt; ni_create_attr_list().   BUG: KASAN: slab-out-of-bounds in ni_create_attr_list+0xc48/0x1058   Write of size 4 at addr ffff000008984c00 by task setfattr/345    ni_create_attr_list+0xc48/0x1058    ni_ins_attr_ext+0x510/0x7c0    ni_insert_attr+0x3f8/0x70c    ni_insert_resident+0xc8/0x3b0    ntfs_set_ea+0x66c/0xd28    ntfs_setxattr+0x4d8/0x5b0    __arm64_sys_setxattr+0xa4/0x124   Allocated by task 345:    ni_create_attr_list+0x188/0x1058   The buggy address belongs to the cache kmalloc-1k of size 1024   (the write lands at object+1024). Size the buffer from the actual attributes instead of assuming a single record_size is always enough.",Critical,CVE-2026-90048
Test-VL-Linux,linux-image-7.0.0-38-generic,7.0.0-38.38,"In the Linux kernel, the following vulnerability has been resolved: net: ethernet: ti: am65-cpsw-nuss: Fix port_id extraction from SRC TAG On the packet reception path, the ID of the MAC Port on which the packet was received, is embedded in the RX DMA Descriptor's metadata. The ID is extracted using the helper function cppi5_desc_get_tags_ids() which fills in the 16-bit Source Tag into the 'port_id' variable. However, it is only the lower 8-bits of the 16-bit Source Tag that represent the MAC Port ID, while the upper 8-bits are Hardware-Reserved and carry an arbitrary value. With the existing logic, sporadic kernel crash is observed due to the subsequent driver code accessing out-of-bound memory because of an invalid port_id. Hence, fix the port_id extraction logic to use only the lower 8-bits of the Source Tag as the MAC Port ID.",Critical,CVE-2026-74737
Test-VL-Linux,linux-image-7.0.0-38-generic,7.0.0-38.38,"In the Linux kernel, the following vulnerability has been resolved: inetpeer: randomize RB-tree node comparison using SipHash The inetpeer rate limiting system stores peer entries in a Red-Black tree keyed deterministically on the remote IP address. Because tree lookups walk the RB-tree using standard lexicographical comparisons (inetpeer_addr_cmp), an off-path adversary can predict the exact topology of the tree and the sequence of nodes traversed during lookups (the gc_stack candidate list). By combining deterministic tree traversal with aggressive garbage collection (triggered when tree size exceeds inet_peer_threshold), an attacker can selectively force the eviction of targeted inet_peer nodes. When an evicted node is subsequently re-created upon receiving a new packet, its rate-limiting token bucket (rate_tokens, rate_last) is reset to full capacity. This creates a side-channel primitive allowing off-path attackers to bypass IP-keyed ICMP rate limits and infer open UDP ports (similar to SAD DNS style attacks). Mitigate this by randomizing the RB-tree node comparison logic using SipHash with a secret key (inetpeer_hash_key) initialized via net_get_random_once(). Nodes are ordered in the tree by SipHash(addr, key) rather than raw IP addresses. Because the secret key is unknown to external entities, the tree layout and lookup traversal paths are unpredictable to off-path adversaries, breaking the deterministic eviction gadget. Cache the computed 64-bit SipHash (hash) in struct inet_peer and compute the target hash (dhash) once at the beginning of inet_getpeer() to avoid recomputing SipHash at every step of the RB-tree walk.",Critical,CVE-2026-90110
Test-VL-Linux,linux-image-7.0.0-38-generic,7.0.0-38.38,"In the Linux kernel, the following vulnerability has been resolved: netfilter: flowtable: publish GC-visible tuple last nf_flow_table_iterate() only treats original-direction tuple nodes as owning entries. Publishing the original node first lets GC observe and free a flow while flow_offload_add() is still inserting the reply node. Publish the reply node first and the original node last so GC never sees a partially installed flow. KASAN can trigger slab-use-after-free read and write reports in the flowtable/rhashtable path (rht_deferred_worker, jhash, flow_offload_del, flow_offload_lookup, etc.).",Critical,CVE-2026-74746
Test-VL-Linux,linux-image-7.0.0-38-generic,7.0.0-38.38,"In the Linux kernel, the following vulnerability has been resolved: SUNRPC: harden gss_unwrap_resp_priv length checks gss_unwrap_resp_priv() validates the RPCSEC_GSS opaque length with     offset = (u8 *)(p) - (u8 *)head-&gt;iov_base;     if (offset + opaque_len &gt; rcv_buf-&gt;len)             goto unwrap_failed;     maj_stat = gss_unwrap(ctx-&gt;gc_gss_ctx, offset,                           offset + opaque_len, rcv_buf); Both operands are u32 and the sum is computed in u32. A reply with opaque_len near 0xffffffff makes offset + opaque_len wrap to a small value that is below rcv_buf-&gt;len, so the bound check passes and gss_unwrap() is called with end &lt; begin. The check also lacks a lower bound, so any opaque_len in [0, GSS_KRB5_TOK_HDR_LEN) is accepted and forwarded to gss_krb5_unwrap_v2(), whose pre-decrypt header reads at ptr+4 and ptr+6 then run past the token. A krb5p NFS server returning a crafted RPCSEC_GSS reply can drive the client into out-of-bounds reads in gss_krb5_unwrap_v2() and the rotate_left() loop that follows. Fix by replacing the single combined check with three guards that are safe in u32 arithmetic and that enforce the RFC 4121 minimum outer token length:     if (offset &gt; rcv_buf-&gt;len)             goto unwrap_failed;     if (opaque_len &gt; rcv_buf-&gt;len - offset)             goto unwrap_failed;     if (opaque_len &lt; GSS_KRB5_TOK_HDR_LEN)             goto unwrap_failed; The first guard makes the subtraction in the second guard unconditionally safe; offset is derived from a successful xdr_inline_decode() in the head kvec, so in practice it already satisfies the bound. The floor mirrors the server-side check added in commit 5b757c2e57a5 (""SUNRPC: svcauth_gss: enforce krb5 token minimum length"").",Critical,CVE-2026-89541
Test-VL-Linux,linux-image-7.0.0-38-generic,7.0.0-38.38,"In the Linux kernel, the following vulnerability has been resolved: nfsd: RCU-protect cl_cb_session to fix use-after-free on session teardown After a DESTROY_SESSION the per-session teardown path can free a session while rpciod still holds an inflight callback rpc_task that dereferences clp-&gt;cl_cb_session.  nfsd4_probe_callback_sync() flushes cl_callback_wq, but once nfsd4_run_cb_work() has called rpc_call_async() the rpc_task lives on rpciod; flushing the workqueue does not wait for it.  rpc_shutdown_client() does drain rpciod tasks, but uses a 1-second wait_event_timeout — tasks stuck in rpc_delay() (e.g. 2-second NFS4ERR_DELAY retries) can outlive the drain.     destroy path                       rpciod     ------------                       ------     unhash_session(ses)     nfsd4_probe_callback_sync(clp)       flush_workqueue(cl_callback_wq)       /* returns; rpc_task still live */     nfsd4_put_session_locked(ses)     free_session(ses) -&gt; kfree(ses)                                        nfsd4_cb_sequence_done()                                          reads cb_clp-&gt;cl_cb_session                                          /* freed slab */ A second window exists in nfsd4_process_cb_update().  When __nfsd4_find_backchannel() returns NULL because unhash_session() has already removed the destroyed session from cl_sessions, setup_callback_client() takes the v4.1 early return so clp-&gt;cl_cb_session = ses never fires and the field retains a pointer to the about-to-be-freed session. Fix both by converting cl_cb_session to an RCU-protected pointer:   - Move the cl_cb_session = ses assignment in setup_callback_client()     to after rpc_create() succeeds, so it is only published when a     working backchannel exists.  Clear cl_cb_session on the error     return in nfsd4_process_cb_update().  Both stores use     rcu_assign_pointer().   - Annotate cl_cb_session with __rcu.  All rpciod-side readers use     rcu_read_lock()/rcu_dereference() and check for NULL, bailing to     the appropriate error or requeue path:     encode_cb_sequence4args(), decode_cb_sequence4resok(),     nfsd41_cb_get_slot(), nfsd41_cb_release_slot(),     nfsd4_cb_prepare(), and nfsd4_cb_sequence_done().   - Switch __free_session() from kfree() to kfree_rcu() so the     session slab is not reclaimed until after an RCU grace period,     guaranteeing that rpciod readers inside rcu_read_lock() never     dereference freed memory.   - Pass the session pointer to the nfsd_cb_seq_status and     nfsd_cb_free_slot tracepoints instead of having them re-read     cl_cb_session.   - nfsd4_cb_prepare() calls rpc_exit() when the session is NULL,     routing through the done/release path to requeue the callback.",Critical,CVE-2026-89708
Test-VL-Linux,linux-image-7.0.0-38-generic,7.0.0-38.38,"In the Linux kernel, the following vulnerability has been resolved: net: bridge: stop fast-leave after deleting a port group br_multicast_leave_group() iterates mp-&gt;ports with pp = &amp;p-&gt;next in its fast-leave path. After br_multicast_del_pg() removes p, continuing the loop advances pp through the deleted entry. If multicast-to-unicast was enabled, the bridge can hold multiple port groups for the same port and group with different source MAC addresses. Once multicast-to-unicast is disabled, br_port_group_equal() matches those entries by port only. A fast leave can then delete one entry and continue from its stale next pointer, leaving mp-&gt;ports pointing at a deleted port group. Fast leave only needs to remove one matching port group. Break after br_multicast_del_pg() so the loop stops before dereferencing the removed entry.",Critical,CVE-2026-74480
Test-VL-Linux,linux-image-7.0.0-38-generic,7.0.0-38.38,"In the Linux kernel, the following vulnerability has been resolved: ovpn: skip rehash for peers already removed from by_id ovpn_nl_peer_set_doit() resolves the target peer via ovpn_peer_get_by_id() before taking ovpn-&gt;lock. In the window between the lookup (which only takes a refcount) and the subsequent spin_lock_bh(&amp;ovpn-&gt;lock), a concurrent OVPN_CMD_PEER_DEL, keepalive expiry, or socket teardown can take ovpn-&gt;lock first, run ovpn_peer_remove() to unhash the peer from all four tables (by_id, by_vpn_addr4/6, by_transp_addr) and release the lock. set_doit then acquires ovpn-&gt;lock and calls ovpn_peer_hash_vpn_ip(), which re-inserts the now-removed peer back into the rehashing tables. The same race affects the float path: ovpn_peer_endpoints_update() holds only a refcount and acquires ovpn-&gt;lock very late (after async AEAD decrypt and a netlink notification), then rehashes the peer in the by_transp_addr table. The resurrected peer becomes reachable again from the RX lookup (ovpn_peer_get_by_transp_addr) and the TX VPN-IP lookup, even though userspace believes it is gone. Once the data-path refcount drops the peer is freed via call_rcu while the hash entries embedded in it remain linked, opening a UAF window. Bail out of the rehash when hash_entry_id is unhashed, mirroring the sentinel already used by ovpn_peer_remove() to detect the already-removed state. The check is safe under ovpn-&gt;lock, which serializes every mutation of hash_entry_id, and is a no-op for the add path because ovpn_peer_add_mp() inserts hash_entry_id before calling ovpn_peer_hash_vpn_ip().",Critical,CVE-2026-74727
Test-VL-Linux,linux-image-7.0.0-38-generic,7.0.0-38.38,"In the Linux kernel, the following vulnerability has been resolved: sctp: keep chunk-&gt;transport in step with the list it is queued on __sctp_outq_flush_rtx() moves a gap-acked chunk onto another transport's transmitted list without updating chunk-&gt;transport: 	if (chunk-&gt;tsn_gap_acked) { 		list_move_tail(&amp;chunk-&gt;transmitted_list, 			       &amp;transport-&gt;transmitted); 		continue; 	} The chunk then sits on a live transport's list while chunk-&gt;transport still names a different one.  If that transport is removed - sctp_assoc_rm_peer() from an ASCONF Delete-IP - sctp_transport_free() RCU-frees it and the chunk is left with a dangling pointer.  sctp_assoc_rm_peer() scrubs peer-&gt;transmitted and asoc-&gt;outqueue.out_chunk_list, but the chunk is on neither. The pointer is not followed while tsn_gap_acked is set.  A SACK that reneges on the TSN clears the flag, and the next SACK reaches 	tchunk-&gt;transport-&gt;flight_size -= sctp_data_size(tchunk); inside the freed transport.  KASAN reports a slab-use-after-free read in sctp_check_transmitted(), freed from sctp_assoc_rm_peer().  Both the removal and the SACKs come from the association peer. Set chunk-&gt;transport at the move.  The ordinary resend path needs nothing: it reaches its list_move_tail() only after sctp_packet_append_chunk() returned SCTP_XMIT_OK, and __sctp_packet_append_chunk() has rebound the chunk by then. Discovered by XBOW, triaged by Baul Lee &lt;baul.lee@xbow.com&gt;",Critical,CVE-2026-74588
Test-VL-Linux,linux-image-7.0.0-38-generic,7.0.0-38.38,"In the Linux kernel, the following vulnerability has been resolved: IB/isert: reject login PDUs declaring more data than was received isert_login_recv_done() records how many bytes the HCA actually placed in the login buffer, but nothing compares that against the length the login PDU's BHS declares.  isert_rx_login_req() copies min(login_req_len, MAX_KEY_VALUE_PAIRS) bytes into login-&gt;req_buf, and the login code then reads the declared length back out of that buffer - for the first PDU in iscsi_target_locate_portal(), 	payload_length = ntoh24(login_req-&gt;dlength); 	tmpbuf = kmemdup_nul(login-&gt;req_buf, payload_length, GFP_KERNEL); and for the ones after it in iscsi_decode_text_input(), reached from iscsi_target_do_login(). login-&gt;req_buf is a fixed MAX_KEY_VALUE_PAIRS (8192) byte allocation, so an initiator that declares more than it sends reads off the end of it, before authentication and with the length under its control:   BUG: KASAN: slab-out-of-bounds in kmemdup_nul+0x43/0x80   Read of size 8193 at addr ffff8881056a8000 by task iscsi_np/167    __asan_memcpy+0x23/0x60    kmemdup_nul+0x43/0x80    iscsi_target_locate_portal+0x48d/0x1180    iscsi_target_login_thread+0x19a9/0x3350   Allocated by task 167:    __kmalloc_cache_noprof+0x158/0x370    iscsi_target_login_thread+0x971/0x3350   which belongs to the cache kmalloc-8k of size 8192   allocated 8192-byte region Falsifying the second login PDU instead reaches the other reader, on the same buffer:   BUG: KASAN: slab-out-of-bounds in kmemdup_nul+0x43/0x80   Read of size 8193 at addr ffff888104d10000 by task kworker/1:1/50   Workqueue: isert_login_wq iscsi_target_do_login_rx    __asan_memcpy+0x23/0x60    kmemdup_nul+0x43/0x80    iscsi_decode_text_input+0xc6/0x11c0    iscsi_target_do_login+0x261/0x1470    iscsi_target_do_login_rx+0x51d/0x7d0 iscsit over TCP is not exposed: iscsit_get_login_rx() validates the declared length with iscsi_target_check_login_request() and then reads exactly that many bytes off the socket, so the declared length governs how much arrives rather than how much is copied out of an already-filled buffer.  isert does not call iscsi_target_check_login_request() at all. Reject a login PDU whose declared DataSegmentLength exceeds what was received, in both paths that reach isert_rx_login_req(): isert_get_login_rx() for the first login PDU and isert_login_recv_done() for the ones after it.  dlength &lt;= login_req_len is allowed because the received count can include up to three bytes of iSCSI padding. Once the check is in place the copy out can no longer exceed the copy in: the posted login SGE is ISER_RX_PAYLOAD_SIZE, so login_req_len cannot exceed MAX_KEY_VALUE_PAIRS and the min() in isert_rx_login_req() is login_req_len. Like the existing short-PDU check added by 29e7b925ae6d, the reject in isert_login_recv_done() returns without completing login_req_comp, so a malformed subsequent PDU leaves the login to be torn down by the login timer rather than failing immediately.  The first-PDU path returns an error and fails straight away. Reproduced on 7.2.0-rc4 with soft-RoCE (rdma_rxe) under KASAN, using an initiator that sends the real key=value payload while declaring 8193 in the BHS, on the first login PDU and on the second in separate runs.  The reported read size tracks the declared value exactly; 16384 and 61440 behave the same.  Unpatched 3 of 3 runs report on each of the two paths, patched 0 of 3 on both, run alternately in a single session, and a normal login still completes on the patched build.",Critical,CVE-2026-90413
Test-VL-Linux,linux-image-7.0.0-38-generic,7.0.0-38.38,"In the Linux kernel, the following vulnerability has been resolved: ocfs2: bound namelen in dlm_migrate_request_handler Patch series ""ocfs2/dlm: bound peer-controlled lengths in the o2dlm"". The o2dlm receive handlers trust u8 length and count fields from the wire without bounding them, so a node in a DLM domain can corrupt or panic any other node with a malformed message.  Three defects:   - dlm_migrate_request_handler() passes migrate-&gt;namelen unchecked to     dlm_init_mle(), which memcpy()s it into the 32-byte mname[] of an     o2dlm_mle slab object: a heap out-of-bounds write of up to ~215     attacker-controlled bytes.   - dlm_mig_lockres_handler() passes mres-&gt;lockname_len unchecked to     dlm_init_lockres(), which memcpy()s it into the 32-byte o2dlm_lockname     slab object: a heap out-of-bounds write of up to ~223 bytes.   - the same handler trusts mres-&gt;num_locks without checking that the     message is large enough to hold that many entries, so     dlm_process_recovery_data() walks mres-&gt;ml[] past the kmalloc(data_len)     copy and trips a BUG_ON (an out-of-bounds read ending in a panic). The other o2dlm receive handlers already reject an oversized name; the migration and recovery handlers have omitted it since the DLM was added (see the Fixes tags).  Patch 1 bounds namelen; patch 2 validates lockname_len, num_locks, and the payload size.  Conforming recovery and migration traffic is unaffected. o2net authenticates peers only by the DLM domain key, so any node that has joined the domain -- including a compromised or malicious member -- can send these messages.  There is no local trigger; the attacker must already be a member of the cluster. Each sink was confirmed under KASAN with an out-of-tree module mirroring it exactly -- a kmem_cache/kmalloc of the real destination size, then the same unclamped memcpy/loop: slab-out-of-bounds Write for the two writes, Read for the recovery walk, and a panic.  A userspace AddressSanitizer build faults identically under -m32 and -m64.  Scrubbed logs are available on request. I reported this privately to security@kernel.org and the ocfs2 maintainers on 2026-06-20; with no response after the standard embargo period I am posting the fix publicly.  I have no embargo requirement. This patch (of 2): A node receiving a DLM_MIGRATE_REQUEST message trusts the peer-supplied name length (migrate-&gt;namelen) without bounding it.  dlm_init_mle() then copies that many bytes into the fixed DLM_LOCKID_NAME_MAX-byte mname[] array of an o2dlm_mle slab object, so a malformed message from a cluster peer overflows the slab object by up to ~215 bytes: a heap out-of-bounds write of attacker-controlled data, reachable by any node in the domain. Reject an oversized name, the way dlm_master_request_handler() and the other o2dlm receive handlers already do; the migration handler omits the check entirely.  Conforming messages are unaffected.",Critical,CVE-2026-89495
Test-VL-Linux,linux-image-7.0.0-34-generic,7.0.0-34.34,"In the Linux kernel, the following vulnerability has been resolved: svcrdma: Reject Write/Reply chunks with segcount 0 A peer can send a Write or Reply chunk whose segcount field is zero. xdr_check_write_chunk() only rejects segcount &gt; rc_maxpages, so zero passes the range check, and xdr_inline_decode(stream, 0) returns the current (non-NULL) cursor without advancing. The function returns true and pcl_alloc_write() then links a struct svc_rdma_chunk with ch_segcount == 0 onto rc_write_pcl or rc_reply_pcl. An earlier patch in this series made pcl_for_each_segment() safe for ch_segcount == 0, so this no longer drives the memory walk it used to. Rejecting the malformed frame at the decode boundary is still worthwhile as defense in depth: it keeps degenerate zero-segment chunks off the parsed chunk lists entirely, so any future consumer that walks ch_segments directly cannot observe one, and it makes the zero-floor easy to backport to trees where the macro change is more intrusive. RFC 8166 has no meaning for a Write/Reply chunk that describes no remote buffer, so no legitimate client is affected. xdr_check_reply_chunk() funnels Reply chunks through xdr_check_write_chunk() and inherits the same rejection. pcl_alloc_write() also links each chunk onto the parsed chunk list before filling its segment array. If a future change weakens the segcount-0 rejection, an incomplete chunk is visible to consumers during the fill loop. Reorder so that list_add_tail() follows the segment fill loop, ensuring only fully-populated chunks appear on the list.",Critical,CVE-2026-93228
Test-VL-Linux,linux-image-7.0.0-34-generic,7.0.0-34.34,"In the Linux kernel, the following vulnerability has been resolved: IB/isert: reject PDUs declaring more data than was received isert_recv_done() hands each received PDU to the opcode handlers without ever looking at wc-&gt;byte_len, the number of bytes the HCA actually placed in the receive descriptor. The handlers then copy that many bytes - the data-segment length the initiator declared in the BHS (ntoh24(hdr-&gt;dlength), via the derived unsol_data_len / imm_data_len) - out of the fixed-size descriptor:   isert_handle_iscsi_dataout():         sg_copy_from_buffer(sg_start, sg_nents, isert_get_data(rx_desc),                             unsol_data_len);   isert_handle_scsi_cmd():         sg_copy_from_buffer(cmd-&gt;se_cmd.t_data_sg, sg_nents,                             isert_get_data(rx_desc), imm_data_len); Because the declared length is never checked against wc-&gt;byte_len, an initiator can declare a data segment larger than the bytes it actually sent (and larger than the descriptor) and cause an out-of-bounds read of the receive buffer. Nothing upstream of isert closes this door:   - __iscsit_check_dataout_hdr() bounds the inbound payload against     conn_ops-&gt;MaxXmitDataSegmentLength (MXDSL) - a transmit parameter,     used here for the inbound check.   - iscsi_set_connection_parameters() sets     ops-&gt;MaxXmitDataSegmentLength = ops-&gt;TargetRecvDataSegmentLength;     and TARGETRECVDATASEGMENTLENGTH is absent from the min()-clamp list in     iscsi_check_acceptor_state(), so the value the initiator declares is     adopted verbatim (type range 512..16777215). The initiator effectively     raises its own ceiling.   - isert never clamps the negotiated value to its own fixed receive     descriptor (ISER_RX_SIZE, 9216 bytes), so the target core's bound and     the descriptor size are unrelated. The imm_data_len == data_len path is more than an over-read: it aliases the receive descriptor via sg_set_buf() and passes it to the backend as the data source for the SCSI WRITE, so an over-declared length causes heap contents past the descriptor to be written through the backend to the backing store. The backend is the victim of the oversized scatterlist isert hands it, not the cause; no read-back of the written bytes was demonstrated. Trigger: after login completes (full feature phase), an initiator that has declared a large TargetRecvDataSegmentLength and a FirstBurstLength that permits unsolicited/immediate data sends a PDU whose declared data-segment length exceeds what was received. With KASAN:   BUG: KASAN: slab-out-of-bounds in sg_copy_buffer+0x150/0x1c0   Read of size 4096 at addr ffff888109720800 by task kworker/1:0H/25   Workqueue: ib-comp-wq ib_cq_poll_work   Call Trace:    sg_copy_buffer+0x150/0x1c0    isert_recv_done+0xba6/0x2390    __ib_process_cq+0xe1/0x390    ib_cq_poll_work+0x46/0x150 isert_recv_done+0xba6 resolves to isert_handle_iscsi_dataout() (ib_isert.c:1160), inlined through isert_rx_opcode(). Validate wc-&gt;byte_len against the framing in isert_recv_done() before the PDU reaches any handler, and reinstate the connection if it is short. Because the test compares without subtracting the header length, it also rejects PDUs shorter than the iSER and iSCSI headers, which would otherwise be parsed out of stale descriptor contents. The login handler rejects PDUs shorter than ISER_HEADERS_LEN (commit 29e7b925ae6d (""IB/isert: Reject login PDUs shorter than ISER_HEADERS_LEN"")) but does not bound the declared length either; that is fixed in the next patch. The data handlers had no length check at all. isert reads the data segment from a fixed offset: isert_get_data() returns the iSER header plus ISER_HEADERS_LEN and makes no adjustment for an AHS.  The bytes the handlers touch are therefore exactly [ISER_HEADERS_LEN, ISER_HEADERS_LEN + dlength), and comparing that sum against wc-&gt;byte_len bounds precisely the region that is read.  An AHS term would only make the test stricter without bounding anything furth ---truncated---",Critical,CVE-2026-90414
Test-VL-Linux,linux-image-7.0.0-34-generic,7.0.0-34.34,"In the Linux kernel, the following vulnerability has been resolved: IB/isert: reject login PDUs declaring more data than was received isert_login_recv_done() records how many bytes the HCA actually placed in the login buffer, but nothing compares that against the length the login PDU's BHS declares.  isert_rx_login_req() copies min(login_req_len, MAX_KEY_VALUE_PAIRS) bytes into login-&gt;req_buf, and the login code then reads the declared length back out of that buffer - for the first PDU in iscsi_target_locate_portal(), 	payload_length = ntoh24(login_req-&gt;dlength); 	tmpbuf = kmemdup_nul(login-&gt;req_buf, payload_length, GFP_KERNEL); and for the ones after it in iscsi_decode_text_input(), reached from iscsi_target_do_login(). login-&gt;req_buf is a fixed MAX_KEY_VALUE_PAIRS (8192) byte allocation, so an initiator that declares more than it sends reads off the end of it, before authentication and with the length under its control:   BUG: KASAN: slab-out-of-bounds in kmemdup_nul+0x43/0x80   Read of size 8193 at addr ffff8881056a8000 by task iscsi_np/167    __asan_memcpy+0x23/0x60    kmemdup_nul+0x43/0x80    iscsi_target_locate_portal+0x48d/0x1180    iscsi_target_login_thread+0x19a9/0x3350   Allocated by task 167:    __kmalloc_cache_noprof+0x158/0x370    iscsi_target_login_thread+0x971/0x3350   which belongs to the cache kmalloc-8k of size 8192   allocated 8192-byte region Falsifying the second login PDU instead reaches the other reader, on the same buffer:   BUG: KASAN: slab-out-of-bounds in kmemdup_nul+0x43/0x80   Read of size 8193 at addr ffff888104d10000 by task kworker/1:1/50   Workqueue: isert_login_wq iscsi_target_do_login_rx    __asan_memcpy+0x23/0x60    kmemdup_nul+0x43/0x80    iscsi_decode_text_input+0xc6/0x11c0    iscsi_target_do_login+0x261/0x1470    iscsi_target_do_login_rx+0x51d/0x7d0 iscsit over TCP is not exposed: iscsit_get_login_rx() validates the declared length with iscsi_target_check_login_request() and then reads exactly that many bytes off the socket, so the declared length governs how much arrives rather than how much is copied out of an already-filled buffer.  isert does not call iscsi_target_check_login_request() at all. Reject a login PDU whose declared DataSegmentLength exceeds what was received, in both paths that reach isert_rx_login_req(): isert_get_login_rx() for the first login PDU and isert_login_recv_done() for the ones after it.  dlength &lt;= login_req_len is allowed because the received count can include up to three bytes of iSCSI padding. Once the check is in place the copy out can no longer exceed the copy in: the posted login SGE is ISER_RX_PAYLOAD_SIZE, so login_req_len cannot exceed MAX_KEY_VALUE_PAIRS and the min() in isert_rx_login_req() is login_req_len. Like the existing short-PDU check added by 29e7b925ae6d, the reject in isert_login_recv_done() returns without completing login_req_comp, so a malformed subsequent PDU leaves the login to be torn down by the login timer rather than failing immediately.  The first-PDU path returns an error and fails straight away. Reproduced on 7.2.0-rc4 with soft-RoCE (rdma_rxe) under KASAN, using an initiator that sends the real key=value payload while declaring 8193 in the BHS, on the first login PDU and on the second in separate runs.  The reported read size tracks the declared value exactly; 16384 and 61440 behave the same.  Unpatched 3 of 3 runs report on each of the two paths, patched 0 of 3 on both, run alternately in a single session, and a normal login still completes on the patched build.",Critical,CVE-2026-90413
Test-VL-Linux,linux-image-7.0.0-34-generic,7.0.0-34.34,"In the Linux kernel, the following vulnerability has been resolved: inetpeer: randomize RB-tree node comparison using SipHash The inetpeer rate limiting system stores peer entries in a Red-Black tree keyed deterministically on the remote IP address. Because tree lookups walk the RB-tree using standard lexicographical comparisons (inetpeer_addr_cmp), an off-path adversary can predict the exact topology of the tree and the sequence of nodes traversed during lookups (the gc_stack candidate list). By combining deterministic tree traversal with aggressive garbage collection (triggered when tree size exceeds inet_peer_threshold), an attacker can selectively force the eviction of targeted inet_peer nodes. When an evicted node is subsequently re-created upon receiving a new packet, its rate-limiting token bucket (rate_tokens, rate_last) is reset to full capacity. This creates a side-channel primitive allowing off-path attackers to bypass IP-keyed ICMP rate limits and infer open UDP ports (similar to SAD DNS style attacks). Mitigate this by randomizing the RB-tree node comparison logic using SipHash with a secret key (inetpeer_hash_key) initialized via net_get_random_once(). Nodes are ordered in the tree by SipHash(addr, key) rather than raw IP addresses. Because the secret key is unknown to external entities, the tree layout and lookup traversal paths are unpredictable to off-path adversaries, breaking the deterministic eviction gadget. Cache the computed 64-bit SipHash (hash) in struct inet_peer and compute the target hash (dhash) once at the beginning of inet_getpeer() to avoid recomputing SipHash at every step of the RB-tree walk.",Critical,CVE-2026-90110
Test-VL-Linux,linux-image-7.0.0-34-generic,7.0.0-34.34,"In the Linux kernel, the following vulnerability has been resolved: NFSv4.1: zero referring call lists before decoding decode_cb_sequence_args() allocates csa_rclists with kmalloc_objs(), so each referring_call_list starts uninitialized. decode_rc_list() assigns rcl_refcalls only when rcl_nrefcalls is nonzero. A valid list with zero referring calls therefore leaves the pointer uninitialized, and nfs4_callback_sequence() later passes stale slab contents to kfree(). Allocate csa_rclists with kzalloc_objs() so every rcl_refcalls member is NULL from the beginning, including valid empty referring call lists.",Critical,CVE-2026-90104
Test-VL-Linux,linux-image-7.0.0-34-generic,7.0.0-34.34,"In the Linux kernel, the following vulnerability has been resolved: fs/ntfs3: fix slab-out-of-bounds write in ni_create_attr_list() ni_create_attr_list() allocates a fixed buffer of al_aligned(record_size) (== record_size) bytes and then walks every attribute of the primary MFT record, writing one ATTR_LIST_ENTRY per attribute and advancing the cursor by le_size(name_len), with no check against the end of the buffer; the total size is only computed after the loop. A minimum-size resident attribute occupies SIZEOF_RESIDENT (0x18 = 24) bytes on disk, but an unnamed attribute expands to le_size(0) (0x20 = 32) bytes in the list.  Because the number of attributes in a record is not bounded (mi_enum_attr() accepts arbitrarily many equal-type, nameless minimum-size attributes), a crafted record packed with such attributes produces a list larger than record_size and overflows the heap buffer. This is reachable from a crafted, loop-mounted NTFS image: opening the file and adding an attribute (e.g. via setxattr) drives ntfs_set_ea() -&gt; ni_insert_resident() -&gt; ni_insert_attr() -&gt; ni_ins_attr_ext() -&gt; ni_create_attr_list().   BUG: KASAN: slab-out-of-bounds in ni_create_attr_list+0xc48/0x1058   Write of size 4 at addr ffff000008984c00 by task setfattr/345    ni_create_attr_list+0xc48/0x1058    ni_ins_attr_ext+0x510/0x7c0    ni_insert_attr+0x3f8/0x70c    ni_insert_resident+0xc8/0x3b0    ntfs_set_ea+0x66c/0xd28    ntfs_setxattr+0x4d8/0x5b0    __arm64_sys_setxattr+0xa4/0x124   Allocated by task 345:    ni_create_attr_list+0x188/0x1058   The buggy address belongs to the cache kmalloc-1k of size 1024   (the write lands at object+1024). Size the buffer from the actual attributes instead of assuming a single record_size is always enough.",Critical,CVE-2026-90048
Test-VL-Linux,linux-image-7.0.0-34-generic,7.0.0-34.34,"In the Linux kernel, the following vulnerability has been resolved: NFSD: Prevent client use-after-free during close_lru reaping An nfs4_openowner left on nn-&gt;close_lru after its final CLOSE keeps its last closed stateid in oo_last_closed_stid, holding only a raw pointer to its nfs4_client. The laundromat reaps timed-out entries, drops nn-&gt;client_lock, and calls nfs4_put_stid(), which dereferences the client through cl_lock. Nothing pins the client across that window, so a concurrent force_expire_client() can free it and nfs4_put_stid() reads freed memory. __destroy_client() hits the same race, walking clp-&gt;cl_openowners without cl_lock. Pin the client with cl_rpc_users before dropping client_lock, and skip clients already expiring. __destroy_client() then cleans up its own close_lru entries through release_last_closed_stateid(), so teardown no longer races the laundromat.",Critical,CVE-2026-90037
Test-VL-Linux,linux-image-7.0.0-34-generic,7.0.0-34.34,"In the Linux kernel, the following vulnerability has been resolved: scsi: target: iscsi: Reserve a terminator byte for the login payload iscsi_target_check_login_request() rejects a login PDU whose DataSegmentLength exceeds MAX_KEY_VALUE_PAIRS, but the test is '&gt;' and login-&gt;req_buf is allocated with exactly MAX_KEY_VALUE_PAIRS bytes. Since iscsit_get_login_rx() receives payload_length + padding bytes, where 	padding = ((-payload_length) &amp; 3); any payload_length from 8189 to 8192 fills the whole 8192 byte buffer. The write stays in bounds, but no byte is left for a NUL terminator. The buffer is subsequently consumed as a C string. In the CHAP path chap_check_algorithm() calls kstrdup(a_str), and extract_param() calls strstr(in_buf, pattern) followed by strlen_semi(), none of which take a length. convert_null_to_semi() additionally rewrites every embedded NUL to ';', so even a payload made of well formed NUL separated key=value records is left without a terminator. These walk past the end of the object into adjacent slab memory. It is reachable by an unauthenticated initiator against a portal configured for CHAP; when authentication is not required iscsi_login_zero_tsih_s2() rewrites AuthMethod to None and the CHAP path is never entered. Allocate one extra byte. kzalloc() zeroes it and nothing ever writes to it, as every writer copies to offset 0 for at most MAX_KEY_VALUE_PAIRS bytes, so the buffer is always terminated.",Critical,CVE-2026-90011
Test-VL-Linux,linux-image-7.0.0-34-generic,7.0.0-34.34,"In the Linux kernel, the following vulnerability has been resolved: nvmet-auth: Synchronize timeout work during SQ teardown nvmet_auth_sq_free() cancels auth_expired_work with cancel_delayed_work(). If the work has already started, cancellation does not wait for the callback. Transport teardown can consequently free or reuse the queue containing struct nvmet_sq while nvmet_auth_expired_work() still accesses that SQ. Add a teardown-specific helper that synchronously drains the delayed work before freeing authentication state, and use it from nvmet_sq_destroy(). Keep the non-synchronous helper for in-band authentication state cleanup, where the SQ owner remains alive.",Critical,CVE-2026-89970
Test-VL-Linux,linux-image-7.0.0-34-generic,7.0.0-34.34,"In the Linux kernel, the following vulnerability has been resolved: nvmet-tcp: fix out-of-bounds write when receiving an over-long PDU nvmet_tcp_try_recv_pdu() reads a PDU header into the fixed 128-byte queue-&gt;pdu union, then computes the remaining payload length as 	queue-&gt;left = hdr-&gt;hlen - queue-&gt;offset + hdgst; and reads that many more bytes into &amp;queue-&gt;pdu + queue-&gt;offset, without ever bounding the result against sizeof(queue-&gt;pdu). A struct nvme_tcp_icreq_pdu is itself 128 bytes, exactly the size of the union. Once a header digest has been negotiated (hdgst = 4), a second ICReq passes the hlen == nvmet_tcp_pdu_size() check but yields queue-&gt;left = 128 - 8 + 4 = 124, so bytes 8..132 are written into the 128-byte buffer -- 4 bytes past its end, over queue-&gt;hdr_digest and queue-&gt;data_digest. Those bytes are attacker-controlled (an ICReq carries no digest), and the duplicate ICReq is only rejected later, after the overflow. A remote unauthenticated host can thus corrupt kernel memory adjacent to the receive buffer. Reject any PDU whose declared length would read past the end of queue-&gt;pdu before the second recv.",Critical,CVE-2026-89969
Test-VL-Linux,linux-image-7.0.0-34-generic,7.0.0-34.34,"In the Linux kernel, the following vulnerability has been resolved: KVM: arm64: Remove VM-wide VNCR mapping counter The global VNCR mapping counter is used to decide whether an L1 provided VNCR page is mapped in L0 on any CPU at the point of dealing with a TLB invalidation. It is incremented when a mapping is made in the fixmap, and decremented when unmapped. As it turns out, this tracking has several flaws: - we are trying to invalidate TLBs, and the mapping is only an   opportunistic consequence of the TLB. Checking this counter to   decide whether a TLB needs to be invalidated may result in missed   invalidations. - an L1 vcpu invalidating its own TLB (a very likely case) will not   succeed in invalidating the VNCR pseudo TLB because that page is   not mapped in L0 at this stage. Given that this tracking fails at delivering the minimum guarantees that are required and is only a performance optimisation, remove it completely.",Critical,CVE-2026-89915
Test-VL-Linux,linux-image-7.0.0-34-generic,7.0.0-34.34,"In the Linux kernel, the following vulnerability has been resolved: scsi: qla2xxx: Hold qpair lock when sending NVMe LS reject qla_nvme_ls_reject_iocb() allocates from and advances the request ring through __qla2x00_alloc_iocbs() (which assumes the hardware_lock is held) and qla2x00_start_iocbs() (which advances the ring and rings the request-in doorbell), but takes no lock itself. Two of its callers invoke it without the producer lock held:  - qla_nvme_xmt_ls_rsp(), the NVMe-FC .xmt_ls_rsp transport callback, on    its error path, and  - qla2xxx_process_purls_pkt(), run from the purex work/DPC context. Both use ha-&gt;base_qpair, whose qp_lock_ptr is hardware_lock, so they can run concurrently with normal I/O submission on the base ring and corrupt the ring producer state, leading to duplicated or dropped commands. The third caller, qla2xxx_process_purls_iocb(), runs inside qla24xx_process_response_queue() with the qpair lock already held and is safe; that is also why the lock cannot be taken inside the helper itself (it would recursively re-acquire hardware_lock on the response path). Take qp_lock_ptr around the two unlocked callers and document the helper as caller-locked. Both run in process context, so spin_lock_irqsave() is used and nothing in the locked region sleeps.",Critical,CVE-2026-89857
Test-VL-Linux,linux-image-7.0.0-34-generic,7.0.0-34.34,"In the Linux kernel, the following vulnerability has been resolved: scsi: qla2xxx: Avoid double completion in async IOCB timeout qla2x00_async_iocb_timeout() tries to abort a timed-out async IOCB. When qla24xx_async_abort_cmd() fails, both the SRB_LOGIN_CMD path and the SRB_CTRL_VP/default path scan outstanding_cmds[] for the SRB and then call sp-&gt;done(sp, QLA_FUNCTION_TIMEOUT) unconditionally, without checking whether the SRB was actually found and removed. If the response ISR completes the same handle first, it removes the SRB under qp_lock_ptr and runs sp-&gt;done() -&gt; complete(sp-&gt;comp). The submitter qla24xx_control_vp() wakes from wait_for_completion(), clears sp-&gt;comp, drops its reference and returns, reclaiming the on-stack completion. The timer reference keeps the SRB alive across the timeout handler, but not the submitter's stack. The timeout then issues a second sp-&gt;done() -&gt; qla_ctrlvp_sp_done(), which evaluates ""if (sp-&gt;comp) complete(sp-&gt;comp)""; with the pointer loaded before the submitter's NULL store, complete() writes into the freed stack frame, a use-after-free. Track whether this path removed the SRB from outstanding_cmds and only call sp-&gt;done() when it did, so the command is completed exactly once by whichever path owns it. This mirrors the sp_found guard already used in qla24xx_abort_iocb_timeout().",Critical,CVE-2026-89847
Test-VL-Linux,linux-image-7.0.0-34-generic,7.0.0-34.34,"In the Linux kernel, the following vulnerability has been resolved: ext4: fix out-of-bounds read in ext4_read_inline_dir() ext4_read_inline_dir() can read a dirent header past the end of its inline buffer, triggering a slab-out-of-bounds read during getdents64():   BUG: KASAN: slab-out-of-bounds in __ext4_check_dir_entry   Read of size 2 at addr ffff88800f3dd23c by task exploit/148    ...    __ext4_check_dir_entry    ext4_read_inline_dir    iterate_dir The dirent payload lives in a buffer of exactly inline_size bytes: 	dir_buf = kmalloc(inline_size, GFP_NOFS); but iteration runs in a position space extra_offset bytes larger (extra_size = extra_offset + inline_size) so the synthetic ""."" and "".."" land at their block-dir offsets. A dirent is formed at ""dir_buf + pos - extra_offset"", yet the ext4_check_dir_entry() length argument uses the larger extra_size. A position whose dirent header would extend past extra_size is therefore accepted, and the rescan loop's rec_len probe and ext4_check_dir_entry() dereference de-&gt;rec_len before the entry is rejected. Reject a position whose minimum-size dirent header would not fit within extra_size before forming de, in both the rescan and main loops, and pass inline_size rather than extra_size to ext4_check_dir_entry() so the length check matches the physical buffer.",Critical,CVE-2026-89786
Test-VL-Linux,linux-image-7.0.0-34-generic,7.0.0-34.34,"In the Linux kernel, the following vulnerability has been resolved: fs/ntfs3: validate ef-&gt;size covers the record's name and value When an EA record has a non-zero ef-&gt;size, ntfs_read_ea() only checks that the record fits in the remaining buffer (ea_size &gt; bytes), not that ef-&gt;size is large enough to hold the record's own name_len + 1 + elength. A crafted image can pass validation with, e.g., ef-&gt;size = 24 but elength = 0xffff. ntfs_get_ea() then trusts elength and copies it out of the undersized record, reading past the kmalloc(info-&gt;size) allocation and leaking heap memory to userspace via getxattr():  BUG: KASAN: slab-out-of-bounds in ntfs_get_ea (fs/ntfs3/xattr.c:302)  Read of size 65535 at addr ffff888100794550 by task exploit   __asan_memcpy (mm/kasan/shadow.c:105)   ntfs_get_ea (fs/ntfs3/xattr.c:302)   ntfs_getxattr (fs/ntfs3/xattr.c:848)   __vfs_getxattr (fs/xattr.c:441)   vfs_getxattr (fs/xattr.c:474)   do_getxattr (fs/xattr.c:800)   path_getxattrat (fs/xattr.c:868)   do_syscall_64 (arch/x86/entry/syscall_64.c:94)  The buggy address is located 80 bytes inside of   allocated 84-byte region in cache kmalloc-96 Compute the size the record needs and require ef-&gt;size to cover it.",Critical,CVE-2026-89779
Test-VL-Linux,linux-image-7.0.0-34-generic,7.0.0-34.34,"In the Linux kernel, the following vulnerability has been resolved: NFSD: check truncate permission under inode lock nfsd_setattr() checks whether a size update needs NFSD_MAY_TRUNC before it takes inode_lock(). The comparison uses the file size sampled by that unlocked read, but the actual ATTR_SIZE update is applied later under inode_lock() by notify_change(). This leaves a TOCTOU window for append-only files. If a client sends a SETATTR that does not shrink the file at the time of the unlocked sample, a concurrent append can extend the file before nfsd_setattr() takes inode_lock(). notify_change() then applies a real truncation without the NFSD_MAY_TRUNC check that rejects IS_APPEND(inode). The VFS truncate syscall paths perform their own append-only checks before calling notify_change(), so NFSD must make this decision against the locked size it is about to change. Split the write-count acquisition from the truncation permission check. Keep get_write_access() before the locked setattr work, then recheck whether the requested size is below i_size_read(inode) after inode_lock() has been acquired and before notify_change(ATTR_SIZE). This also avoids the plain unlocked inode-&gt;i_size load.",Critical,CVE-2026-89713
Test-VL-Linux,linux-image-7.0.0-34-generic,7.0.0-34.34,"In the Linux kernel, the following vulnerability has been resolved: KVM: arm64: Handle negative S1 walk levels in VNCR TLB size evaluation Computing the effects of a TLB invalidation involves looking at the size of the mapping cached by the TLB. For S1 mappings such as VNCR, this is deducted from the combination of the base granule size and the mapping level. However, this implies that the S1 MMU is *on*. When the MMU is off, we indicate this with the level being set to a ""creative"" value of -127 (S1_MMU_DISABLED). This ends-up being misinterpreted by pgshift_level_to_ttl() as it doesn't handle negative levels at all (the level is immediately cast to a u8 and only the bottom two bits considered), leading to an invalidation size of 0. Not helpful. Tidy-up pgshift_level_to_ttl() to handle these negative levels, and ttl_to_size() to always return SZ_1G when no valid TTL is present. This allows the removal of open-coded checks for similar situations. Note that the check for a negative value not explicitely checking for S1_MMU_DISABLED is deliberate, so that actual negative levels introduced with LVA2 and D128 can take the same path if we ever support them.",Critical,CVE-2026-89775
Test-VL-Linux,linux-image-7.0.0-34-generic,7.0.0-34.34,"In the Linux kernel, the following vulnerability has been resolved: nfsd: set SC_STATUS_FREED in nfsd4_drop_revoked_stid for delegations nfsd4_drop_revoked_stid() handles FREE_STATEID for admin-revoked delegations but does not set SC_STATUS_FREED before releasing cl_lock. revoke_delegation() uses this flag to detect whether FREE_STATEID has already processed the delegation -- without it, the freed delegation is added to cl_revoked via list_add(), producing a use-after-free when cl_revoked is later traversed in __destroy_client(). The SC_STATUS_REVOKED path in nfsd4_free_stateid() (line 7983) already sets SC_STATUS_FREED correctly. Apply the same pattern to the SC_STATUS_ADMIN_REVOKED path in nfsd4_drop_revoked_stid().",Critical,CVE-2026-89703
Test-VL-Linux,linux-image-7.0.0-34-generic,7.0.0-34.34,"In the Linux kernel, the following vulnerability has been resolved: nfsd: size fh_verify server sockaddr slot by xpt_locallen The nfsd_fh_verify and nfsd_fh_verify_err tracepoints declare the server sockaddr slot sized by xpt_remotelen but fill it from xpt_local using xpt_locallen:     TP_STRUCT__entry(             ...             __sockaddr(server, rqstp-&gt;rq_xprt-&gt;xpt_remotelen)             ...     )     TP_fast_assign(             ...             __assign_sockaddr(server, &amp;rqstp-&gt;rq_xprt-&gt;xpt_local,                               rqstp-&gt;rq_xprt-&gt;xpt_locallen);             ...     ) When xpt_locallen exceeds xpt_remotelen, __assign_sockaddr's memcpy writes past the reserved ring-buffer slot. In the reverse direction (xpt_locallen &lt; xpt_remotelen) the slot is oversized and the unwritten tail leaks prior ring-buffer contents to trace consumers. The write-past-end case is reachable on NFS/UDP. svc_xprt_set_remote() is only called from svc_tcp_accept() (net/sunrpc/svcsock.c) and from the RDMA connect path; svc_create_socket() for UDP calls only svc_xprt_set_local(), so xpt_remotelen stays 0 for the xprt's lifetime. Every fh_verify trace for an NFSv2/v3-over-UDP request then copies 16 or 28 bytes from xpt_local into a zero-byte slot. The other NFSD tracepoints that record the server address (NFSD_TRACE_PROC_CALL_FIELDS, NFSD_TRACE_PROC_RES_FIELDS, SVC_RQST_ENDPOINT_FIELDS) already size the server slot by xpt_locallen; nfsd_fh_verify and nfsd_fh_verify_err were the only exceptions. Fix by sizing the server slot with xpt_locallen so the declared slot matches the copy length. The client slot and its assignment already agree on xpt_remotelen and are left untouched.",Critical,CVE-2026-89702
Test-VL-Linux,linux-image-7.0.0-34-generic,7.0.0-34.34,"In the Linux kernel, the following vulnerability has been resolved: ceph: properly decrypt filenames in vmalloc() buffers The fscrypt subsystem uses the scatterlist crypto API, inheriting its requirement that any buffers are in the linear mapping region. However, the messenger client uses kvmalloc() to create buffers for messages, which will occasionally place those buffers in the vmalloc() region when physical memory fragmentation doesn't permit a large enough kmalloc(). The various callers of ceph_fname_to_usr() directly pass (slices of) raw messages from the MDS without considering that the messages may be in vmalloc() buffers, resulting in oopses especially on non-x86 platforms (see 'Closes:' for more details and a reproducer). Make ceph_fname_to_usr() explicitly tolerant of vmalloc()-allocated fname-&gt;ctext, fname-&gt;name, and/or oname-&gt;name buffers, using `tname` (which, when non-null, must be a linear address; when null, is briefly allocated as necessary) as a bounce buffer to avoid passing any inappropriate addresses to fscrypt_fname_disk_to_usr(). Additionally change parse_reply_info_readdir() -- the only function to supply its own `tname` -- to follow the new ""tname must never come from vmalloc()"" rule by passing NULL when the message is not in the linear region. Though this causes a per-dentry kmalloc()+kfree(), this overhead exists only when processing the minority of messages that spill into vmalloc(). My (crude) testing puts this at only about 1 in 8,000 readdir messages. Still, if the overhead proves unreasonable in the future, it is easy enough to mitigate: a future change could allocate a bounce buffer in parse_reply_info_readdir() and use that as `tname` instead.",Critical,CVE-2026-90042
Test-VL-Linux,linux-image-7.0.0-34-generic,7.0.0-34.34,"In the Linux kernel, the following vulnerability has been resolved: nfsd: drop the stateid, not the stateowner, on seqid_op replay retry In nfs4_preprocess_seqid_op() the stateid is obtained from nfsd4_lookup_stateid(), which holds a reference on the nfs4_stid (sc_count) but takes no reference on the stateowner. openlockstateid() merely casts that stid and likewise takes no reference. When nfsd4_cstate_assign_replay() returns -EAGAIN (the replay owner is being torn down, RP_UNHASHED) it has not taken a stateowner reference on that path. The error handling nevertheless called nfs4_put_stateowner(stp-&gt;st_stateowner), dropping an so_count reference the function never acquired -- risking a stateowner refcount underflow and use-after-free -- while leaking the sc_count reference held on the stid. The leaked stid reference can also stall a concurrent nfsd4_close_open_stateid() waiting for sc_count to drop. Drop the reference actually held -- the stid -- before retrying. The stateowner stays alive through the reference held by the stid. This mirrors the open path in nfsd4_process_open1(), where the put balances a reference that path explicitly holds on the stateowner.",Critical,CVE-2026-89688
Test-VL-Linux,linux-image-7.0.0-34-generic,7.0.0-34.34,"In the Linux kernel, the following vulnerability has been resolved: nfsd: fix BUG_ON in nfsd4_alloc_layout_stateid on racing delegation revoke nfsd4_alloc_layout_stateid reads fp-&gt;fi_deleg_file without holding fi_lock when the parent stateid is a delegation. A concurrent delegation revoke via the laundromat can clear fi_deleg_file under fi_lock, causing nfsd_file_get() to return NULL and triggering the BUG_ON. This race is client-reachable: two NFS clients can trigger it by having one hold a delegation while another opens the same file to force a recall. When the first client doesn't respond to the recall, the laundromat revokes it. A concurrent LAYOUTGET from any client using the delegation stateid hits the race window. Fix this by taking fi_lock around the fi_deleg_file read in the SC_TYPE_DELEG path, matching the locking discipline of the find_any_file() arm, and replacing the BUG_ON with a graceful error return that cleans up the partially-initialized layout stateid.",Critical,CVE-2026-89686
Test-VL-Linux,linux-image-7.0.0-34-generic,7.0.0-34.34,"In the Linux kernel, the following vulnerability has been resolved: nfsd: fix UAF in async copy cancel and shutdown An async copy could be freed or used after free while a teardown caller (OFFLOAD_CANCEL, nfsd4_shutdown_copy, nfsd4_cancel_copy_by_sb) raced the copy kthread:   - find_async_copy() bumped copy-&gt;refcount but left the copy on     clp-&gt;async_copies, so the reaper's cleanup_async_copy() could run     release_copy_files() concurrently with a cancel/shutdown caller. Both     put and NULL nf_src/nf_dst without a common lock, double-putting the     nfsd_file and freeing it early.   - nfsd4_do_async_copy() set NFSD4_COPY_F_STOPPED before its final uses     of the copy (nfsd_update_cmtime_attr() on copy-&gt;nf_dst,     nfsd4_send_cb_offload()). nfsd4_stop_copy() treats a set STOPPED bit     as ""kthread done, skip kthread_stop()"", so a teardown caller ran     release_copy_files() -- which puts and NULLs nf_dst -- while the     kthread still dereferenced it (NULL/UAF).   - copy-&gt;copy_task was never pinned. The one-shot kthread self-reaps on     return, so kthread_stop()'s get_task_struct() could touch a freed     task_struct.   - co_cb is embedded in the copy, but nfsd4_send_cb_offload() held a     reference only on the client, so a concurrent teardown could free     the copy while the CB_OFFLOAD callback was in flight. Fix the teardown lifetime as a whole:   - find_async_copy() unlinks the copy (clear cp_clp, list_del_init)     under async_lock; the cancel, shutdown, and sb-cancel paths drop the     list-membership reference via nfs4_put_copy() after nfsd4_stop_copy().     Drop the now-redundant list_del fixup from cleanup_async_copy().   - Because unlinking hides the copy from the reaper, its     cleanup_async_copy() can no longer remove the copy's s2s_cp_stateids     entry; the cancel/shutdown/sb-cancel paths now call     nfs4_free_copy_state() themselves (while cp_clp is still valid) so     the entry does not dangle at freed memory for the laundromat and     manage_cpntf_state() to dereference.   - Give the kthread its own reference, taken in nfsd4_copy() before     wake_up_process() and dropped at the end of nfsd4_do_async_copy();     call wake_up_process() before list_add().   - Pin the task_struct with get_task_struct() in nfsd4_copy(), released     in nfs4_put_copy(), so kthread_stop() is safe whenever the kthread     exits. Set NFSD4_COPY_F_STOPPED only in nfsd4_stop_copy(), which now     always kthread_stop()s before release_copy_files(); completion is     still reported via NFSD4_COPY_F_COMPLETED, so     nfsd4_has_active_async_copies() is unaffected. Each teardown caller     removes the copy from clp-&gt;async_copies first, so kthread_stop() runs     exactly once.   - Take a copy reference in nfsd4_send_cb_offload(), dropped in     nfsd4_cb_offload_release(). The kthread still holds its own reference     there, so the refcount_inc() cannot race the final free.   - Read cp_clp with smp_load_acquire() to pair with the unordered     set_bit()/clear_bit() writers (Documentation/atomic_bitops.rst).",Critical,CVE-2026-89675
Test-VL-Linux,linux-image-7.0.0-34-generic,7.0.0-34.34,"In the Linux kernel, the following vulnerability has been resolved: nfsd: fix XDR length calculation in nfsd4_ff_encode_layoutget The XDR buffer size calculation in nfsd4_ff_encode_layoutget() has multiple errors that can result in either an out-of-bounds write or leaking uninitialized kernel memory to the client:  - fh_len doesn't account for XDR padding on the file handle data  - uid and gid lengths use ""8 + len"" but xdr_encode_opaque() actually    writes ""4 + xdr_align_size(len)"" bytes  - ds_len omits the flags and stats_collect_hint fields (8 bytes),    while len's header constant overestimates by 8 bytes -- these    partially cancel but leave a net mismatch The worst case occurs with short strings (e.g. uid=0, gid=0 with an odd-sized file handle), where the function writes up to 5 bytes past the reserved XDR buffer. Conversely, when string lengths happen to be 4-byte aligned, the reservation is too large and stale buffer content is sent to the client. Fix this by breaking out every encoded field explicitly in the ds_len calculation, using xdr_align_size() for all variable-length opaque fields, and correcting the header constants.",Critical,CVE-2026-89674
Test-VL-Linux,linux-image-7.0.0-34-generic,7.0.0-34.34,"In the Linux kernel, the following vulnerability has been resolved: nfsd: gate nfs2 setacl by argp-&gt;mask The NFSACL v2 SETACL path shares the decoder convention used by its v3 sibling: nfsaclsvc_decode_setaclargs() fills in argp-&gt;acl_access only when NFS_ACL is set in the request mask and argp-&gt;acl_default only when NFS_DFACL is set, leaving the other pointer NULL because the argument buffer is zeroed up to pc_argzero before decode. nfsacld_proc_setacl() then hands both pointers to set_posix_acl() unconditionally. set_posix_acl(idmap, dentry, type, NULL) is the VFS ""remove this ACL type"" operation, so an omitted arm is indistinguishable from an explicit request to delete that ACL. A SETACL carrying only NFS_ACL silently strips the directory's default ACL; mask=0 strips both. This is the same defect just fixed in nfsd3_proc_setacl(); apply the same remedy. Gate each set_posix_acl() call on its mask bit and initialize error to 0 so that a request with neither bit set leaves the on-disk ACLs untouched and returns success. The out_drop_lock path and the unconditional posix_acl_release() in nfsaclsvc_release_setacl() already tolerate the skipped arms.",Critical,CVE-2026-89672
Test-VL-Linux,linux-image-7.0.0-34-generic,7.0.0-34.34,"In the Linux kernel, the following vulnerability has been resolved: nfsd: gate nfs3 setacl by argp-&gt;mask nfsd3_proc_setacl() calls set_posix_acl() unconditionally for both ACL_TYPE_ACCESS and ACL_TYPE_DEFAULT, passing argp-&gt;acl_access and argp-&gt;acl_default verbatim. The NFSv3 ACL decoder only populates those pointers when the corresponding mask bit is set:     nfs3svc_decode_setaclargs()       if (args-&gt;mask &amp; NFS_ACL)    decode into acl_access       if (args-&gt;mask &amp; NFS_DFACL)  decode into acl_default       /* otherwise the pointer stays NULL (pc_argzero) */     nfsd3_proc_setacl()       set_posix_acl(.., ACL_TYPE_ACCESS,  argp-&gt;acl_access)       set_posix_acl(.., ACL_TYPE_DEFAULT, argp-&gt;acl_default) set_posix_acl(idmap, dentry, type, NULL) is the VFS ""remove this ACL type"" operation. A NULL pointer that means ""the client did not send this arm"" is therefore indistinguishable from ""the client asked to remove this ACL"". A SETACL with mask=NFS_ACL silently drops the directory's default ACL; mask=0 drops both. The sibling nfsd3_proc_getacl() already consults argp-&gt;mask before touching each arm; mirror that in setacl. Fix by wrapping each set_posix_acl() call in the matching mask bit check and initializing error to 0 before inode_lock so that a request with neither bit set leaves the on-disk ACLs untouched and returns nfs_ok. The out_drop_lock path and the unconditional posix_acl_release() at out: are preserved; both NULL-tolerate the skipped arms.",Critical,CVE-2026-89671
Test-VL-Linux,linux-image-7.0.0-34-generic,7.0.0-34.34,"In the Linux kernel, the following vulnerability has been resolved: xfrm: Fix skb double-free in xfrm_dev_direct_output() A return value other than 1 from local_out() means that the skb has been consumed or its ownership was transferred. xfrm_dev_direct_output() nevertheless frees the skb on this path, causing a double-free when netfilter drops the packet and invalidating any other owner. Return the local_out() result directly, matching the ownership handling in xfrm_output_resume().",Critical,CVE-2026-92489
Test-VL-Linux,linux-image-7.0.0-34-generic,7.0.0-34.34,"In the Linux kernel, the following vulnerability has been resolved: NFSD: Prevent lock owner use-after-free during client teardown __destroy_client() releases a client's open owners, but a lock owner whose only reference is a blocked lock (nbl) stays on cl_ownerstr_hashtbl.  client_has_state() does not count a bare owner, so DESTROY_CLIENTID can reach __destroy_client() with such owners present. __destroy_client() then walks the table, calling remove_blocked_locks() on each owner without a reference.  Freeing a blocked lock drops the owner reference held via flc_owner.  The per-net laundromat reaps blocked locks from nn-&gt;blocked_locks_lru independently of client state. The two paths share blocked_locks_lock only for the list splice, not the owner's lifetime.  The laundromat therefore frees the owner as __destroy_client() dereferences it, a NULL dereference in remove_blocked_locks(). nfsd4_release_lockowner() holds a reference across the same call; __destroy_client() does not.  Hold cl_lock across the walk, taking a reference and unhashing each owner, then drop it before remove_blocked_locks() and nfs4_put_stateowner(), which take blocked_locks_lock and cl_lock.",Critical,CVE-2026-89662
Test-VL-Linux,linux-image-7.0.0-34-generic,7.0.0-34.34,"In the Linux kernel, the following vulnerability has been resolved: NFSD: Prevent client use-after-free during admin state revocation A stateid holds only a bare pointer to its nfs4_client; a stateid reference does not pin it.  The client survives only because __destroy_client() drains its stateids before free_client() runs. nfsd4_revoke_states() drops nn-&gt;client_lock across revoke_one_stid(), which dereferences the client to revoke a stateid and read clp-&gt;cl_minorversion.  A teardown racing the dropped lock can free the client first. Pinning cl_rpc_users under client_lock blocks the DESTROY_CLIENTID and EXCHANGE_ID teardown, which refuses while cl_rpc_users is non-zero. force_expire_client() ignores it: once its wait for cl_rpc_users to reach zero has passed, a later pin goes unnoticed. Under client_lock, skip a client whose cl_time is already zero -- force_expire_client() clears it there before waiting -- otherwise pin cl_rpc_users before dropping the lock.  The walk then either sees the expiry and skips, or pins in time for that wait to cover the revoke.",Critical,CVE-2026-89660
Test-VL-Linux,linux-image-7.0.0-34-generic,7.0.0-34.34,"In the Linux kernel, the following vulnerability has been resolved: NFSD: Prevent client use-after-free during delegation revoke A delegation stateid holds only a bare pointer to its owning nfs4_client and does not keep it alive.  The client survives its stateids only because __destroy_client() drains cl_delegations and cl_revoked before free_client() runs. nfs4_laundromat() breaks that invariant: it unhashes an expired delegation from cl_delegations, drops deleg_lock, then revoke_delegation() relinks it onto cl_revoked under cl_lock.  In that window the delegation is on neither list, so client_has_state() can report no remaining state. Every teardown path first requires cl_rpc_users to be zero, but the laundromat holds no such reference.  A client whose recalled delegation has just timed out can therefore reach free_client() while revoke_delegation() is still about to dereference cl_lock, a use-after-free. Pin the client with cl_rpc_users across the revoke so teardown blocks until it completes, then reap the delegation from cl_revoked.  A client already expiring reaps its own, so skip it and leave the delegation on del_recall_lru.",Critical,CVE-2026-89659
Test-VL-Linux,linux-image-7.0.0-34-generic,7.0.0-34.34,"In the Linux kernel, the following vulnerability has been resolved: NFSD: Prevent client use-after-free during NFSv4.0 revoked-state cleanup nfs40_clean_admin_revoked() takes a stateid reference under clp-&gt;cl_lock, drops nn-&gt;client_lock, and calls nfsd4_drop_revoked_stid(), which dereferences the stateid's client through s-&gt;sc_client-&gt;cl_lock.  The stateid reference does not pin the client, so a teardown racing the dropped lock can free the client while nfsd4_drop_revoked_stid() is still using it. This cleanup runs from the laundromat, so a periodic sweep can race force_expire_client() driven by a write to the clients/&lt;id&gt;/ctl file. Skip a client that is already expiring and otherwise pin it with cl_rpc_users under client_lock before dropping the lock, matching nfsd4_revoke_states().",Critical,CVE-2026-89658
Test-VL-Linux,linux-image-7.0.0-34-generic,7.0.0-34.34,"In the Linux kernel, the following vulnerability has been resolved: libceph: reject buckets with mismatched CRUSH ids crush_decode() stores bucket data by array slot, and the mapper later derives the per-bucket workspace index from the decoded bucket id. A malformed map can therefore make one bucket reuse another bucket's workspace by encoding an id different from -1 - slot. For uniform buckets, the second replica selection expands the source bucket's permutation into that aliased workspace buffer. If the source bucket is larger than the aliased bucket, the write runs past the smaller permutation array and can escape the kvmalloc'd CRUSH workspace. KASAN reports a slab OOB write of 4 bytes in bucket_perm_choose(). Reject buckets whose encoded id does not match their array slot. Valid CRUSH maps already use the canonical negative id corresponding to the bucket slot, so this restores the invariant expected by work-&gt;work[-1 - in-&gt;id] without changing valid map behavior.",Critical,CVE-2026-89656
Test-VL-Linux,linux-image-7.0.0-34-generic,7.0.0-34.34,"In the Linux kernel, the following vulnerability has been resolved: ceph: fix UAF in __kick_flushing_caps() on cf entry freed during unlock list_for_each_entry() iterates ci-&gt;i_cap_flush_list but drops i_ceph_lock to send cap messages.  During the unlock window, handle_cap_flush_ack() can acquire i_ceph_lock, detach cf entries with tid &lt;= flush_tid from the list, release i_ceph_lock, and free them via ceph_free_cap_flush() outside any lock.  When the original thread reacquires i_ceph_lock and the for-loop macro advances via cf = list_next_entry(cf, i_list), it dereferences cf-&gt;i_list.next on freed memory. The race timeline:   __kick_flushing_caps()              handle_cap_flush_ack()   -----------------------             -----------------------   holds i_ceph_lock        &lt;---   iterates to cf (tid=10)   prepares FLUSH message   drops i_ceph_lock        &lt;---   __send_cap() ── FLUSH(tid=10) 	                              MDS sends FLUSH_ACK(tid=10)                            ---&gt;       acquires i_ceph_lock                                       cf-&gt;tid(10) &lt;= flush_tid(10),                                       detaches cf from i_cap_flush_list                                       drops i_ceph_lock                                       ceph_free_cap_flush(cf) &lt;- frees it!   acquires i_ceph_lock     &lt;---   for-loop advances:     cf = list_next_entry(cf, i_list)       -- UAF on freed cf-&gt;i_list.next The cf was just sent by __kick_flushing_caps itself via __send_cap(). The MDS may respond with FLUSH_ACK quickly enough that handle_cap_flush_ack() frees cf before __kick_flushing_caps can finish the iteration. Fix by converting to a manual while loop: save the next pointer under i_ceph_lock before dropping it, then use the saved pointer after reacquiring, so the potentially-freed cf is never accessed again.",Critical,CVE-2026-89655
Test-VL-Linux,linux-image-7.0.0-34-generic,7.0.0-34.34,"In the Linux kernel, the following vulnerability has been resolved: ceph: reject export_targets ranks &gt;= CEPH_MAX_MDS in mdsmap decode MDSMap export_targets entries are monitor controlled. check_new_map() uses each entry as a bit number in a fixed stack bitmap, so a rank outside the protocol namespace can make set_bit() write past the end of the array. Reject ranks outside CEPH_MAX_MDS while decoding the map. Do not validate against possible_max_rank here because maps may legitimately reference ranks beyond a temporarily reduced max_mds.",Critical,CVE-2026-89653
Test-VL-Linux,linux-image-7.0.0-34-generic,7.0.0-34.34,"In the Linux kernel, the following vulnerability has been resolved: ceph: bound copied dentry name length in NFS export get_name ceph_get_name() copies the MDS-supplied name into the caller's NAME_MAX-sized buffer with memcpy(name, rinfo-&gt;dname, rinfo-&gt;dname_len) and then writes name[rinfo-&gt;dname_len] = 0, without checking dname_len against NAME_MAX. A malicious or buggy MDS that returns a LOOKUPNAME reply with dname_len &gt; NAME_MAX overflows the buffer. __get_snap_name() copies rde-&gt;name / rde-&gt;name_len the same unchecked way. Impact: a malicious or compromised Ceph MDS overflows the NAME_MAX name buffer in a client's NFS-export get_name path, a slab out-of-bounds write reported by KASAN. Reachable when a CephFS mount is re-exported over NFS. Add ceph_export_copy_name(), which rejects lengths above NAME_MAX with -ENAMETOOLONG before the copy, and use it in both ceph_get_name() and __get_snap_name().",Critical,CVE-2026-89652
Test-VL-Linux,linux-image-7.0.0-34-generic,7.0.0-34.34,"In the Linux kernel, the following vulnerability has been resolved: ceph: bound MDSCapAuth path and fs_name decode in handle_session() handle_session() decodes the MDSCapAuth records carried by a CEPH_SESSION_OPEN message (msg_version &gt;= 6). For each record the match.path and match.fs_name byte strings are read by first decoding a 32-bit length and then copying that many bytes with the bare ceph_decode_copy(). Unlike the surrounding fields, which all use the _safe decode variants, these two copies are not preceded by a ceph_decode_need() bounds check, and the enclosing MDSCapAuth and MDSCapMatch struct_len fields are skipped rather than enforced as an upper bound. A length larger than the bytes remaining in the message front makes ceph_decode_copy() read past the end of the front buffer. The message front is a dedicated allocation (ceph_msg_new2() -&gt; kvmalloc), so the over-read runs off that object. A malicious or compromised MDS can trigger this with the first post-connect message on mount, with no client-side user interaction; under KASAN it is reported as a slab-out-of-bounds read in handle_session(). Impact: a malicious MDS can force the kernel client to read up to 4 GiB past the message front allocation during session setup, crashing the client (out-of-bounds read). Switch both copies to ceph_decode_copy_safe(), which performs the ceph_decode_need() bounds check before the copy and branches to the existing bad label, matching the rest of the decoder and the error path that frees the partially decoded cap_auths array.",Critical,CVE-2026-89651
Test-VL-Linux,linux-image-7.0.0-34-generic,7.0.0-34.34,"In the Linux kernel, the following vulnerability has been resolved: ceph: bound xattr value length in __build_xattrs() __build_xattrs() decodes the MDS-supplied xattr blob one attribute at a time. For each attribute it reads a 32-bit name length, advances past the name bytes, reads a 32-bit value length, records the value pointer, and advances past the value bytes. The two length fields are read with ceph_decode_32_safe(), but the value bytes themselves are advanced over with a bare ""p += len"" and no ceph_decode_need() check that ""len"" bytes remain in the blob. For every attribute except the last, the next iteration's ceph_decode_32_safe() on the following name length implicitly verifies that the previous value did not run past the blob end. The final attribute has no successor, so its decoded value length is never checked against the blob bounds. A malicious or compromised metadata server can set the last attribute's value length larger than the bytes actually present in the blob. The blob is a dedicated kvmalloc() allocation sized to the wire length (ceph_buffer_new() in ceph_fill_inode()). __set_xattr() records the oversized length in xattr-&gt;val_len verbatim, and a later getxattr(2) runs memcpy(value, xattr-&gt;val, xattr-&gt;val_len) into a user-supplied buffer, copying bytes past the end of the allocation back to user space. Impact: a malicious metadata server discloses adjacent kernel heap bytes to a local user via getxattr(2) on a CephFS file. Add the missing ceph_decode_need() so an out-of-bounds value length on the final attribute fails the decode and returns -EIO instead of being stored.",Critical,CVE-2026-89649
Test-VL-Linux,linux-image-7.0.0-34-generic,7.0.0-34.34,"In the Linux kernel, the following vulnerability has been resolved: audit: avoid dropping live tree ref on fsnotify rule autoremove audit_del_rule() is used for both netlink deletion templates and internal fsnotify autoremove.  The former passes a parsed template which owns a temporary tree reference; the latter passes the installed entry itself. The unconditional audit_put_tree() at the end of audit_del_rule() assumes the template case.  For mixed AUDIT_DIR plus AUDIT_EXE rules, an fsnotify autoremove event therefore drops the installed rule's live tree reference. Repeating this across rules sharing the same tree can free the tree while another rule still references it, and a later autoremove dereferences the freed pathname while comparing rules. Move the temporary-tree put to audit_rule_change(), the caller that owns deletion templates.  Keep it in the AUDIT_DEL_RULE cleanup so both successful deletion and -ENOENT still release the parser-owned tree. [PM: dropped unnecessary comment for line length reasons]",Critical,CVE-2026-89643
Test-VL-Linux,linux-image-7.0.0-34-generic,7.0.0-34.34,"In the Linux kernel, the following vulnerability has been resolved: smb: client: clear ce-&gt;tgthint in free_tgts() When free_tgts() frees all structures in ce-&gt;tlist, ce-&gt;tgthint is left pointing to one of the freed cache_dfs_tgt structures. If ce-&gt;tgthint is not reset before it is used later, it results in a use-after-free. Set ce-&gt;tgthint to NULL in free_tgts() after the elements are freed to reflect that no elements remain.",Critical,CVE-2026-89636
Test-VL-Linux,linux-image-7.0.0-34-generic,7.0.0-34.34,"In the Linux kernel, the following vulnerability has been resolved: smb: client: fix ALIGN() overflow in symlink_data() error context loop The check added by commit 7d9a7f1f96cd (""smb/client: fix possible infinite loop and oob read in symlink_data()"") compared the post-ALIGN length against the remaining buffer, but ALIGN() itself can overflow: for ErrorDataLength near UINT32_MAX (e.g. 0xFFFFFFF9), ALIGN(x, 8) wraps to 0, so the subsequent bounds check passes, and the loop advances by zero bytes leaving 'p' pointing into stale data. Fix by checking the raw ErrorDataLength against the remaining space before applying ALIGN(), then checking again after.  Since raw_len is bounded by the buffer, raw_len + 7 cannot overflow, so the second check is an exact post-alignment bounds guard.",Critical,CVE-2026-89634
Test-VL-Linux,linux-image-7.0.0-34-generic,7.0.0-34.34,"In the Linux kernel, the following vulnerability has been resolved: smb: client: reject a tree connect response whose byte count is too small CIFSTCon() bounds its strnlen() over the byte area with the server's ByteCount minus two, which for ByteCount 0 or 1 goes negative as an int and converts to a huge size_t.  The later subtraction wraps the __u16 bytes_left, and that is what bounds cifs_strndup_from_utf16(): a bound of up to 65535 against a ~16 KB cifs_req_poolp object runs off the end of the slab object, and the bytes reach userspace through tcon-&gt;nativeFileSystem in /proc/fs/cifs/DebugData. Reject a byte area too small for what the parser consumes.  Two bytes is the least it can consume, and no conformant response carries fewer.  The new trace point is the 129th smb_eio_trace entry, which __mode(byte) cannot represent, so the attribute goes with it.",Critical,CVE-2026-89631
Test-VL-Linux,linux-image-7.0.0-34-generic,7.0.0-34.34,"In the Linux kernel, the following vulnerability has been resolved: smb: client: restore the data_offset bound in is_valid_oplock_break() Commit 83bfbd0bb902 (""cifs: Remove the RFC1002 header from smb_hdr"") changed the quantity this bound is measured against.  It used to be srv-&gt;total_read minus the 4-byte RFC1002 preamble that total_read then included, so it was the SMB message length.  The same commit stopped counting the preamble, and the mechanical substitution to srv-&gt;total_read - srv-&gt;pdu_size left an expression that is identically zero: standard_receive3() reads MID_HEADER_SIZE() bytes and then exactly pdu_length - MID_HEADER_SIZE() more, adding both to total_read. len is therefore 0, the subtraction below it wraps, and no __u32 DataOffset can exceed the result, so the check from commit 097f5863b1a0 (""cifs: read overflow in is_valid_oplock_break()"") no longer rejects anything.  Use total_read, which is now the message length on its own.",Critical,CVE-2026-89630
Test-VL-Linux,linux-image-7.0.0-34-generic,7.0.0-34.34,"In the Linux kernel, the following vulnerability has been resolved: net: skbuff: don't skb_tx_error() the source skb in skb_zerocopy() skb_zerocopy() copies frags from @from into @to. On an skb_orphan_frags() failure it calls skb_tx_error(@from), a destructive operation on the source skb the copy helper does not own. That completes @from's zerocopy uarg and clears SKBFL_ALL_ZEROCOPY, including the SKBFL_SHARED_FRAG page-ownership marker. Both callers already report the failure on their own drop path. nfnetlink_queue does it at nla_put_failure, and Open vSwitch does it in the flow-miss drop arm of ovs_dp_process_packet(), so nothing is lost by dropping it here. On Open vSwitch's OVS_ACTION_ATTR_USERSPACE path the skb is not freed on this error: do_execute_actions() ignores output_userspace()'s return value and, unless the upcall was the last action, keeps forwarding the same skb through the flow's remaining actions. The uarg is completed while that skb is still in flight, telling the producer its buffers are free, and SKBFL_SHARED_FRAG is cleared on an skb the rest of the stack still handles. That flag is what makes esp_input() call skb_cow_data() instead of decrypting in place, so a later local ESP delivery can decrypt over frags the skb does not own privately. Leave error reporting to the callers.",Critical,CVE-2026-90049
Test-VL-Linux,linux-image-7.0.0-34-generic,7.0.0-34.34,"In the Linux kernel, the following vulnerability has been resolved: md/raid10: fix still_degraded being inverted in raid10_sync_request() Commit fe6a19d40ceb (""md/md-bitmap: merge md_bitmap_start_sync() into bitmap_operations"") converted still_degraded from int to bool, but inverted the assignment in the loop that checks whether the array will still be degraded after the current device is recovered: ""still_degraded = 1"" became ""still_degraded = false"". As a result, recovering a device while another mirror is still missing calls md_bitmap_start_sync() with degraded == false, which clears bitmap bits that the still-missing device needs.  When that device is re-added, its bitmap-based recovery finds the bits already cleared and skips every region written while the array was degraded, so it is marked In_sync while holding stale data: silent corruption. Reproducer (raid10 near=2, 4 disks, internal bitmap):  - fail and remove one disk of each mirror pair  - write to the degraded array  - re-add both disks and let recovery finish  - ""check"" reports mismatch_cnt=262272 after 256 MiB of degraded    writes and file contents differ; the second disk's ""recovery""    completes in milliseconds because everything is skipped The same conversion in raid1 got it right (still_degraded = true). Restore the correct value.",Critical,CVE-2026-89558
Test-VL-Linux,linux-image-7.0.0-34-generic,7.0.0-34.34,"In the Linux kernel, the following vulnerability has been resolved: mpls: reload header after pskb_may_pull() mpls_select_multipath() calls mpls_multipath_hash() to choose a nexthop when an MPLS route has multiple nexthops.  While walking the MPLS label stack, the hash routine caches hdr for the current label.  After finding the bottom-of-stack label, it calls pskb_may_pull() before reading the inner IP header. If an skb is constructed with the inner IP header in nonlinear data and insufficient tailroom in the linear head, pskb_may_pull() calls pskb_expand_head() to replace the skb head and free the old one.  This leaves hdr pointing to freed memory.  The IPv6 path can invalidate hdr again when it performs a second pull for the larger header. The issue was found through static analysis.  A reproducer sending a legal Geneve packet through a bareudp/MPLS multipath setup triggered the same KASAN report in 2 of 2 unpatched runs:   BUG: KASAN: slab-use-after-free in mpls_select_multipath   Read of size 1 at addr ffff88800ecc6e20 by task ksoftirqd/1/23   Call Trace:    mpls_select_multipath    mpls_forward    __netif_receive_skb_list_core    netif_receive_skb_list_internal    napi_complete_done    gro_cell_poll    __napi_poll    net_rx_action   Freed by task 23:    kfree    pskb_expand_head    __pskb_pull_tail    mpls_select_multipath Reload hdr from the current skb head after each successful pull before deriving the inner IPv4 or IPv6 header pointer.",Critical,CVE-2026-89555
Test-VL-Linux,linux-image-7.0.0-34-generic,7.0.0-34.34,"In the Linux kernel, the following vulnerability has been resolved: SUNRPC: xdr_buf_trim: clamp buf-&gt;len to avoid underflow xdr_buf_trim() trims `len` bytes from the tail of an xdr_buf by walking the tail, pages, and head iovecs.  Each per-section step uses min_t() so it never removes more bytes than that section holds, but the final accounting at the fix_len label subtracts the total bytes actually consumed from buf-&gt;len without any clamp:     fix_len:             buf-&gt;len -= (len - trim); When the caller has set buf-&gt;len to a value smaller than the sum of the iov_lens, (len - trim) can exceed buf-&gt;len and the unsigned subtraction wraps to near UINT_MAX.  gss_krb5_unwrap_v2() reaches xdr_buf_trim() in exactly that state:     buf-&gt;head[0].iov_len -= GSS_KRB5_TOK_HDR_LEN + headskip;     buf-&gt;len = len - (GSS_KRB5_TOK_HDR_LEN + headskip);     xdr_buf_trim(buf, ec + GSS_KRB5_TOK_HDR_LEN + tailskip); buf-&gt;len is a small wire-derived value while the iov_lens are at page scale, so the per-section loops legitimately consume far more bytes than buf-&gt;len records.  The wrapped buf-&gt;len then propagates as the authoritative stream bound into every downstream XDR decoder. Fix by clamping the decrement so buf-&gt;len bottoms out at zero:     buf-&gt;len -= min_t(unsigned int, buf-&gt;len, len - trim); On the normal path where the iov_lens sum to buf-&gt;len, (len - trim) is always &lt;= buf-&gt;len and the result is identical to before.  No callers change behavior outside the underflow case.",Critical,CVE-2026-89551
Test-VL-Linux,linux-image-7.0.0-34-generic,7.0.0-34.34,"In the Linux kernel, the following vulnerability has been resolved: SUNRPC: close backchannel before destroying callback service A backchannel receive can complete a request while the NFS callback service is being torn down.  xprt_complete_bc_request() removes the request from bc_pa_list, drops bc_alloc_count, marks the request in use, and then asks xprt_enqueue_bc_request() to hand it to the callback service. If teardown has already cleared xprt-&gt;bc_serv, xprt_enqueue_bc_request() currently returns without enqueueing or freeing the committed request. The xprt_get() taken on entry is leaked as well.  If the producer wins the race before bc_serv is cleared, it can also enqueue onto sv_cb_list after nfs_callback_down() has stopped the callback threads, leaving the request linked to a svc_serv that is about to be freed. Close the producer side before callback threads are stopped.  Add xprt_svc_shutdown_bc() to clear xprt-&gt;bc_serv under bc_pa_lock, and call it on callback shutdown and callback-start failure before stopping the service threads.  Requests that lose the NULL transition in xprt_enqueue_bc_request() are released through the normal backchannel free path after balancing bc_slot_count.  Finally, drain any remaining sv_cb_list requests after the callback threads have stopped and before svc_destroy() frees the service.",Critical,CVE-2026-89546
Test-VL-Linux,linux-image-7.0.0-34-generic,7.0.0-34.34,"In the Linux kernel, the following vulnerability has been resolved: SUNRPC: harden gss_krb5_unwrap_v2 against short tokens gss_krb5_unwrap_v2() reads the EC and RRC header fields at ptr+4 and ptr+6 before validating that the token is at least GSS_KRB5_TOK_HDR_LEN (16) bytes long, and its rotate_left() helper passes buf-&gt;len - base to xdr_buf_subsegment() without verifying that base &lt;= buf-&gt;len. When a caller hands in a sub-16-byte token, or a token whose declared len leaves base past the end of the buffer, three distinct failures follow:     gss_krb5_unwrap_v2(offset, len, buf)       ptr = buf-&gt;head[0].iov_base + offset       ec  = *(ptr + 4)              /* OOB read on short head */       rrc = *(ptr + 6)              /* OOB read on short head */       rotate_left(offset + 16, buf, rrc)         xdr_buf_subsegment(buf, &amp;subbuf,                            base, buf-&gt;len - base)   /* u32 wrap when base &gt; len */         _rotate_left(&amp;subbuf, shift)           shift %= buf-&gt;len         /* divide-by-zero when base == len */ After decryption, the cleanup arithmetic has the same shape:     movelen = min_t(unsigned int, buf-&gt;head[0].iov_len, len);     movelen -= offset + GSS_KRB5_TOK_HDR_LEN + headskip;     BUG_ON(offset + GSS_KRB5_TOK_HDR_LEN + headskip + movelen &gt;                                             buf-&gt;head[0].iov_len); The BUG_ON re-adds the value just subtracted, so it reduces to min(A, B) &gt; A and is permanently false; it cannot catch the unsigned underflow of movelen, which then drives a ~UINT_MAX-byte memmove(). Add four defense-in-depth guards inside the unwrap core so it is safe regardless of what its callers validate:   - reject tokens with len - offset &lt; GSS_KRB5_TOK_HDR_LEN before     touching ptr+4/ptr+6;   - bail from rotate_left() when buf-&gt;len &lt;= base, covering both the     underflow and zero-length cases;   - return early from _rotate_left() when buf-&gt;len is zero, so the     shift %= buf-&gt;len modulo cannot fault;   - replace the dead BUG_ON with a live check that returns     GSS_S_DEFECTIVE_TOKEN before the movelen subtraction.",Critical,CVE-2026-89542
Test-VL-Linux,linux-image-7.0.0-34-generic,7.0.0-34.34,"In the Linux kernel, the following vulnerability has been resolved: SUNRPC: harden gss_unwrap_resp_priv length checks gss_unwrap_resp_priv() validates the RPCSEC_GSS opaque length with     offset = (u8 *)(p) - (u8 *)head-&gt;iov_base;     if (offset + opaque_len &gt; rcv_buf-&gt;len)             goto unwrap_failed;     maj_stat = gss_unwrap(ctx-&gt;gc_gss_ctx, offset,                           offset + opaque_len, rcv_buf); Both operands are u32 and the sum is computed in u32. A reply with opaque_len near 0xffffffff makes offset + opaque_len wrap to a small value that is below rcv_buf-&gt;len, so the bound check passes and gss_unwrap() is called with end &lt; begin. The check also lacks a lower bound, so any opaque_len in [0, GSS_KRB5_TOK_HDR_LEN) is accepted and forwarded to gss_krb5_unwrap_v2(), whose pre-decrypt header reads at ptr+4 and ptr+6 then run past the token. A krb5p NFS server returning a crafted RPCSEC_GSS reply can drive the client into out-of-bounds reads in gss_krb5_unwrap_v2() and the rotate_left() loop that follows. Fix by replacing the single combined check with three guards that are safe in u32 arithmetic and that enforce the RFC 4121 minimum outer token length:     if (offset &gt; rcv_buf-&gt;len)             goto unwrap_failed;     if (opaque_len &gt; rcv_buf-&gt;len - offset)             goto unwrap_failed;     if (opaque_len &lt; GSS_KRB5_TOK_HDR_LEN)             goto unwrap_failed; The first guard makes the subtraction in the second guard unconditionally safe; offset is derived from a successful xdr_inline_decode() in the head kvec, so in practice it already satisfies the bound. The floor mirrors the server-side check added in commit 5b757c2e57a5 (""SUNRPC: svcauth_gss: enforce krb5 token minimum length"").",Critical,CVE-2026-89541
Test-VL-Linux,linux-image-7.0.0-34-generic,7.0.0-34.34,"In the Linux kernel, the following vulnerability has been resolved: SUNRPC: Reject short RFC 4121 MIC tokens in gss_krb5_verify_mic_v2 gss_krb5_verify_mic_v2() reads the token ID at ptr[0..1], the flags byte at ptr[2], and padding at ptr[3..7], then passes ptr + GSS_KRB5_TOK_HDR_LEN and cksum_len to gss_krb5_mic_build_sg(). None of these accesses check read_token-&gt;len first. The minimum safe token size is GSS_KRB5_TOK_HDR_LEN (16) plus ctx-&gt;krb5e-&gt;cksum_len (12-24, depending on the enctype).  All callers accept shorter tokens from the wire:  - gss_unwrap_resp_integ() enforces only an upper bound    (offset + len &lt;= rcv_buf-&gt;len) before allocating    mic.data = kmalloc(len) and passing it to gss_verify_mic().    A malicious NFS server can therefore supply a short checksum    opaque, producing a small slab allocation that the Kerberos MIC    verifier reads past.  - gss_validate() enforces only len &lt;= RPC_MAX_AUTH_SIZE (400)    before passing the wire-supplied length to    gss_validate_seqno_mic(), which constructs a mic xdr_netobj    and calls gss_verify_mic().  - svcauth_gss_verify_header() enforces only    checksum.len &gt;= XDR_UNIT (4 bytes) before dispatching to    gss_verify_mic().  - svcauth_gss_unwrap_integ() checks only that the checksum fits    in gsd-&gt;gsd_scratch. Add a length guard at the top of gss_krb5_verify_mic_v2(), before any ptr[] access or scatterlist construction.  Well-formed MIC tokens from gss_krb5_get_mic_v2() already have exactly GSS_KRB5_TOK_HDR_LEN + cksum_len bytes, so valid traffic is unaffected.",Critical,CVE-2026-89537
Test-VL-Linux,linux-image-7.0.0-34-generic,7.0.0-34.34,"In the Linux kernel, the following vulnerability has been resolved: SUNRPC: wait for in-flight client TLS handshake callback xs_tls_handshake_sync() gives xs_tls_handshake_done() a reference to the lower transport before submitting the handshake request. On timeout or signal, the synchronous waiter drops that reference after calling tls_handshake_cancel(). handshake_req_cancel() returns false when handshake_complete() has already marked the request complete. In that case the completion callback can still be running, so dropping the callback-owned reference in the waiter can free the lower transport before xs_tls_handshake_done() stores xprt_err or drops its own reference. If cancellation loses to completion, wait until xs_tls_handshake_done() signals handshake_done and let the callback release its reference. This mirrors the server-side handshake lifetime handling and keeps the timeout or signal return value unchanged.",Critical,CVE-2026-89536
Test-VL-Linux,linux-image-7.0.0-34-generic,7.0.0-34.34,"In the Linux kernel, the following vulnerability has been resolved: svcrdma: Fix offset arithmetic in read_chunk_range svc_rdma_read_chunk_range() walks a Read chunk's segment list to build a sub-range starting at byte offset and spanning length bytes for a Position-Zero or Call chunk. Two arithmetic defects in the per-segment loop produce wrong DMA lengths and a u32 underflow:     pcl_for_each_segment(segment, chunk) {             if (offset &gt; segment-&gt;rs_length) {                     offset -= segment-&gt;rs_length;                     continue;             }             dummy.rs_handle = segment-&gt;rs_handle;             dummy.rs_length = min_t(u32, length,                                     segment-&gt;rs_length) - offset;             dummy.rs_offset = segment-&gt;rs_offset + offset; First, the skip predicate uses '&gt;' instead of '&gt;='. When offset equals the segment's full rs_length, the segment is fully consumed and should be skipped, but the loop falls through into the body. The resulting dummy.rs_length is min_t(u32, length, rs_length) - rs_length, which underflows to a near-UINT_MAX u32 when length is smaller than rs_length, or is zero otherwise. Second, the length formula subtracts offset from the min_t() result rather than from segment-&gt;rs_length before the cap. For offset &gt; 0 the segment's residual is rs_length - offset, not rs_length, so the cap must be applied to the residual. With the current bracketing, whenever length is smaller than rs_length - offset the per-segment length becomes length - offset instead of length, silently dropping offset bytes from the rebuilt chunk. Combined with the boundary case above it also enables the u32 underflow path, which propagates a huge nr_bvec into svc_rdma_build_read_segment() and a multi-MiB kmalloc_array_node() in svc_rdma_get_rw_ctxt(). Additionally, svc_rdma_read_call_chunk() can invoke this function with length == 0 when the last Read chunk ends exactly at the end of the Call chunk. With the corrected &gt;= predicate, every segment is skipped and the function returns the initial -EINVAL, rejecting a valid request. Return success immediately when length is zero. Also break out of the loop once length is fully consumed to avoid passing zero-length segments to svc_rdma_build_read_segment(). Fix by using '&gt;=' so a fully-consumed segment is skipped, by moving '- offset' inside min_t() so the cap is applied to the segment's residual length, by returning success for zero-length requests, and by stopping iteration when the requested range has been consumed.",Critical,CVE-2026-89533
Test-VL-Linux,linux-image-7.0.0-34-generic,7.0.0-34.34,"In the Linux kernel, the following vulnerability has been resolved: svcrdma: Fix pcl_for_each_segment for empty chunks When a parsed chunk list contains a chunk whose ch_segcount is zero, pcl_for_each_segment computes its inclusive upper bound as &amp;chunk-&gt;ch_segments[ch_segcount - 1]. ch_segcount is u32, so the subtraction wraps to 0xFFFFFFFF and the bound lands far past the ch_segments flex array. The loop body then walks unrelated memory at sizeof(struct svc_rdma_segment) stride until it faults. A zero-segcount chunk is reachable from the wire: xdr_check_write_chunk() only rejects segcount values greater than rc_maxpages, and pcl_alloc_write() links a freshly allocated chunk onto rc_write_pcl/rc_reply_pcl before its segment-fill loop runs, so a Write or Reply chunk advertising zero segments leaves ch_segcount == 0 on the list. When the transport has negotiated Send-With-Invalidate, svc_rdma_get_inv_rkey() iterates all four PCLs with pcl_for_each_segment and dereferences segment-&gt;rs_handle on each iteration, turning the underflow into an out-of-bounds read and a general protection fault.     xdr_check_write_list / xdr_check_reply_chunk       pcl_alloc_write()         chunk = pcl_alloc_chunk(...)  /* ch_segcount = 0 */         list_add_tail(&amp;chunk-&gt;ch_list, &amp;pcl-&gt;cl_chunks)         /* fill loop iterates zero times for wire segcount 0 */     svc_rdma_get_inv_rkey()       pcl_for_each_chunk(rc_write_pcl)         pcl_for_each_segment(segment, chunk)           pos &lt;= &amp;ch_segments[0u - 1u]  /* 0xFFFFFFFF */           segment-&gt;rs_handle            /* OOB read -&gt; GPF */ Fix by switching the macro to a half-open upper bound that uses ch_segcount directly. For ch_segcount == 0 the loop start equals the loop end and the body is skipped; for ch_segcount &gt; 0 the iteration range is unchanged. All six existing call sites in net/sunrpc/xprtrdma/svc_rdma_recvfrom.c and net/sunrpc/xprtrdma/svc_rdma_rw.c remain correct under the new bound, so no caller changes are needed.",Critical,CVE-2026-89532
Test-VL-Linux,linux-image-7.0.0-34-generic,7.0.0-34.34,"In the Linux kernel, the following vulnerability has been resolved: ceph: lock mutex in ceph_mds_check_access() MDS session OPEN handling replaces mdsc-&gt;s_cap_auths under mdsc-&gt;mutex, freeing the previous array and its strings. ceph_mds_check_access() traverses this array without holding the mutex.  A concurrent session reopen can therefore free the array while it is being inspected, resulting in a use-after-free like this:   Unable to handle kernel paging request at virtual address 003aaad64b2c8bb9   [...]   Internal error: Oops: 0000000096000004 [#1]  SMP   Modules linked in:   CPU: 56 UID: 2953037534 PID: 1253231 Comm: php-cgi8.4 Not tainted 6.18.45-i2-ampere #1146 NONE   [..]   pc : ceph_mds_check_access+0xd4/0x550   lr : ceph_mds_check_access+0xc8/0x550   [...]   Call trace:    ceph_mds_check_access+0xd4/0x550 (P)    ceph_atomic_open+0x138/0xbe8    path_openat+0xa24/0xfa8    do_filp_open+0x94/0x158    do_sys_openat2+0x88/0xf8",Critical,CVE-2026-89990
Test-VL-Linux,linux-image-7.0.0-34-generic,7.0.0-34.34,"In the Linux kernel, the following vulnerability has been resolved: svcrdma: Reject inline replies that overflow the pull-up buffer An RPC-over-RDMA client can request a reply, such as an NFS READ payload, without providing a Write list or a Reply chunk to carry it. When such a reply needs more scatter/gather entries than the device's Send Queue supports, svc_rdma_pull_up_needed() selects pull-up and svc_rdma_pull_up_reply_msg() linearizes the whole reply into sctxt-&gt;sc_xprt_buf. That buffer is only sc_max_req_size bytes, while the reply on this path is bounded only by the client's request, so svc_rdma_xb_linearize() copies past the end of the buffer and corrupts adjacent slab memory. The oversized length is then stored in sc_sges[0].length and posted, so the device also reads beyond the mapped region. The SGE-exhaustion branch is the only pull-up path that can exceed the buffer: the threshold branch pulls up only replies smaller than RPCRDMA_PULLUP_THRESH, and replies that fit the device's SGE budget are sent directly without linearization. Make svc_rdma_pull_up_needed() report -E2BIG when the reply it would pull up cannot fit sc_max_req_size, and fail the request with ERR_CHUNK as RFC 8166 Section 4.5.3 directs rather than dropping the connection. The helper no longer answers a simple yes/no question: it now reports pull-up, no pull-up, or -E2BIG for a reply too large to linearize. Rename svc_rdma_pull_up_needed() to svc_rdma_check_pull_up() so its name no longer implies a boolean predicate.",Critical,CVE-2026-89530
Test-VL-Linux,linux-image-7.0.0-34-generic,7.0.0-34.34,"In the Linux kernel, the following vulnerability has been resolved: ocfs2: bound namelen in dlm_migrate_request_handler Patch series ""ocfs2/dlm: bound peer-controlled lengths in the o2dlm"". The o2dlm receive handlers trust u8 length and count fields from the wire without bounding them, so a node in a DLM domain can corrupt or panic any other node with a malformed message.  Three defects:   - dlm_migrate_request_handler() passes migrate-&gt;namelen unchecked to     dlm_init_mle(), which memcpy()s it into the 32-byte mname[] of an     o2dlm_mle slab object: a heap out-of-bounds write of up to ~215     attacker-controlled bytes.   - dlm_mig_lockres_handler() passes mres-&gt;lockname_len unchecked to     dlm_init_lockres(), which memcpy()s it into the 32-byte o2dlm_lockname     slab object: a heap out-of-bounds write of up to ~223 bytes.   - the same handler trusts mres-&gt;num_locks without checking that the     message is large enough to hold that many entries, so     dlm_process_recovery_data() walks mres-&gt;ml[] past the kmalloc(data_len)     copy and trips a BUG_ON (an out-of-bounds read ending in a panic). The other o2dlm receive handlers already reject an oversized name; the migration and recovery handlers have omitted it since the DLM was added (see the Fixes tags).  Patch 1 bounds namelen; patch 2 validates lockname_len, num_locks, and the payload size.  Conforming recovery and migration traffic is unaffected. o2net authenticates peers only by the DLM domain key, so any node that has joined the domain -- including a compromised or malicious member -- can send these messages.  There is no local trigger; the attacker must already be a member of the cluster. Each sink was confirmed under KASAN with an out-of-tree module mirroring it exactly -- a kmem_cache/kmalloc of the real destination size, then the same unclamped memcpy/loop: slab-out-of-bounds Write for the two writes, Read for the recovery walk, and a panic.  A userspace AddressSanitizer build faults identically under -m32 and -m64.  Scrubbed logs are available on request. I reported this privately to security@kernel.org and the ocfs2 maintainers on 2026-06-20; with no response after the standard embargo period I am posting the fix publicly.  I have no embargo requirement. This patch (of 2): A node receiving a DLM_MIGRATE_REQUEST message trusts the peer-supplied name length (migrate-&gt;namelen) without bounding it.  dlm_init_mle() then copies that many bytes into the fixed DLM_LOCKID_NAME_MAX-byte mname[] array of an o2dlm_mle slab object, so a malformed message from a cluster peer overflows the slab object by up to ~215 bytes: a heap out-of-bounds write of attacker-controlled data, reachable by any node in the domain. Reject an oversized name, the way dlm_master_request_handler() and the other o2dlm receive handlers already do; the migration handler omits the check entirely.  Conforming messages are unaffected.",Critical,CVE-2026-89495
Test-VL-Linux,linux-image-7.0.0-34-generic,7.0.0-34.34,"In the Linux kernel, the following vulnerability has been resolved: ocfs2: validate lengths in dlm_mig_lockres_handler A node receiving a DLM_MIG_LOCKRES message trusts several fields of the peer-supplied dlm_migratable_lockres without validation.  num_locks and lockname_len are bounded only on the sending side, and the message is never checked to actually carry num_locks migratable_lock entries.  As a result dlm_process_recovery_data() walks mres-&gt;ml[0..num_locks) past the kmalloc(data_len) copy of the message (an out-of-bounds read that ends in a BUG_ON panic), and dlm_init_lockres() copies lockname_len bytes into the fixed 32-byte o2dlm_lockname slab object (a heap out-of-bounds write). Both are reachable by any node in the domain. Validate these fields right after dlm_grab(), before anything uses them -- including the not-joined error path, which already prints mres-&gt;lockname with the unbounded lockname_len as a %.*s precision.  Reject the message unless lockname_len &lt;= DLM_LOCKID_NAME_MAX, num_locks &lt;= DLM_MAX_MIGRATABLE_LOCKS (the bound the sender already asserts), and the payload is large enough to hold the claimed locks.  Conforming recovery and migration messages are unaffected.",Critical,CVE-2026-89494
Test-VL-Linux,linux-image-7.0.0-34-generic,7.0.0-34.34,"In the Linux kernel, the following vulnerability has been resolved: ocfs2: validate directory-index entry counts when reading metadata ocfs2_validate_dx_leaf() and ocfs2_validate_dx_root() check the ECC and signature of an indexed-directory block before it reaches higher-level callers, but neither validator bounds the ocfs2_dx_entry_list counts against the capacity of the block that holds them. ocfs2_dx_dir_search() then walks 	for (i = 0; i &lt; le16_to_cpu(entry_list-&gt;de_num_used); i++) 		dx_entry = &amp;entry_list-&gt;de_entries[i]; over de_num_used entries with no bounds check.  entry_list is either dx_leaf-&gt;dl_list (from ocfs2_read_dx_leaf) or, for an inline root, dx_root-&gt;dr_entries.  A crafted on-disk image can set de_num_used (and de_count, which is the __counted_by_le() bound of de_entries) to 0xffff and make the walk read far past the end of the 4KB metadata block, giving a slab out-of-bounds read reachable from any path lookup, stat() or open() on an indexed directory once the image is mounted. Commit 775c17386a6f (""ocfs2: validate dx_root extent list fields during block read"") already bounds dr_list for the non-inline dx_root, but left the inline dr_entries path and the dx_leaf dl_list unchecked.  Add the same read-time validation for both entry lists: de_count must equal the capacity of the block (ocfs2_dx_entries_per_leaf()/per_root()) and de_num_used must not exceed de_count, rejecting corrupted metadata with -EFSCORRUPTED before ocfs2_dx_dir_search() can walk an out-of-range entry array. de_count is always written as exactly the block capacity when a leaf or inline root is formatted, so the equality check does not reject any valid image. Found by 0sec automated security-research tooling (https://0sec.ai).",Critical,CVE-2026-89492
Test-VL-Linux,linux-image-7.0.0-34-generic,7.0.0-34.34,"In the Linux kernel, the following vulnerability has been resolved: lockd: pin next file across nlm_inspect_file lock-drop nlm_traverse_files() pins the current file with f_count++ across a mutex_unlock for nlm_inspect_file(), but nothing pins the saved next pointer.  A concurrent nlm_release_file() can kfree the next file during the unlock window, and the iterator dereferences freed memory on the next loop step. Pin both current and next before the lock-drop.  Advance by swapping the pinned cursors at the end of each iteration so next is always held alive across the unlock. Always call nlm_file_release() after dropping the iteration pin, regardless of whether the file matched the predicate.  Use nlm_file_inuse(), which does a live walk of the inode lock list, rather than the cached f_locks field, so skipped files that never ran nlm_inspect_file() are evaluated correctly. Because every file in a hash bucket is now pinned and released, files skipped by the is_failover_file predicate that have no locks, blocks, shares, or external references are deleted during traversal.  The old code never evaluated skipped files for cleanup.  The new behavior is intentional: such files are stale and should not persist in the table.",Critical,CVE-2026-89485
Test-VL-Linux,linux-image-7.0.0-34-generic,7.0.0-34.34,"In the Linux kernel, the following vulnerability has been resolved: nvme-tcp: do not accept C2HData based on blk_rq_payload_bytes() alone Commit 25e5cb780e62 (""nvme-tcp: fix possible crash in write_zeroes processing"") established that blk_rq_payload_bytes() must not be read without first checking blk_rq_nr_phys_segments(), and recorded the result in nvme_tcp_setup_cmd_pdu() as req-&gt;data_len. The receive side was left as it was. The two differ for REQ_OP_WRITE_ZEROES, which has no physical segments but a non-zero blk_rq_bytes(), so setup leaves req-&gt;iter untouched while the receive gate lets a C2HData through and nvme_tcp_recv_data() copies into whatever the previous command on that tag left there. The driver-private area is zeroed only when the tag set is allocated. Reproduced with a test target that leaves a residual iterator on a tag and then sends a C2HData for a WRITE_ZEROES command on the same tag: BUG: KASAN: wild-memory-access in _copy_to_iter+0x642/0x1330 Write of size 512 at addr ffe728c2175dfa81 by task kworker/0:1H/103 CPU: 0 UID: 0 PID: 103 Comm: kworker/0:1H Not tainted 7.2.0-rc5-NVMETCP-gf5098b6bae76 #1 PREEMPT(lazy) Hardware name: QEMU Ubuntu 24.04 PC v2 (i440FX + PIIX, arch_caps fix, 1996), BIOS 1.16.3-debian-1.16.3-2 04/01/2014 Workqueue: nvme_tcp_wq nvme_tcp_io_work Call Trace:  &lt;TASK&gt;  dump_stack_lvl+0x53/0x70  kasan_report+0xce/0x100  ? _copy_to_iter+0x642/0x1330  kasan_check_range+0x105/0x1b0  __asan_memcpy+0x3c/0x60  _copy_to_iter+0x642/0x1330  ? __pfx_sock_has_perm+0x10/0x10  ? worker_thread+0x45b/0xd10  ? __pfx__copy_to_iter+0x10/0x10  ? _raw_spin_lock_bh+0x83/0xe0  ? __pfx__raw_spin_lock_bh+0x10/0x10  __skb_datagram_iter+0xf3/0x820  ? __pfx_simple_copy_to_iter+0x10/0x10  ? __asan_memcpy+0x3c/0x60  ? skb_copy_bits+0x58d/0x830  skb_copy_datagram_iter+0x37/0x120  nvme_tcp_recv_skb+0xa07/0x4320  ? __pfx_nvme_tcp_recv_skb+0x10/0x10  __tcp_read_sock+0x1ab/0x810  ? __pfx_nvme_tcp_recv_skb+0x10/0x10  ? __pfx_lock_sock_nested+0x10/0x10  ? __pfx___tcp_read_sock+0x10/0x10  nvme_tcp_try_recv+0x152/0x1e0  ? __pfx_nvme_tcp_try_recv+0x10/0x10  ? __pfx_mutex_unlock+0x10/0x10  nvme_tcp_io_work+0x1e4/0x6c0  ? __schedule+0x181a/0x49f0  ? __pfx_nvme_tcp_io_work+0x10/0x10  process_one_work+0x633/0x1030 Keep the blk_rq_payload_bytes() test and add req-&gt;data_len to it. The old test is what rejects a C2HData naming a tag that is no longer in flight, because blk_update_request() zeroes rq-&gt;__data_len on completion; req-&gt;data_len and req-&gt;curr_bio are driver-private and survive completion, so they cannot stand in for it. Setup initialises the iterator only when both req-&gt;curr_bio and req-&gt;data_len are set, so the gate now tests the same two.",Critical,CVE-2026-89482
Test-VL-Linux,linux-image-7.0.0-34-generic,7.0.0-34.34,"In the Linux kernel, the following vulnerability has been resolved: sctp: stop processing a packet once its association is deleted sctp_endpoint_bh_rcv() looks the association up only when chunk-&gt;asoc is NULL, and caches the result in chunk-&gt;asoc and chunk-&gt;transport without taking a reference. A packet that matches no association is handed to the endpoint, so a peer can bundle COOKIE ECHO, SHUTDOWN and SHUTDOWN ACK in one packet. The COOKIE ECHO creates the association, the SHUTDOWN chunk caches it, and with the outqueue empty the SHUTDOWN ACK reaches sctp_sf_do_9_2_final(), so the association and its transports are freed. The endpoint loop has no counterpart to the asoc-&gt;base.dead check in sctp_assoc_bh_rcv(). The next chunk writes to last_time_heard in the freed transport and is then passed to sctp_do_sm() with the freed association. The transport is freed through RCU, so this needs the packet to come off the socket backlog, where the loop runs in task context. The endpoint loop cannot do the same check: it holds no reference on the association, so reading asoc-&gt;base.dead would itself be a use-after-free. Mark the packet for discard in the command interpreter, just before it deletes the association. That is also before sctp_inq_free() releases the chunk on the association receive path. sctp_sf_do_5_2_4_dupcook() issues SCTP_CMD_DELETE_TCB for the temporary association, while the one the packet belongs to stays alive. A restarting peer can bundle DATA behind its COOKIE ECHO, so compare against chunk-&gt;asoc and leave that case alone.",Critical,CVE-2026-89479
Test-VL-Linux,linux-image-7.0.0-34-generic,7.0.0-34.34,"In the Linux kernel, the following vulnerability has been resolved: sctp: drop a chunk if its transport was removed sctp_rcv() resolves the transport once per packet and leaves it in chunk-&gt;transport. The lookup reference, or the one sctp_add_backlog() takes if the socket is owned by userspace, keeps it around until the chunk has been processed. An authenticated ASCONF DEL-IP can remove it in the meantime. sctp_assoc_rm_peer() takes the transport out of the association and calls sctp_transport_free(), which tags it dead and drops the reference the association held. There is a window on both paths: the packet can sit on the socket backlog, and on the direct path the lookup completes before bh_lock_sock(). The DATA chunk in that packet puts the removed transport back into asoc-&gt;peer.last_data_from. Once the packet is done that reference goes away and the transport is freed by RCU, so the next delayed SACK carries the pointer into the SACK chunk and sctp_outq_select_transport() reads the freed transport's state. Drop the chunk in sctp_inq_push(), next to the existing rcvr-&gt;dead check. Both paths reach it with the association's socket lock held. The peer retransmits it.",Critical,CVE-2026-89478
Test-VL-Linux,linux-image-7.0.0-34-generic,7.0.0-34.34,"In the Linux kernel, the following vulnerability has been resolved: iommu/vt-d: Force requesting ACS when tboot is enabled Currently the conditions of requesting ACS in detect_intel_iommu() don't include tboot, leading to a possible misconfiguration with ACS disabled (e.g. due to user opts) while iommu is later forced on by tboot_force_iommu(). Fix it by checking tboot in detect_intel_iommu().",Critical,CVE-2026-89448
Test-VL-Linux,linux-image-7.0.0-34-generic,7.0.0-34.34,"In the Linux kernel, the following vulnerability has been resolved: xdp: fix zero-copy frame layout xdp_convert_zc_to_xdp_frame() clones an XSK packet into an order-0 page and advertises PAGE_SIZE as its frame size.  It allows the copied frame to occupy the page tail needed by skb_shared_info and records zero headroom even when metadata separates the frame header from packet data. An AF_XDP zero-copy packet redirected through cpumap can therefore make the skb overlap skb_shared_info or place it beyond the allocated page. Limit the copied layout to SKB_WITH_OVERHEAD(PAGE_SIZE) and include the metadata length in frame headroom.  Redirect callers already handle a NULL conversion result. BUG: KASAN: slab-out-of-bounds in skb_gro_receive Write of size 4 at addr ffff88800cf37004 by task cpumap/1/map:1/146 Call Trace:  skb_gro_receive (net/core/gro.c:174)  udp_gro_receive (net/ipv4/udp_offload.c:812)  inet_gro_receive (net/ipv4/af_inet.c:1539)  dev_gro_receive (net/core/gro.c:515)  gro_receive_skb (net/core/gro.c:633)  cpu_map_kthread_run (kernel/bpf/cpumap.c:395)  kthread (kernel/kthread.c:436)  ret_from_fork (arch/x86/kernel/process.c:164)  ret_from_fork_asm (arch/x86/entry/entry_64.S:255) Kernel panic - not syncing: KASAN: panic_on_warn set ...",Critical,CVE-2026-81002
Test-VL-Linux,linux-image-7.0.0-34-generic,7.0.0-34.34,"In the Linux kernel, the following vulnerability has been resolved: net/smc: stop killed, freed and out_of_sync sharing a byte The three connection state flags are single-bit bitfields, so they occupy one byte of struct smc_connection and every store to one is a read-modify-write of the other two:     u8  killed : 1;     u8  freed : 1;     u8  out_of_sync : 1; They are not written under a common lock. smc_cdc_msg_validate() sets out_of_sync from the receive tasklet, while smc_conn_kill() sets killed from process context under lock_sock(), and the receive path does not defer to the backlog when the socket is owned -- smc_cdc_msg_recv() takes only bh_lock_sock(). Give each flag its own byte so a store no longer touches its neighbours. All readers test them as booleans and are unchanged. struct smc_connection grows by two bytes.",Critical,CVE-2026-80980
Test-VL-Linux,linux-image-7.0.0-34-generic,7.0.0-34.34,"In the Linux kernel, the following vulnerability has been resolved: nvmet: fix heap out-of-bounds read in nvmet_auth_negotiate() nvmet_execute_auth_send() allocates the DH-HMAC-CHAP message buffer with the host-supplied transfer length (tl) and hands it to nvmet_auth_negotiate() without passing tl along. nvmet_auth_negotiate() then reads the negotiate header and, for each of the halen hash identifiers and dhlen DH group identifiers, indexes into the fixed idlist[60] array (hashes at idlist[0..halen), groups at idlist[30..]). Neither the transfer length nor halen/dhlen is validated. A malicious or non-conformant host can report a tl smaller than the negotiate structure, or a halen/dhlen larger than the array (both are u8, up to 255), making the loops read past the end of the allocated buffer (heap out-of-bounds read). The sibling nvmet_auth_reply() already validates tl against the structure size; the negotiate path did not. Pass tl into nvmet_auth_negotiate(), reject a tl that does not cover the negotiate data plus one full protocol descriptor, and reject halen/dhlen larger than NVME_AUTH_DHCHAP_MAX_DH_IDS.",Critical,CVE-2026-90230
Test-VL-Linux,linux-image-7.0.0-34-generic,7.0.0-34.34,"In the Linux kernel, the following vulnerability has been resolved: crypto: iaa - unmap dst before software fallback on decompress On a hardware analytics error, decompress retries through the software fallback, which writes req-&gt;dst with the CPU while it is still mapped DMA_FROM_DEVICE. With SWIOTLB active the later dma_unmap_sg() copies the stale bounce buffer over req-&gt;dst, corrupting the result. Unmap before the fallback runs. The async path unmaps inline; the sync path signals the retry with -EAGAIN so iaa_comp_adecompress() runs the fallback after unmapping.",Critical,CVE-2026-80945
Test-VL-Linux,linux-image-7.0.0-34-generic,7.0.0-34.34,"In the Linux kernel, the following vulnerability has been resolved: ksmbd: fix use-after-free in oplock break notification smb2_oplock_break_noti() reads opinfo-&gt;conn without any lock and dereferences it after two allocations which may sleep.  When the durable handle owning the oplock is disconnected, session_fd_check() clears opinfo-&gt;conn and drops its conn reference under ci-&gt;m_lock, and the last ksmbd_conn_put() frees the connection.  A break triggered by another connection that races with the teardown can then resurrect the freed connection: ksmbd_conn_get() is a plain atomic_inc, and the queued break work later dereferences the stale conn via ksmbd_conn_write(), a use-after-free reachable by any authenticated client holding a durable batch oplock. Thread the caller's inode into the notification path instead of taking a new reference on it.  Every caller of oplock_break() already holds a live ksmbd_file (or an explicit ksmbd_inode_lookup_lock() reference, in the parent lease break paths) on the inode that owns the break target's oplock list, so ci cannot be freed during the call, and its lock can be taken without dereferencing opinfo-&gt;o_fp, which a concurrent close may free.  Select and pin the connection under ci-&gt;m_lock, the same lock session_fd_check() and ksmbd_reopen_durable_fd() use to update opinfo-&gt;conn, so a concurrent detach either loses the race to the clear or keeps the connection alive until the notification work releases it.  Transfer the reference to the work item and release it on allocation failures.",Critical,CVE-2026-80926
Test-VL-Linux,linux-image-7.0.0-34-generic,7.0.0-34.34,"In the Linux kernel, the following vulnerability has been resolved: net: ipv6: clear suppressed fib6 rule result fib6_rule_suppress() drops a suppressed route with ip6_rt_put_flags(), but leaves res-&gt;rt6 pointing at the released rt6_info. If no later rule supplies a replacement, fib6_rule_lookup() still sees res.rt6 and returns that stale dst to its caller. A suppressing rule can therefore leak a released route back to rt6_lookup(), and the next put hits rcuref_put_slowpath() from dst_release(). Clear res-&gt;rt6 when suppressing the route so suppressed lookups fall through to the null dst instead of reusing the released one.",Critical,CVE-2026-74581
Test-VL-Linux,linux-image-7.0.0-34-generic,7.0.0-34.34,"In the Linux kernel, the following vulnerability has been resolved: ila: reload IPv6 header after pskb_may_pull in checksum adjust ila_csum_adjust_transport() caches ip6h = ipv6_hdr(skb) before calling pskb_may_pull(). On a non-linear skb whose transport header sits in a page fragment, pskb_may_pull() can call __pskb_pull_tail() / pskb_expand_head() and free the old skb head, leaving ip6h dangling; the following get_csum_diff(ip6h, p) then reads freed memory. ila_update_ipv6_locator() uses ip6h (and the iaddr derived from it) again after the csum-adjust call and additionally writes the new locator through that pointer. Impact: a remote IPv6 packet routed through a configured ILA csum-adjust-transport route or receive-side mapping triggers a slab-use-after-free in ila_update_ipv6_locator() (KASAN). The route or mapping requires CAP_NET_ADMIN to configure, but trigger packets are unauthenticated once it exists. Reload ip6h after each pskb_may_pull() in ila_csum_adjust_transport() before the csum-diff read. In ila_update_ipv6_locator() only the ILA_CSUM_ADJUST_TRANSPORT case pulls the skb, so reload ip6h and iaddr in that case alone before the destination-address write; the neutral-map modes never pull and keep their cached pointers.",Critical,CVE-2026-68127
Test-VL-Linux,linux-image-7.0.0-34-generic,7.0.0-34.34,"In the Linux kernel, the following vulnerability has been resolved: libceph: reject zero bucket types in crush_decode CRUSH bucket type 0 is reserved for devices.  The mapper relies on that invariant and uses type 0 to identify leaf devices. If crush_decode() accepts a bucket with type 0, a malformed CRUSH map can make the mapper treat a negative bucket ID as a device and pass it to is_out(), which then indexes the OSD weight array with a negative value. Reject zero bucket types while decoding the CRUSH map so the invalid state never reaches the mapper.",Critical,CVE-2026-68154
Test-VL-Linux,linux-image-7.0.0-34-generic,7.0.0-34.34,"In the Linux kernel, the following vulnerability has been resolved: ntfs: detect mapping-pairs LCN accumulator overflow The NTFS mapping-pairs parser accumulates relative LCN deltas in a signed integer.  A corrupted attribute can drive that addition past the representable range. One corrupt runlist shape sets the accumulated LCN to S64_MAX and then adds a delta of 1 in the next mapping-pairs entry. Signed overflow is undefined and can turn an invalid runlist into a different set of physical clusters. Check the LCN addition for overflow before storing the next run.",Critical,CVE-2026-72200
Test-VL-Linux,linux-image-7.0.0-34-generic,7.0.0-34.34,"In the Linux kernel, the following vulnerability has been resolved: sctp: clear new_transport when removing a peer sctp_process_asconf_param() stores a newly added peer transport in asoc-&gt;new_transport. After all parameters in the ASCONF chunk have been processed, sctp_sf_do_asconf() uses this pointer to send a HEARTBEAT to the new transport. An authenticated ASCONF from a remote SCTP peer can add a transport and remove it again with a wildcard DEL-IP parameter in the same chunk. The wildcard deletion preserves the transport on which the ASCONF arrived, but removes the newly added transport through sctp_assoc_del_nonprimary_peers(). The removal does not clear asoc-&gt;new_transport, leaving it pointing to the removed transport. sctp_sf_do_asconf() then creates a HEARTBEAT whose chunk-&gt;transport points to the removed transport without holding a transport reference. During local address replacement, src_out_of_asoc_ok keeps this HEARTBEAT on control_chunk_list. After the transport is freed by RCU, a successful ASCONF_ACK for the replacement address releases the queued HEARTBEAT and sctp_outq_select_transport() reads the freed transport's state. The issue was found during a static audit of SCTP objects. With an authenticated peer, the reproducer triggered the same KASAN report in 2 of 2 unpatched runs on a KASAN-enabled netdev/main kernel:   BUG: KASAN: slab-use-after-free in sctp_outq_select_transport   Read of size 4 at addr ffff88800b9bd95c by task python3/197   Call Trace:    sctp_outq_select_transport+0x549/0x8b0 [sctp]    sctp_outq_flush+0x306/0x2c60 [sctp]    sctp_transport_immediate_rtx+0xaf/0x260 [sctp]    sctp_process_asconf_ack+0xa48/0xf70 [sctp]   Allocated by task 197:    sctp_transport_new+0x68/0x650 [sctp]    sctp_assoc_add_peer+0x258/0x12a0 [sctp]    sctp_process_asconf+0x5e9/0x1090 [sctp]   Last potentially related work creation:    __call_rcu_common.constprop.0+0x77/0xb70    sctp_assoc_del_nonprimary_peers+0x7c/0xd0 [sctp]    sctp_process_asconf+0xd9c/0x1090 [sctp] The first invalid access was a four-byte read of transport-&gt;state at net/sctp/outqueue.c:833. The same reproducer completed the full authenticated ASCONF and local-address replacement sequence with this change without a KASAN report or oops. Clear new_transport when its peer is removed, before it can be used to create the HEARTBEAT.",Critical,CVE-2026-74586
Test-VL-Linux,linux-image-7.0.0-34-generic,7.0.0-34.34,"In the Linux kernel, the following vulnerability has been resolved: nfsd: fix stale s2s_cp_stateids IDR entry for async COPY For an async COPY, nfsd4_copy() called nfs4_init_copy_state() before dup_copy_fields(), so the s2s_cp_stateids IDR was pointed at &amp;u-&gt;copy-&gt;cp_stateid -- memory in the per-rqstp COMPOUND buffer that is reused by the next request. dup_copy_fields() copies only the value into async_copy, so the IDR slot dangled at the transient buffer for the whole background copy. Any IDR walker then dereferences reused request memory: the laundromat reads cs_type from it and, if the bytes look like an expired NFS4_COPYNOTIFY_STID, follows into refcount_dec()/idr_remove()/kfree() on garbage; manage_cpntf_state() has the same exposure via idr_find(). Duplicate the fields first, then register the stateid on the stable async_copy. result-&gt;cb_stateid is unchanged.",Critical,CVE-2026-89676
Test-VL-Linux,linux-image-7.0.0-34-generic,7.0.0-34.34,"In the Linux kernel, the following vulnerability has been resolved: NFSv4: remove callback IDR entry on client allocation failure nfs4_alloc_client() allocates an NFSv4.0 callback identifier before it finishes setting up the client. If any later initialization step fails, the error path frees the nfs_client directly with nfs_free_client(). That bypasses nfs_put_client(), which is where the callback IDR entry is removed during normal teardown. A failed allocation can therefore leave cb_ident_idr pointing at a freed nfs_client. A later NFSv4.0 callback lookup by cb_ident would find the stale pointer and take a reference to it. Make the callback IDR removal helper callable by the allocation failure path, and remove the callback identifier before freeing the client. This was found by a local static-analysis checker for publish-before-free lifetime bugs and confirmed by manual inspection.",Critical,CVE-2026-90151
Test-VL-Linux,linux-image-7.0.0-34-generic,7.0.0-34.34,"In the Linux kernel, the following vulnerability has been resolved: libceph: bound pg_{temp,upmap,upmap_items} length to CEPH_PG_MAX_SIZE __decode_pg_temp() decodes an user-controlled length but only rejects values large enough to overflow the allocation; it does not bound it to CEPH_PG_MAX_SIZE. The helper backs both pg_temp and pg_upmap decoding, and apply_upmap()/get_temp_osds() later copy the decoded list into the fixed-size on-stack array struct ceph_osds.osds[CEPH_PG_MAX_SIZE]. A monitor that sends an OSDMap with a pg_temp/pg_upmap entry longer than 32 thus causes a stack out-of-bounds write. An OSD set for a single PG can never exceed CEPH_PG_MAX_SIZE, so reject longer entries at decode time. The bound is well below the old overflow threshold, so it also covers the allocation-size overflow the previous check guarded against.   BUG: KASAN: stack-out-of-bounds in ceph_pg_to_up_acting_osds   Write of size 4 ... by task exploit    kasan_report (mm/kasan/report.c:595)    ceph_pg_to_up_acting_osds (net/ceph/osdmap.c:2617 net/ceph/osdmap.c:2833)    calc_target (net/ceph/osd_client.c:1638)    __submit_request (net/ceph/osd_client.c:2394)    ceph_osdc_start_request (net/ceph/osd_client.c:2490)    ceph_osdc_call (net/ceph/osd_client.c:5164)    rbd_dev_image_probe (drivers/block/rbd.c:6899)    do_rbd_add (drivers/block/rbd.c:7138)    ...   kernel BUG at net/ceph/osdmap.c:2670! [ idryomov: do the same in __decode_pg_upmap_items() ]",Critical,CVE-2026-68159
Test-VL-Linux,linux-image-7.0.0-34-generic,7.0.0-34.34,"In the Linux kernel, the following vulnerability has been resolved: KVM: nVMX: Service local TLB flushes on failed nested VM-Enter KVM services local TLB flushes on ""full"" nested VM-Exits (through __nested_vmx_vmexit()), but not if a nested VM-Enter fails (e.g. due to failed VMCS checks in nested_vmx_enter_non_root_mode()). However, it is possible that KVM had queued TLB flushes that need to be performed, even if the nested VM-Enter was not successful. For example, if VPID is disabled for L2 (via nested_vmx_transition_tlb_flush(), or if via the MSR load lists, as the SDM says:   If any MSR is being loaded in such a way that would architecturally   require a TLB flush, the TLBs are updated so that, after VM entry, the   logical processor will not use any translations that were cached before   the transition. The SDM is unclear about when the TLB flush should occur, and whether or not a failed VM entry would flush the TLB, so it is safer to always do the TLB flush in this case. More concretely, KVM also updates the last VPID L1 used for L2 in nested_vmx_transition_tlb_flush() (i.e. last_vpid), even if the VM entry ultimately fails. With the current code, KVM could miss a TLB flush if L1 changes L2's VPID, then does a failed VM entry followed by a successful one, as the failed VM entry would update last_vpid but not actually flush the TLB. Servicing local TLB flushes on failed VM entries makes sure that the TLB is always flushed when last_vpid is updated.",Critical,CVE-2026-89930
Test-VL-Linux,linux-image-7.0.0-34-generic,7.0.0-34.34,"In the Linux kernel, the following vulnerability has been resolved: qede: fix out-of-bounds check for cqe-&gt;len_list[] Move index check before element access.",Critical,CVE-2026-80609
Test-VL-Linux,linux-image-7.0.0-34-generic,7.0.0-34.34,"In the Linux kernel, the following vulnerability has been resolved: btrfs: lzo: reject inline extents without valid headers [BUG] For a crafted btrfs image, the following KASAN can be triggered when reading an inline lzo compressed file extent:   BUG: KASAN: slab-out-of-bounds in lzo_decompress+0x57d/0x700   Read of size 4 at addr ffff888006f2e644 by task btrfs_lzo_inlin/77   Call Trace:    &lt;TASK&gt;    dump_stack_lvl+0x5b/0x70    print_report+0xd1/0x610    kasan_report+0xe0/0x110    __asan_report_load_n_noabort+0x13/0x20    lzo_decompress+0x57d/0x700    btrfs_decompress+0x140/0x1c0    uncompress_inline+0x147/0x1b0    btrfs_get_extent+0xb23/0x10a0    btrfs_do_readpage.constprop.0+0x538/0x1ac0    btrfs_readahead+0x32f/0x5f0    read_pages+0x16f/0x850    page_cache_ra_unbounded+0x296/0x490    do_page_cache_ra+0xd9/0x130    page_cache_sync_ra+0x3ee/0x6f0    filemap_get_pages+0x306/0x15c0    filemap_read+0x329/0xd00    btrfs_file_read_iter+0x1f8/0x2b0    vfs_read+0x4ef/0x720    ksys_read+0xf8/0x1d0    __x64_sys_read+0x71/0xb0    x64_sys_call+0x1ab0/0x1b70    do_syscall_64+0x61/0x470    entry_SYSCALL_64_after_hwframe+0x4b/0x53    &lt;/TASK&gt; [CAUSE] For an inline lzo compressed file extent, there should always be one lzo header, recording the total length of the compressed data, followed by one segment header, recording the compressed lzo payload. But if a crafted inline lzo compressed file extent contains only an lzo header, without the segment header or payload, lzo_decompress() will still try to read the segment header, causing a read beyond the item boundary. Furthermore if the inline lzo compressed file extent is the first item of the leaf, it will be at the extent buffer boundary. The above out-of-boundary read will go beyond the extent buffer boundary, triggering the above KASAN report. [FIX] Validate the total length of the inlined lzo compressed file extent, to make sure there is at least one LZO header and one segment header, and a non-zero payload. [ Rework the commit message to remove slop ]",Critical,CVE-2026-74723
Test-VL-Linux,linux-image-7.0.0-34-generic,7.0.0-34.34,"In the Linux kernel, the following vulnerability has been resolved: net: airoha: fix foe_check_time allocation size foe_check_time is declared as u16 pointer but was allocated with only ppe_num_entries bytes instead of ppe_num_entries * sizeof(u16). When airoha_ppe_foe_verify_entry() is called with hash &gt;= ppe_num_entries/2, it writes beyond the allocated buffer, causing heap buffer overflow and potential kernel crash.",Critical,CVE-2026-80617
Test-VL-Linux,linux-image-7.0.0-34-generic,7.0.0-34.34,"In the Linux kernel, the following vulnerability has been resolved: SUNRPC: Reject krb5 v2 wrap tokens with oversized ec field gss_krb5_unwrap_v2() sets buf-&gt;len to a logical length, which can be much smaller than head[0].iov_len (the allocated receive-page capacity).  It then calls xdr_buf_trim() with a trim length derived from the 16-bit ""extra count"" (ec) field in the Kerberos v2 token header. The ec field is authenticated by the post-decrypt memcmp() against the encrypted header copy, so a randomly-mutated value is rejected.  However, any peer holding a valid GSS context can legitimately encrypt a token whose ec exceeds the plaintext length.  Per RFC 4121, such a token is structurally malformed. Although xdr_buf_trim() now clamps the buf-&gt;len subtraction to avoid unsigned underflow, the buffer is still left in a semantically invalid state (zero length, inconsistent iov lengths) when ec is oversized. Reject these tokens before calling xdr_buf_trim(), giving callers a well-defined GSS_S_DEFECTIVE_TOKEN error and keeping the xdr_buf internally consistent.  The wrapped blob begins at a nonzero offset -- both callers pass len as offset + opaque_len -- so buf-&gt;len still counts the offset bytes that precede the blob.  Compare the trim length against the remaining wrapped segment, buf-&gt;len - offset, rather than the whole buffer; comparing against buf-&gt;len alone leaves an offset-wide window in which an oversized ec passes the test and xdr_buf_trim() cuts into the bytes ahead of the blob.",Critical,CVE-2026-89538
Test-VL-Linux,linux-image-7.0.0-34-generic,7.0.0-34.34,"In the Linux kernel, the following vulnerability has been resolved: svcrdma: Validate Read chunk positions before reconstruction The RPC/RDMA Read chunk position field is supplied by the remote client and stored verbatim in the parsed chunk list. xdr_count_read_segments() checks only 4-byte alignment; it never compares the position against the received inline body length. In the single-chunk path, svc_rdma_read_complete_one() splits the head and tail kvecs at ch_position. A position past the inline body underflows the tail length, exposing adjacent slab memory to the upper XDR decoder. In the multi-chunk path, svc_rdma_read_multiple_chunks() computes gap lengths between chunks as unsigned subtractions from ch_position. Overlapping Read chunks cause these subtractions to underflow. A final position past the inline body likewise underflows the trailing gap length. svc_rdma_copy_inline_range() then copies past the receive buffer into request pages that are returned to the client through the Reply channel. Bound inline-range copies in svc_rdma_copy_inline_range() against the decoded inline RPC body saved in rc_saved_arg. Reject a single Read chunk positioned beyond that body, and reject multi-chunk lists where accumulated read bytes exceed the next chunk's position. Apply the same position and overlap checks in the call-chunk interleaving path.",Critical,CVE-2026-89526
Test-VL-Linux,linux-image-7.0.0-34-generic,7.0.0-34.34,"In the Linux kernel, the following vulnerability has been resolved: smb/client: handle overlapping allocated ranges in fallocate smb3_simple_fallocate_range() can skip holes when an allocated range returned by the server starts before the current fallocate offset. The skipped hole is not zero-filled, but fallocate still returns success. A later write to that hole may therefore fail with ENOSPC. The function queries allocated ranges so that it can preserve existing contents and write zeroes only into holes. However, the server may return a range that starts before the current fallocate offset. For example, assume the fallocate request is [100, 400) and the only allocated range returned by the server is [0, 200):         Request:      [100, 400)         Server range: [  0, 200)  allocated         Correct:         [100, 200)    allocated data, skip         [200, 400)    hole, zero-fill         Current:         [100, 300)    skipped         [300, 400)    zero-filled afterwards The current code adds the full server range length, 200, to the current offset 100 and moves to 300. As a result, the hole in [200, 300) is skipped without being zero-filled. Fix this by advancing only over the part of the allocated range that overlaps the current fallocate offset.  Ignore ranges that end before the current offset and reject ranges whose end offset overflows. This also prevents a malformed range length from causing an out-of-bounds zero-buffer read.",Critical,CVE-2026-68388
Test-VL-Linux,linux-image-7.0.0-34-generic,7.0.0-34.34,"In the Linux kernel, the following vulnerability has been resolved: ksmbd: pin conn during async oplock break notification smb2_oplock_break_noti() and smb2_lease_break_noti() store a ksmbd_conn pointer in an async ksmbd_work and then queue that work on ksmbd-io.  The work only increments conn-&gt;r_count, which prevents teardown from passing the pending-request wait after the increment, but it does not pin the struct ksmbd_conn object. If connection teardown races with an oplock break notification, the last conn reference can be dropped before the queued worker finishes.  The worker then uses the freed conn in ksmbd_conn_write() and ksmbd_conn_r_count_dec(). Take a real conn reference when publishing the conn pointer to the async work item, and drop it after the notification work has decremented r_count.  Apply the same lifetime rule to lease break notification, which uses the same work-&gt;conn pattern.",Critical,CVE-2026-68381
Test-VL-Linux,linux-image-7.0.0-34-generic,7.0.0-34.34,"In the Linux kernel, the following vulnerability has been resolved: net/x25: fix use-after-free in x25_kill_by_neigh() x25_kill_by_neigh() walks the global X.25 socket list looking for sockets attached to a terminating neighbour. x25_list_lock protects list membership while the lookup is in progress, but it does not pin a socket's lifetime after the lock is dropped. The function currently drops x25_list_lock before calling lock_sock(s). A concurrent close can run x25_release(), remove the same socket from x25_list, and drop the last socket reference in that window. The neighbour teardown path can then lock or inspect a freed struct sock/struct x25_sock. Take sock_hold(s) while x25_list_lock still proves that the list entry is live, then drop the temporary reference after the socket has been locked, rechecked, and released. Recheck x25_sk(s)-&gt;neighbour after lock_sock(), because another path may have disconnected the socket before this path acquired the socket lock. Restart the list walk after each disconnect because the list lock was dropped and the previous iterator state may no longer be valid. A QEMU/KASAN run against origin/master reproduced a slab-use-after-free in x25_kill_by_neigh().",Critical,CVE-2026-68137
Test-VL-Linux,linux-image-7.0.0-34-generic,7.0.0-34.34,"In the Linux kernel, the following vulnerability has been resolved: KVM: arm64: Correctly handle end of VA space TLBI invalidation Our TLB invalidation by VA code is based on comparing two ranges, one defined by the TLB, and one defined by the TLBI instruction. Each range is defined by a start and a size. However, the way the comparison is done doesn't account for address rollover, as it compares an address with (base + size). This works nicely until this expression represent the last page/block in the TTBR1 VA space, as the result is a big fat 0. And a failed TLB invalidation. Rewrite the comparison in a way that is immune to the address rollover (making the end address inclusive instead of exclusive), and move this into a common helper that is used by both VA and IPA invalidations, as suggested by Hyunwoo Kim (although the IPA version didn't suffer from this particular problem, obviously).",Critical,CVE-2026-89918
Test-VL-Linux,linux-image-7.0.0-34-generic,7.0.0-34.34,"In the Linux kernel, the following vulnerability has been resolved: phonet: pep: fix use-after-free in pep_get_sb() pep_get_sb() doesn't consider that pskb_may_pull() might have relocated the skb data, and continue to access the older pointer, causing UAF. Reproduced under KASAN:   BUG: KASAN: slab-use-after-free in pep_get_sb+0x234/0x3b0   Read of size 1 at addr ff11000105510f50 by task repro/157    pep_get_sb+0x234/0x3b0    pipe_handler_do_rcv+0x5f7/0xa10    pep_do_rcv+0x203/0x410    __sk_receive_skb+0x471/0x4a0    phonet_rcv+0x5b3/0x6c0    __netif_receive_skb+0xcc/0x1d0 Refetch the header with skb_header_pointer() after pskb_may_pull(), so the possibly stale pointer is no longer dereferenced. There are better ways to solve this, but, this is the less instrusive one.",Critical,CVE-2026-68144
Test-VL-Linux,linux-image-7.0.0-34-generic,7.0.0-34.34,"In the Linux kernel, the following vulnerability has been resolved: RDMA/srpt: Fix srpt_alloc_rw_ctxs() unwind counters When srpt_alloc_rw_ctxs() fails partway through a multi-buffer indirect descriptor, the unwind path destroys RDMA contexts but leaves stale n_rw_ctx and n_rdma values (and a dangling rw_ctxs pointer). Later sq_wr_avail accounting in srpt_queue_response() or srpt_write_pending() can then subtract the wrong number of send queue credits. Reset the counters and clear rw_ctxs after freeing the heap allocation before returning an error.",Critical,CVE-2026-100075
Test-VL-Linux,linux-image-7.0.0-34-generic,7.0.0-34.34,"In the Linux kernel, the following vulnerability has been resolved: mctp: serial: handle zero-length frames to prevent rx buffer overflow The MCTP serial receive state machine reads a frame length byte in mctp_serial_push_header() case 2 and validates it upper-bound-only: 	if (c &gt; MCTP_SERIAL_FRAME_MTU) { 		dev-&gt;rxstate = STATE_ERR; 	} else { 		dev-&gt;rxlen = c; 		dev-&gt;rxpos = 0; 		dev-&gt;rxstate = STATE_DATA; 		... 	} A length of zero passes this check, so rxlen is set to 0 and the state machine advances to STATE_DATA. In mctp_serial_push() STATE_DATA, the incoming byte is stored and rxpos incremented before the terminator is 	dev-&gt;rxbuf[dev-&gt;rxpos] = c; 	dev-&gt;rxpos++; 	dev-&gt;rxstate = STATE_DATA; 	if (dev-&gt;rxpos == dev-&gt;rxlen) { 		dev-&gt;rxpos = 0; 		dev-&gt;rxstate = STATE_TRAILER; 	} With rxlen == 0 the ""rxpos == rxlen"" terminator can never fire (rxpos is already 1 on the first data byte), so subsequent bytes are written past the end of the fixed 74-byte rxbuf, which is the last member of the netdev private area. Every following data byte is an attacker-controlled 1-byte out-of-bounds heap write, and the overflow continues until a frame (0x7e) or escape byte resets the parser -- effectively unbounded. Reaching this requires CAP_NET_ADMIN to attach the N_MCTP line discipline and bring the resulting mctpserialN netdev up, after which the bytes arrive via the tty receive path. Route a zero-length frame straight to STATE_TRAILER instead of STATE_DATA. The trailer/framing bytes are still consumed, and the frame resolves to a zero-length skb that the MCTP core rejects; the parser never enters STATE_DATA with rxlen == 0, so the out-of-bounds write can no longer occur. KASAN, on a frame of 0x7e 0x01 0x00 followed by data bytes (before this change):   UBSAN: array-index-out-of-bounds in drivers/net/mctp/mctp-serial.c:370   index 74 is out of range for type 'u8 [74]'   BUG: KASAN: slab-out-of-bounds in mctp_serial_tty_receive_buf   Write of size 1 at addr ... by task kworker/u16:0    mctp_serial_tty_receive_buf    tty_ldisc_receive_buf    flush_to_ldisc   Allocated by task 152:    alloc_netdev_mqs    mctp_serial_open v2: route zero-length frames to STATE_TRAILER instead of STATE_ERR so     the trailer/framing bytes are still consumed (Jeremy Kerr). Found by 0sec automated security-research tooling (https://0sec.ai).",Critical,CVE-2026-68124
Test-VL-Linux,linux-image-7.0.0-34-generic,7.0.0-34.34,"In the Linux kernel, the following vulnerability has been resolved: net: bridge: stop fast-leave after deleting a port group br_multicast_leave_group() iterates mp-&gt;ports with pp = &amp;p-&gt;next in its fast-leave path. After br_multicast_del_pg() removes p, continuing the loop advances pp through the deleted entry. If multicast-to-unicast was enabled, the bridge can hold multiple port groups for the same port and group with different source MAC addresses. Once multicast-to-unicast is disabled, br_port_group_equal() matches those entries by port only. A fast leave can then delete one entry and continue from its stale next pointer, leaving mp-&gt;ports pointing at a deleted port group. Fast leave only needs to remove one matching port group. Break after br_multicast_del_pg() so the loop stops before dereferencing the removed entry.",Critical,CVE-2026-74480
Test-VL-Linux,linux-image-7.0.0-34-generic,7.0.0-34.34,"In the Linux kernel, the following vulnerability has been resolved: sunrpc: xprtsock: annotate shared socket callbacks with READ_ONCE/WRITE_ONCE xprtsock replaces and restores sk-&gt;sk_data_ready and sk-&gt;sk_write_space on live sockets with plain stores, and xs_udp_do_set_buffer_size() invokes sk-&gt;sk_write_space via a plain load. These callback pointers are shared with generic socket and protocol paths that may read or invoke them concurrently, so xprtsock needs the same READ_ONCE()/WRITE_ONCE() callback visibility contract that the validated 4022 family applied elsewhere. When SUNRPC takes over an AF_LOCAL, UDP, or TCP socket and later restores the lower-socket callbacks during teardown, another CPU may still hold an earlier callback snapshot. The plain replace/restore pattern leaves the same visibility hole as the validated 4022 family, so a stale snapshot can still invoke xs_data_ready() or xs_udp_write_space() after the live callback fields have already been restored to the lower-socket handlers. Use WRITE_ONCE() for the shared sk_data_ready and sk_write_space stores in xs_local_finish_connecting(), xs_udp_finish_connecting(), xs_tcp_finish_connecting(), and xs_restore_old_callbacks(). Use READ_ONCE() for the direct sk_write_space invocation in xs_udp_do_set_buffer_size(). This matches the required callback visibility contract while leaving adjacent sk_state_change and sk_error_report handling unchanged.",Critical,CVE-2026-90235
Test-VL-Linux,linux-image-7.0.0-34-generic,7.0.0-34.34,"In the Linux kernel, the following vulnerability has been resolved: openvswitch: fix GSO userspace truncation underflow OVS_ACTION_ATTR_TRUNC currently stores a delta from the original skb length in OVS_CB(skb)-&gt;cutlen. When a later userspace action segments a GSO skb, queue_gso_packets() reuses that delta for each smaller segment. A segment can then reach queue_userspace_packet() with cutlen greater than skb-&gt;len, underflowing the length passed to skb_zerocopy(). Store the maximum preserved length instead and bound each consumer against the current skb length. Use U32_MAX as the no-truncation sentinel so the value remains valid if skb geometry changes before a consumer handles it.",Critical,CVE-2026-68123
Test-VL-Linux,linux-image-7.0.0-34-generic,7.0.0-34.34,"In the Linux kernel, the following vulnerability has been resolved: NFSD: Prevent client use-after-free during blocked-lock reaping A bare lock owner -- its only remaining reference a blocked lock on nn-&gt;blocked_locks_lru -- holds a raw pointer to its nfs4_client but no reference keeping the client alive. When the per-net laundromat reaps such a lock, freeing the nbl drops the owner reference held through flc_owner, and the final nfs4_put_stateowner() takes the client's cl_lock. Because the laundromat detaches the nbl first, __destroy_client() no longer finds it, so a concurrent force_expire_client() can free the client before nfs4_put_stateowner() runs, dereferencing cl_lock in freed memory. Pin the client with cl_rpc_users before dropping nn-&gt;blocked_locks_lock, and skip clients already expiring, whose blocked locks __destroy_client() frees while holding an owner reference. Take nn-&gt;client_lock outside nn-&gt;blocked_locks_lock. Every other site holds nn-&gt;blocked_locks_lock as a leaf, acquiring no further lock, so placing nn-&gt;client_lock outside it cannot form a lock-order cycle.",Critical,CVE-2026-90036
Test-VL-Linux,linux-image-7.0.0-34-generic,7.0.0-34.34,"In the Linux kernel, the following vulnerability has been resolved: sctp: don't free the ASCONF's own transport in DEL-IP processing sctp_process_asconf() caches the transport the ASCONF chunk is processed against in asconf-&gt;transport (== chunk-&gt;transport, set once in sctp_rcv()). For an ASCONF located through its Address Parameter by __sctp_rcv_asconf_lookup(), that cached transport corresponds to the Address Parameter, which need not be the packet's source address. sctp_process_asconf_param() rejects a DEL-IP for the packet source address (ADDIP D8, SCTP_ERROR_DEL_SRC_IP), but nothing protects asconf-&gt;transport. A single ASCONF can therefore carry, in order:     [Address Parameter L] [DEL-IP L] [DEL-IP 0.0.0.0] where L differs from the source. The DEL-IP for L passes the D8 check and calls sctp_assoc_rm_peer() on the transport that asconf-&gt;transport still points at, freeing it (RCU-deferred). The following wildcard DEL-IP then reuses the now-dangling asconf-&gt;transport in sctp_assoc_set_primary() and sctp_assoc_del_nonprimary_peers(): set_primary() dereferences the freed transport (-&gt;ipaddr, -&gt;state) and plants the dangling pointer into asoc-&gt;peer.primary_path / active_path, and del_nonprimary_peers(), keeping only the pointer that is no longer on the list, removes every real transport, leaving the association with a transport_count of 0 and primary_path/active_path pointing at freed memory. Reject a DEL-IP that targets the transport the ASCONF is being processed against, mirroring the existing source-address guard, so the wildcard branch can never reuse a freed transport.",Critical,CVE-2026-64564
Test-VL-Linux,linux-image-7.0.0-34-generic,7.0.0-34.34,"In the Linux kernel, the following vulnerability has been resolved: net/smc: fix socket use-after-free during link group termination __smc_lgr_terminate() drops conns_lock after finding a connection in lgr-&gt;conns_all, but before taking a reference on its socket. The connection is embedded in the socket, and its registration reference protects it only while the connection remains in the tree. A concurrent close can unregister the connection and drop that reference, freeing the socket before the termination worker reaches sock_hold(). The race is reachable when close overlaps link group termination. Local stress testing reproduced the use-after-free and KASAN reported:   BUG: KASAN: slab-use-after-free in __smc_lgr_terminate.part.0 [smc]   Write of size 4 by task kworker/3:3   Workqueue: events smc_lgr_terminate_work [smc]   __smc_lgr_terminate.part.0 [smc] The socket was allocated by smc_create(), freed through slab_free_after_rcu_debug(), and was followed by:   refcount_t: addition on 0; use-after-free.   __smc_lgr_terminate.part.0 [smc] Take the socket reference while conns_lock still protects the tree entry. The unregister path then cannot drop the last reference until termination has finished using the socket.",Critical,CVE-2026-74493
Test-VL-Linux,linux-image-7.0.0-34-generic,7.0.0-34.34,"In the Linux kernel, the following vulnerability has been resolved: smb: client: fix OOB read/write from unvalidated DataOffset in coalesce_t2() coalesce_t2() computes data pointers directly from server-supplied DataOffset fields with no validation against buffer bounds:   data_area_of_tgt = (char *)&amp;pSMBt-&gt;hdr.Protocol +                      get_unaligned_le16(&amp;pSMBt-&gt;t2_rsp.DataOffset);   data_area_of_src = (char *)&amp;pSMBs-&gt;hdr.Protocol +                      get_unaligned_le16(&amp;pSMBs-&gt;t2_rsp.DataOffset);   data_area_of_tgt += total_in_tgt;   ...   memcpy(data_area_of_tgt, data_area_of_src, total_in_src); A small DataOffset can push a pointer below the actual byte area, overwriting header fields; a large one can push it past the buffer end, causing out-of-bounds heap reads (source) or writes (target). The BCC overflow guard does not prevent this: BCC reflects how much data is present, while DataOffset controls where in the buffer it starts. The ""validate target area"" comment present since the function was first written in 2005 was a placeholder that was never implemented. Add lower- and upper-bound checks for both data pointers before the memcpy, and before any target header fields are modified.",Critical,CVE-2026-89633
Test-VL-Linux,linux-image-7.0.0-34-generic,7.0.0-34.34,"In the Linux kernel, the following vulnerability has been resolved: xfrm: fix stale skb-&gt;prev after async crypto steals a GSO segment skb_gso_segment() leaves the segment list head with -&gt;prev pointing at the last segment, an invariant validate_xmit_skb_list() relies on when it sets its tail pointer (tail = skb-&gt;prev). When validate_xmit_xfrm() walks a GSO list and some segments are stolen by async crypto (-&gt;xmit() returns -EINPROGRESS), those segments are unlinked from the list but the head -&gt;prev is never updated.  If the last segment is the one stolen, the returned head still has -&gt;prev pointing at it, even though it is now owned by the crypto engine and may be freed.  validate_xmit_skb_list() later does tail-&gt;next = skb, writing through that stale pointer -- a use-after-free. Repoint skb-&gt;prev at the last retained segment before returning.",Critical,CVE-2026-68426
Test-VL-Linux,linux-image-7.0.0-34-generic,7.0.0-34.34,"In the Linux kernel, the following vulnerability has been resolved: ceph: fix pre-auth out-of-bounds read on snaptrace in ceph_handle_caps() ceph_handle_caps() reads snap_trace_len from the wire-format ceph_mds_caps header and uses it unconditionally to build a fake end pointer (snaptrace + snaptrace_len) that is later handed to ceph_update_snap_trace() in the CEPH_CAP_OP_IMPORT case:     snaptrace     = h + 1;     snaptrace_len = le32_to_cpu(h-&gt;snap_trace_len);     p             = snaptrace + snaptrace_len;     ...     case CEPH_CAP_OP_IMPORT:         if (snaptrace_len) {             ...             if (ceph_update_snap_trace(mdsc, snaptrace,                                        snaptrace + snaptrace_len,                                        false, &amp;realm)) { ... } ceph_update_snap_trace() then decodes a struct ceph_mds_snap_realm from snaptrace using ceph_decode_need(&amp;p, e, sizeof(*ri), bad) with the attacker-supplied fake end e == snaptrace + snaptrace_len. With snaptrace_len == 0xFFFFFFFF the bound check is trivially satisfied, ri = p reads sizeof(struct ceph_mds_snap_realm) past the legitimate msg-&gt;front buffer, and ri-&gt;num_snaps / ri-&gt;num_prior_parent_snaps then drive further out-of-bounds reads of the encoded snap arrays. The eleven msg_version &gt;= 2 .. msg_version &gt;= 12 decoder blocks above the op switch each catch this OOB through their ceph_decode_*_safe() / ceph_decode_need() helpers, but they sit behind a hdr.version-gated if, so a malicious or compromised MDS that sets msg-&gt;hdr.version = 1 reaches the IMPORT path with no version-gated decoder having validated snap_trace_len. The shape has been present since ceph_handle_caps() was introduced. Validate snap_trace_len against the message front buffer before consuming it, using the canonical ceph_decode_need() / ceph_has_room() helper.  The helper bounds the length with subtraction (n &lt;= end - p, guarded by end &gt;= p) rather than pointer addition, so it is wrap-safe for the attacker-controlled u32 length on 32-bit builds where p + snap_trace_len could overflow the address space.  This matches the rest of the ceph decode path (e.g. the pool_ns_len check a few lines below), and the existing goto bad cleanup already covers this exit path.",Critical,CVE-2026-68160
Test-VL-Linux,linux-image-7.0.0-34-generic,7.0.0-34.34,"In the Linux kernel, the following vulnerability has been resolved: ksmbd: validate minimum PDU size for transform requests The receive path applies the minimum SMB2 PDU size check only when ProtocolId is SMB2_PROTO_NUMBER. A packet carrying SMB2_TRANSFORM_PROTO_NUM bypasses the check even when the negotiated dialect does not provide transform handling. On an SMB 2.1 connection, a short transform packet therefore reaches init_smb2_rsp_hdr(), which interprets the request as a full SMB2 header and reads beyond the request allocation. The copied fields can then be returned to the unauthenticated client. Compression transforms are converted to ordinary SMB2 messages before protocol validation. After that conversion, validate ordinary SMB2 requests against SMB2_MIN_SUPPORTED_PDU_SIZE and require encryption transform requests to contain both a transform header and an SMB2 header. This rejects truncated requests before work allocation.",Critical,CVE-2026-68431
Test-VL-Linux,linux-image-7.0.0-34-generic,7.0.0-34.34,"In the Linux kernel, the following vulnerability has been resolved: NFSD: restart ssc_expire_umount walk after dropping nfsd_ssc_lock nfsd4_ssc_expire_umount() walks nn-&gt;nfsd_ssc_mount_list with list_for_each_entry_safe(ni, tmp, ...).  For each expired entry it sets nsui_busy = true, drops nfsd_ssc_lock to run mntput() on the source vfsmount, then reacquires the lock to list_del + kfree the entry and continue iterating via the macro's saved tmp pointer. The nsui_busy flag protects the current ni from concurrent nfsd4_ssc_setup_dul() finders during the lock-drop window, but it does not pin tmp.  Another nfsd RPC thread that fails its source- server mount and reaches nfsd4_ssc_cancel_dul() will, during that same window, take nfsd_ssc_lock, list_del + kfree its own ssc_umount item, and release the lock.  If that item is the saved tmp of the expire walk, the next iteration dereferences a freed nfsd4_ssc_umount_item. Restart the walk from the head after the mntput() unlock window so no saved next pointer survives the lock-drop.  The list is bounded by the number of active inter-server source mounts (typically small) and the expire delayed-work runs periodically rather than per-IO, so the restart is cheap.",Critical,CVE-2026-89712
Test-VL-Linux,linux-image-7.0.0-34-generic,7.0.0-34.34,"In the Linux kernel, the following vulnerability has been resolved: ceph: bound num_export_targets array for mds info v2/v3 ceph_mdsmap_decode() in fs/ceph/mdsmap.c reads num_export_targets from each per-mds info record and advances the decode cursor by num_export_targets * sizeof(u32) without first checking that many bytes remain. The only upper-bound check that catches a runaway cursor (*p &gt; info_end) is gated on info_v &gt;= 4, because info_end is left NULL for info_v 2 and 3. When the monitor sends an MDS map whose per-mds info version is 2 or 3 with an oversized num_export_targets, the cursor moves past the message front buffer and the later export-targets loop calls the unchecked ceph_decode_32() on out-of-bounds memory. A kernel client processes CEPH_MSG_MDS_MAP from its monitor session (net/ceph/mon_client.c dispatches it; fs/ceph/super.c routes it to ceph_mdsc_handle_mdsmap(), which sets end to the front buffer bound and calls ceph_mdsmap_decode()). A malicious or compromised monitor, or an on-path attacker on an unsigned/unencrypted messenger session, can therefore drive an out-of-bounds read in the client kernel; on x86_64 with KASAN it is reported as a slab-out-of-bounds read in ceph_mdsmap_decode(). The decoded values land in the internal info-&gt;export_targets[] array, so the consequence is a kernel out-of-bounds read, not an information leak to the attacker. Impact: a malicious or compromised Ceph monitor sending an MDS map with a per-mds info version of 2 or 3 and an oversized num_export_targets field triggers an out-of-bounds read in the CephFS client kernel. Add a ceph_decode_need() for the export-targets array before advancing the cursor, so the bound is enforced for every info_v &gt;= 2, not only info_v &gt;= 4. This mirrors the count-then-need idiom already used for m_data_pg_pools later in the same function. Compute the export-targets byte count with size_mul() and reuse that checked length when advancing the cursor, so the attacker-controlled num_export_targets multiplication fails closed on overflow rather than relying on the later kcalloc() guard.",Critical,CVE-2026-89650
Test-VL-Linux,linux-image-7.0.0-34-generic,7.0.0-34.34,"In the Linux kernel, the following vulnerability has been resolved: xfrm: iptfs: propagate SKBFL_SHARED_FRAG in iptfs_skb_add_frags() When iptfs_skb_add_frags() copies frag references from the source frag walk into a new SKB, it increments the page reference count via __skb_frag_ref() but does not propagate SKBFL_SHARED_FRAG to the destination SKB's skb_shinfo-&gt;flags. If the source SKB carries shared frags (e.g. from a page-pool backed receive path), the new inner SKB will appear to ESP as having privately owned frags.  A subsequent esp_input() call for a nested transport-mode SA then takes the no-COW fast path and decrypts in place, writing over pages that are still referenced by the outer IPTFS SKB.  This causes kernel-visible memory corruption and can trigger a panic. All other frag-transfer helpers in the kernel (skb_try_coalesce, skb_gro_receive, __pskb_copy_fclone, skb_shift, skb_segment) correctly propagate SKBFL_SHARED_FRAG; align iptfs_skb_add_frags() with this convention by setting the flag inside the loop immediately after __skb_frag_ref() and nr_frags++, so every exit path that attaches a frag unconditionally propagates SKBFL_SHARED_FRAG.",Critical,CVE-2026-64566
Test-VL-Linux,linux-image-7.0.0-34-generic,7.0.0-34.34,"In the Linux kernel, the following vulnerability has been resolved: geneve: validate inner network offset in geneve_gro_complete() Even with both paths gated on gs-&gt;gro_hint, geneve_gro_complete() re-derives the inner dispatch type and length from the packet and the current gs-&gt;gro_hint, independently of geneve_gro_receive(). The two can disagree if gs-&gt;gro_hint flips under a concurrent geneve_quiesce()/ geneve_unquiesce() (sk_user_data is NULL across a synchronize_net()), or if the re-read option bytes differ from the ones receive parsed. geneve_gro_receive() already records the inner network header position in NAPI_GRO_CB()-&gt;inner_network_offset. Have geneve_gro_complete() compute the offset it is about to dispatch at, adding ETH_HLEN in the ETH_P_TEB case where eth_gro_complete() steps over the inner MAC header, and bail out if it lands past inner_network_offset. Use a lower bound rather than exact equality: between gh_len and the inner L3 header, geneve_gro_receive() may also have pulled an inner VLAN tag (vlan_gro_receive() advances the recorded offset past it), which only moves inner_network_offset further out. A valid frame therefore always satisfies inner_nh &lt;= inner_network_offset, while a gh_len inflated by a hint gro_receive() did not honour dispatches past the validated inner header, i.e. the out-of-bounds completion. Only the latter is rejected.",Critical,CVE-2026-72407
Test-VL-Linux,linux-image-7.0.0-34-generic,7.0.0-34.34,"In the Linux kernel, the following vulnerability has been resolved: ceph: fix UAF in check_new_map() on session freed during unlock check_new_map() iterates mdsc-&gt;sessions[] and for each active session drops mdsc-&gt;mutex to perform per-session operations.  The forced-close path (rank removed from map) correctly takes a reference on s via ceph_get_mds_session() before releasing mdsc-&gt;mutex, but three other paths do not:   Path A (address changed):  mutex_unlock → mutex_lock(&amp;s-&gt;s_mutex)   Path B (reconnect):        mutex_unlock → send_mds_reconnect(mdsc, s)   Path C (active transition): mutex_unlock → mutex_lock(&amp;s-&gt;s_mutex) Without the extra reference, another thread can acquire mdsc-&gt;mutex during the unlock window, call __unregister_session() which drops the last reference on s, and free it.  The original thread then accesses freed memory via s-&gt;s_mutex. Fix by adding ceph_get_mds_session(s) before each mutex_unlock and ceph_put_mds_session(s) after the corresponding mutex_lock, matching the pattern already used in the forced-close path. Race timeline (Path A):   Thread A (check_new_map)             Thread B (another map update     holds mdsc-&gt;mutex                      or session teardown)   --------------------------           --------------------------   s = mdsc-&gt;sessions[i]   (refcount == 1, held only by    sessions[] array)   mutex_unlock(&amp;mdsc-&gt;mutex)                                ---&gt;    acquires mdsc-&gt;mutex                                        __unregister_session(mdsc, s)                                          sessions[i] = NULL                                          ceph_put_mds_session(s)                                            refcount: 1 -&gt; 0                                            kfree(s)  &lt;--- freed!   mutex_lock(&amp;s-&gt;s_mutex)   UAF on freed s-&gt;s_mutex",Critical,CVE-2026-89654
Test-VL-Linux,linux-image-7.0.0-34-generic,7.0.0-34.34,"In the Linux kernel, the following vulnerability has been resolved: xfrm6: fix out-of-bounds write in xfrm6_input_addr() when secpath is full The depth check in xfrm6_input_addr() is off by one:   if (1 + sp-&gt;len == XFRM_MAX_DEPTH)           goto drop;   ...   sp-&gt;xvec[sp-&gt;len++] = x; xfrm_input() can leave sp-&gt;len == XFRM_MAX_DEPTH, and the transport-mode receive path re-enters IPv6 input via xfrm_trans_reinject() with that secpath preserved. If the inner packet carries a destination-options HAO option or a type-2 routing header, xfrm6_input_addr() is called with sp-&gt;len == XFRM_MAX_DEPTH; the check (1 + 6 == 6) is false, so sp-&gt;xvec[sp-&gt;len++] writes one slot past the 6-element xvec[]. The write stays within the sec_path allocation (invisible to KASAN); UBSAN_BOUNDS flags it and panics under panic_on_warn. Use ""sp-&gt;len &gt;= XFRM_MAX_DEPTH"", matching xfrm_input(). This also restores one chain level the old check rejected at sp-&gt;len == 5.   UBSAN: array-index-out-of-bounds in net/ipv6/xfrm6_input.c:309:10   index 6 is out of range for type 'xfrm_state *[6]'",Critical,CVE-2026-89783
Test-VL-Linux,linux-image-7.0.0-34-generic,7.0.0-34.34,"In the Linux kernel, the following vulnerability has been resolved: libceph: fix two unsafe bare decodes in decode_lockers() decode_lockers() in cls_lock_client.c contains two bare decode operations that allow a malicious or compromised OSD to trigger slab-out-of-bounds reads: 1. ceph_decode_32(p) at the num_lockers field has no preceding bounds    check. ceph_start_decoding() accepts struct_len=0 as valid -- the    internal ceph_decode_need(p, end, 0, bad) always passes -- so when an    OSD sends struct_len=0, ceph_start_decoding() returns success with    p == end. The immediately following bare ceph_decode_32(p) then reads    4 bytes past the validated buffer boundary. The garbage value is    passed directly to kzalloc_objs() as the locker count.    The sibling function decode_watchers() in osd_client.c already uses    ceph_decode_32_safe() after its own ceph_start_decoding() call.    decode_lockers() was the only site using the bare variant. 2. ceph_decode_8(p) after the decode_locker() loop has no preceding    bounds check. If an OSD crafts num_lockers such that the loop    advances p exactly to end, the subsequent bare ceph_decode_8(p) reads    one byte past the validated buffer boundary. The result is passed    directly into *type, which is used as a lock type discriminator by    callers, giving an OSD-controlled one-byte OOB read with direct    influence over the lock type field. Fix both by replacing bare operations with their safe variants:   ceph_decode_32(p) -&gt; ceph_decode_32_safe(p, end, *num_lockers,                                            err_inval)   ceph_decode_8(p)  -&gt; ceph_decode_8_safe(p, end, *type,                                           err_free_lockers) The goto targets differ intentionally:   err_inval: is a new label returning -EINVAL directly. It is used for   the pre-allocation failure path where *lockers is not yet allocated   and must not be passed to ceph_free_lockers().   err_free_lockers: is the existing label. It is used for the   post-allocation failure path where *lockers is allocated and must   be freed. ret is set to -EINVAL before ceph_decode_8_safe() so that err_free_lockers returns the correct error code on bounds violation. Without this, err_free_lockers would return a stale ret value (0 from the successful decode_locker() loop), silently swallowing the error. -EINVAL is correct for both failure paths. The data received from the OSD is structurally malformed. -ENOMEM would misrepresent the failure class to callers and to stable@ backporters triaging error paths. Attacker model: a malicious or compromised OSD in a multi-tenant Ceph deployment can trigger this against any kernel client that issues the lock.get_info class method (e.g. during RBD exclusive lock acquisition). [ idryomov: trim changelog, formatting ]",Critical,CVE-2026-68082
Test-VL-Linux,linux-image-7.0.0-34-generic,7.0.0-34.34,"In the Linux kernel, the following vulnerability has been resolved: KVM: arm64: Sign-extend VA for range-based TLBI invalidation When the decode_range_tlbi() helper was moved to be used for S1 TLBIs, the required sign extension was omitted. Add it. As a result, special care must be taken to not overflow PA bits when this is used for S2 invalidation.",Critical,CVE-2026-89914
Test-VL-Linux,linux-image-7.0.0-34-generic,7.0.0-34.34,"In the Linux kernel, the following vulnerability has been resolved: smb: client: Fix use-after-free in cifs_try_adding_channels() cifs_try_adding_channels() takes a temporary reference to an interface before dropping iface_lock. If cifs_ses_add_channel() fails, it drops that reference and then increments iface-&gt;weight_fulfilled. A concurrent interface list refresh can remove the list reference while channel creation is in progress. In that case, the failure-path kref_put() releases the last reference and frees iface. Updating weight_fulfilled afterward then accesses freed memory. Increment weight_fulfilled before dropping the temporary reference, keeping iface alive for the final access.",Critical,CVE-2026-74608
Test-VL-Linux,linux-image-7.0.0-34-generic,7.0.0-34.34,"In the Linux kernel, the following vulnerability has been resolved: spi: Fix DMA mapping ownership on partial map failure If RX mapping fails after TX mapping succeeds, __spi_map_msg() unmaps TX but leaves tx_sg_mapped set. If TX mapping fails on a later transfer, mappings created for earlier transfers remain active. In both cases, cur_{tx,rx}_dma_dev have not yet been updated because they are assigned only after every transfer has been mapped. The subsequent spi_unmap_msg() may therefore unmap the TX mapping again or release earlier mappings using a NULL or stale device. Using a NULL device can trigger an oops. An empty SG table does not prevent the NULL dereference because dma_unmap_sg_attrs() accesses the device before checking the entry count. Publish both mapping devices before mapping starts and unwind all failures through __spi_unmap_msg(). This clears the mapping flags and releases each mapping once with the device that created it. Publishing the devices before the loop also refreshes them when no transfer needs mapping. No mapping flag is set in that case, so current users do not use the pointers as mapping owners.",Critical,CVE-2026-90012
Test-VL-Linux,linux-image-7.0.0-34-generic,7.0.0-34.34,"In the Linux kernel, the following vulnerability has been resolved: libceph: fix OOB read in decode_watchers() via missing bounds check ceph_start_decoding() validates that struct_len bytes remain in the buffer after the encoding header, but accepts struct_len=0 as valid: ceph_decode_need(p, end, 0, bad) always passes. When a malicious or compromised OSD sends an obj_list_watch_response_t reply with struct_len=0, ceph_start_decoding() returns success with p == end, leaving zero bytes guaranteed for subsequent reads. The immediately following ceph_decode_32(p) in decode_watchers() has no preceding bounds check. With p == end this is a 4-byte read past the validated buffer boundary. The garbage value is then passed directly to kzalloc_objs() as the watcher count. The sibling function decode_watcher() already uses the safe variants (ceph_decode_copy_safe, ceph_decode_64_safe, ceph_decode_skip_32) after its own ceph_start_decoding() call. decode_watchers() is the only site that uses the bare variant, confirming an oversight. Fix by replacing ceph_decode_32(p) with ceph_decode_32_safe(p, end, *num_watchers, bad), consistent with the established pattern. Attacker model: a malicious or compromised OSD in a multi-tenant Ceph deployment (e.g. cloud) can trigger this against any kernel client that calls CEPH_OSD_OP_LIST_WATCHERS, without any further privileges beyond OSD session establishment. [ idryomov: trim changelog ]",Critical,CVE-2026-80557
Test-VL-Linux,linux-image-7.0.0-34-generic,7.0.0-34.34,"In the Linux kernel, the following vulnerability has been resolved: libceph: Fix multiplication overflow in decode_new_up_state_weight() If a message of type CEPH_MSG_OSD_MAP contains a (maliciously) corrupted osdmap, out-of-bounds memory accesses may occur in decode_new_up_state_weight(). This happens because the bounds check for the new_state part is based on calculating its length depending on a len value read from the incoming message. This calculation may overflow leading to an incorrect bounds check. Subsequently, out-of-bounds reads may occur when decoding this part. This patch switches the multiplication to use check_mul_overflow() to abort processing the osdmap if an overflow occurred. Therefore, osdmaps/messages containing large values for len that result in a multiplication overflow are treated as invalid. [ idryomov: rename new_state_len -&gt; new_state_item_size, formatting ]",Critical,CVE-2026-68158
Test-VL-Linux,linux-image-7.0.0-34-generic,7.0.0-34.34,"In the Linux kernel, the following vulnerability has been resolved: sctp: close UDP tunnel sockets during netns teardown proc_sctp_do_udp_port() starts per-net SCTP UDP tunneling sockets when net.sctp.udp_port is set, and stops/restarts them when the sysctl value changes. The netns exit path does not stop these sockets, so a namespace can be torn down while its SCTP UDP tunnel sockets are still installed. Close the UDP tunnel sockets from sctp_ctrlsock_exit() after unregistering the per-net sysctl table. This prevents new sysctl writes from racing in while the sockets are being released, and closes the sockets before the control socket is destroyed.",Critical,CVE-2026-68161
Test-VL-Linux,linux-image-7.0.0-34-generic,7.0.0-34.34,"In the Linux kernel, the following vulnerability has been resolved: crypto: marvell/octeontx - fix DMA cleanup using wrong loop index The sg_cleanup path used list[i] instead of list[j] when unmapping DMA buffers, leaking successfully mapped entries and repeatedly unmapping the failed one.",Critical,CVE-2026-74280
Test-VL-Linux,linux-image-7.0.0-34-generic,7.0.0-34.34,"In the Linux kernel, the following vulnerability has been resolved: mptcp: fix stale skb-&gt;sk reference on subflow close The backlog list is updated by mptcp_data_ready() under mptcp_data_lock(). The cleanup of backlog references to a closing subflow, however, was performed in mptcp_close_ssk(), before __mptcp_close_ssk() acquires the ssk lock, and while holding neither the ssk lock nor mptcp_data_lock(). Because that traversal ran without mptcp_data_lock(), concurrent softirq RX processing on another CPU (subflow_data_ready() -&gt; mptcp_data_ready() -&gt; __mptcp_add_backlog(), under mptcp_data_lock()) could add a backlog entry referencing the ssk while the cleanup loop was in progress. Such an entry could be missed by the cleanup, or the concurrent list update could corrupt the traversal, leaving skb-&gt;sk pointing at the ssk after it is freed. A later mptcp_backlog_purge() then dereferences the stale pointer, triggering a warning in inet_sock_destruct() (ssk-&gt;sk_rmem_alloc != 0) followed by a use-after-free in mptcp_backlog_purge(). Fix this by moving the backlog cleanup into __mptcp_close_ssk(), after subflow-&gt;closing is set to 1 and while the ssk lock is still held, serialized under mptcp_data_lock(). The cleanup runs only on the push path (MPTCP_CF_PUSH), where backlog references accumulate; on other teardown paths the caller already handles cleanup. With subflow-&gt;closing set and mptcp_data_lock() held across the purge, any concurrent mptcp_data_ready() either completes its enqueue before the purge runs and is caught, or observes closing=1 and bails out. Once mptcp_data_unlock() is reached, no new skb referencing the ssk can be enqueued, so the cleanup is exhaustive. Remove the unprotected traversal from mptcp_close_ssk() entirely.",Critical,CVE-2026-68170
Test-VL-Linux,linux-image-7.0.0-34-generic,7.0.0-34.34,"In the Linux kernel, the following vulnerability has been resolved: KVM: x86: Cancel delayed I/O APIC EOI handling before destroying vCPUs Cancel (and flush) the I/O APIC's delayed EOI handling work during the ""pre VM destroy"" phase, before vCPUs are destroyed, as processing the EOI broadcast will inject another IRQ if the line is asserted, i.e. will try to deliver an IRQ to the target vCPU(s).  Canceling the work after vCPUs are destroyed leads to UAF if the delayed work is processed after vCPUs are destroyed.   BUG: KASAN: slab-use-after-free in __kvm_irq_delivery_to_apic_fast+0x9bf/0xa20 arch/x86/kvm/lapic.c:1250   Read of size 8 at addr ffff8880499abea0 by task kworker/1:2/1218   CPU: 1 UID: 0 PID: 1218 Comm: kworker/1:2 Not tainted 7.1.0-rc7 #5 PREEMPT(lazy)   Hardware name: QEMU Ubuntu 25.10 PC v2 (i440FX + PIIX, + 10.1 machine, 1996), BIOS 1.16.3-debian-1.16.3-2 04/01/2014   Workqueue: events kvm_ioapic_eoi_inject_work   Call Trace:    &lt;TASK&gt;    __dump_stack lib/dump_stack.c:94    dump_stack_lvl+0x100/0x190 lib/dump_stack.c:120    print_address_description mm/kasan/report.c:378    print_report+0x139/0x4ad mm/kasan/report.c:482    kasan_report+0xe4/0x1d0 mm/kasan/report.c:595    __kvm_irq_delivery_to_apic_fast+0x9bf/0xa20 arch/x86/kvm/lapic.c:1250    __kvm_irq_delivery_to_apic+0xd8/0xbf0 arch/x86/kvm/lapic.c:1345    kvm_irq_delivery_to_apic arch/x86/kvm/lapic.h:129    ioapic_service+0x308/0x590 arch/x86/kvm/ioapic.c:492    kvm_ioapic_eoi_inject_work+0x13c/0x190 arch/x86/kvm/ioapic.c:532    process_one_work+0xa59/0x19a0 kernel/workqueue.c:3314    process_scheduled_works kernel/workqueue.c:3397    worker_thread+0x5eb/0xe50 kernel/workqueue.c:3478    kthread+0x370/0x450 kernel/kthread.c:436    ret_from_fork+0x72b/0xd30 arch/x86/kernel/process.c:158    ret_from_fork_asm+0x1a/0x30 arch/x86/entry/entry_64.S:245    &lt;/TASK&gt; Note, the VM is unreachable once kvm_destroy_vm() starts, and scheduling new work via kvm_ioapic_send_eoi() can only be done via KVM_RUN, i.e. requires a live vCPU. Alternatively, KVM could simply destroy the I/O APIC during the ""pre"" phase of VM destruction, but that gets more than a bit sketchy as KVM expects the I/O APIC to exist if ioapic_in_kernel() is true, and nested virtualization in particular has a bad habit of touching VM-scope state during vCPU destruction.  E.g. attempting to free the PIC during the pre phase would lead to a NULL pointer dereference in kvm_cpu_has_extint(), and it's not hard to imagine the I/O APIC having a similar flaw.",Critical,CVE-2026-74517
Test-VL-Linux,linux-image-7.0.0-34-generic,7.0.0-34.34,"In the Linux kernel, the following vulnerability has been resolved: SUNRPC: Zero rpc_gss_wire_cred at svcauth_gss_decode_credbody() entry svcauth_gss_decode_credbody() writes the caller's rpc_gss_wire_cred field by field and assigns gc_ctx.len only on the success tail.  The caller storage is svcdata-&gt;clcred, which lives in the per-svc_rqst gss_svc_data and is reused across requests.  Early decode failures leave partially decoded state mixed with residue from the prior request. The trailing body_len tightness check is the sharpest case: xdr_stream_decode_opaque_inline() has already written gc_ctx.data with a borrowed inline pointer into the current request's XDR pages, but gc_ctx.len retains its prior value.  Once the request pages are released the pooled clcred carries a dangling pointer paired with a stale length. Zero the caller's rpc_gss_wire_cred at function entry so that every early-return path leaves a deterministic all-zero cred. On the trailing tightness-check path, gc_ctx.len is now zero instead of stale, which neuters length-driven consumers such as gss_svc_searchbyctx() that would otherwise walk the dangling data pointer.",Critical,CVE-2026-93207
Test-VL-Linux,linux-image-7.0.0-34-generic,7.0.0-34.34,"In the Linux kernel, the following vulnerability has been resolved: libceph: refresh auth-&gt;authorizer_buf{,_len} after authorizer update ceph_x_create_authorizer() caches au-&gt;buf-&gt;vec.iov_base and au-&gt;buf-&gt;vec.iov_len in struct ceph_auth_handshake.  These cached values are then used by the messenger connect code when sending the authorizer. ceph_x_update_authorizer() can rebuild the authorizer when a newer service ticket is available.  If the rebuilt authorizer no longer fits in the existing buffer, ceph_x_build_authorizer() drops its reference to au-&gt;buf and allocates a new one.  If this is the final reference, ceph_buffer_put() frees the old ceph_buffer and its vec.iov_base, but auth-&gt;authorizer_buf still points at that freed memory. A subsequent msgr1 reconnect can therefore queue the stale pointer and trigger a KASAN slab-use-after-free in _copy_from_iter() while tcp_sendmsg() copies the authorizer. Refresh auth-&gt;authorizer_buf and auth-&gt;authorizer_buf_len after a successful authorizer rebuild so the messenger sends the current buffer.",Critical,CVE-2026-68156
Test-VL-Linux,linux-image-7.0.0-34-generic,7.0.0-34.34,"In the Linux kernel, the following vulnerability has been resolved: netfilter: nf_conntrack_sip: widen NAT rewrite delta to s32 in sip_help_tcp() sip_help_tcp() stores the size change of each NAT-rewritten SIP message in s16 diff and accumulates it in s16 tdiff, but a single message can grow by more than S16_MAX while the packet stays under the 65535 enlarge_skb() limit: nf_nat_sip() rewrites every matching URI, and a long Contact list expands the message by tens of kilobytes. diff then wraps, and ""datalen = datalen + diff - msglen"" yields a huge unsigned datalen, so the next iteration's ct_sip_get_header() reads past the linearized skb tail. Widen diff, tdiff and the seq_adjust hook to s32. Both are bounded by the 65535 byte packet limit, and the seqadj core is already s32 (nf_ct_seqadj_set() takes s32), so no previously accepted input is rejected.   BUG: KASAN: use-after-free in ct_sip_get_header (net/netfilter/nf_conntrack_sip.c:464)   Read of size 1 at addr ffff888010800000 by task ksoftirqd/1/25    ct_sip_get_header (net/netfilter/nf_conntrack_sip.c:464)    sip_help_tcp (net/netfilter/nf_conntrack_sip.c:1694)    nf_confirm (net/netfilter/nf_conntrack_proto.c:183)    nf_hook_slow (net/netfilter/core.c:619)    ip6_output (net/ipv6/ip6_output.c:246)    ip6_forward (net/ipv6/ip6_output.c:690)    ipv6_rcv (net/ipv6/ip6_input.c:351)    __netif_receive_skb_one_core (net/core/dev.c:6212)    process_backlog (net/core/dev.c:6676)    __napi_poll (net/core/dev.c:7735)    net_rx_action (net/core/dev.c:7955)    handle_softirqs (kernel/softirq.c:622)    run_ksoftirqd (kernel/softirq.c:1076)    ...",Critical,CVE-2026-74569
Test-VL-Linux,linux-image-7.0.0-34-generic,7.0.0-34.34,"In the Linux kernel, the following vulnerability has been resolved: block: stop the timeout timer when releasing a never added disk disk_release() undoes blk_mq_init_allocated_queue() for a disk whose probe failed before add_disk(), but it only calls blk_mq_exit_queue(). Nothing there stops q-&gt;timeout, and that timer rolls forward: it stays pending until it next expires, not until the last request completes. So if the driver issued any I/O before adding the disk, the request_queue is freed while still linked into a timer wheel bucket. Commit 6f8191fdf41d (""block: simplify disk shutdown"") dropped the blk_cleanup_queue() call that used to stop it.  __del_gendisk() and blk_mq_destroy_queue() still do; only the probe failure path lost it. nvme gets there because nvme_update_ns_info() submits Report Zones or FDP io-mgmt-recv on ns-&gt;queue before the disk is added, so a later failure - a concurrent reset setting NVME_CTRL_FROZEN, or device_add_disk() failing - lands in put_disk() with the timer armed:   BUG: KASAN: slab-use-after-free in detach_if_pending+0x30c/0x340   Write of size 8 at addr ffff888004d71310 by task kworker/u8:2/37    __timer_delete_sync+0x156/0x240 kernel/time/timer.c:1621    blk_sync_queue+0x22/0x40 block/blk-core.c:222    nvme_sync_queues+0x100/0x150 drivers/nvme/host/core.c:5362    nvme_reset_work+0x138/0x930 drivers/nvme/host/pci.c:3264   Allocated by task 34:    __blk_mq_alloc_disk+0x33/0x100 block/blk-mq.c:4462    nvme_alloc_ns+0x290/0x3870 drivers/nvme/host/core.c:4146   Freed by task 0:    blk_free_queue_rcu+0x3a/0x50 block/blk-core.c:254    rcu_core+0xc10/0x1730 kernel/rcu/tree.c:2857 The queue being synced there is ctrl-&gt;admin_q, only a victim sharing a timer wheel bucket with the freed queue's dangling entry; other runs tripped in enqueue_timer(), __run_timers() or blk_mq_timeout_work(). Failing nvme_alloc_ns() with a debug patch makes it deterministic: one leaked timer trips KASAN within seconds, while 1987 patched releases produced no splat. Stop the timer and the queue work items before blk_mq_exit_queue(), like blk_mq_destroy_queue() does. Found by FuzzNvme.",Critical,CVE-2026-80589
Test-VL-Linux,linux-image-7.0.0-34-generic,7.0.0-34.34,"In the Linux kernel, the following vulnerability has been resolved: KVM: arm64: Make VNCR invalidation participate in MMU invalidation retry A VNCR TLB invalidation can occur on one vcpu while another vcpu is faulting in this same page. Without correctly handling this, we can end up with the following scenario: - vcpu A walks the PTs to translate VNCR - before vcpu A is able to grab the MMU lock to insert the TLB,   vcpu B updates the S1 PTs with an invalid entry, and issues   a TLBI S1E2 for this VA - vcpu A inserts the TLB for something that is now invalid This isn't a new problem, and we manage S2 by having the MMU notifier to bump up mmu_invalidate_seq on invalidation so that the fault can be replayed. We can perform something similar here, and extend invalidate_vncr_va() to update the same counter, clearly indicating that the context has changed under our feet. This is safe as the invalidation always happen while holding the MMU lock for write, and that we sample the sequence number before walking S1.",Critical,CVE-2026-89916
Test-VL-Linux,linux-image-7.0.0-34-generic,7.0.0-34.34,"In the Linux kernel, the following vulnerability has been resolved: netfilter: flowtable: publish GC-visible tuple last nf_flow_table_iterate() only treats original-direction tuple nodes as owning entries. Publishing the original node first lets GC observe and free a flow while flow_offload_add() is still inserting the reply node. Publish the reply node first and the original node last so GC never sees a partially installed flow. KASAN can trigger slab-use-after-free read and write reports in the flowtable/rhashtable path (rht_deferred_worker, jhash, flow_offload_del, flow_offload_lookup, etc.).",Critical,CVE-2026-74746
Test-VL-Linux,linux-image-7.0.0-34-generic,7.0.0-34.34,"In the Linux kernel, the following vulnerability has been resolved: SUNRPC: svcauth_gss: enforce krb5 token minimum length svcauth_gss_unwrap_priv() validates only an upper bound on the wire-supplied opaque length before handing the buffer to gss_unwrap():     if (len &gt; xdr_stream_remaining(xdr))             goto unwrap_failed;     offset = xdr_stream_pos(xdr);     ...     maj_stat = gss_unwrap(ctx, offset, offset + len, buf); The wire value `len` flows unchanged as the upper bound into the krb5 unwrap path, so a len in [0, 16] passes this check and is handed to gss_unwrap(). For a krb5 v2 context that lands in gss_krb5_unwrap_v2(), which reads the 16-byte RFC 4121 token header fields at ptr+4 and ptr+6 and then calls rotate_left() before any integrity check. With a sub-header length the header reads run past the token, and _rotate_left()'s `shift %= buf-&gt;len` path can divide by zero when buf-&gt;len has been driven to zero by the truncated token. A header-only token (len == 16) is equally invalid: with a non-zero RRC field and the opaque blob ending at the XDR buffer boundary, rotate_left() builds a zero-length subbuffer, reaching the same division. Reject the token at the server entry point before it reaches the krb5 unwrap core. A valid sealed RFC 4121 token must contain the 16-byte header plus at least some encrypted payload. Fix by adding a minimum-length check immediately after the existing upper-bound check:     if (len &lt;= GSS_KRB5_TOK_HDR_LEN)             goto unwrap_failed;",Critical,CVE-2026-89550
Test-VL-Linux,linux-image-7.0.0-34-generic,7.0.0-34.34,"In the Linux kernel, the following vulnerability has been resolved: net: gro: fix double aggregation of flush-marked skbs Commit 0ab03f353d36 (""net-gro: Fix GRO flush when receiving a GSO packet."") added a flush check to skb_gro_receive(), but skb_gro_receive_list() lacks the same validation. As a result, packets marked with NAPI_GRO_CB(skb)-&gt;flush may still be re-aggregated. This allows already-GRO'd packets with existing frag_list to be re-aggregated into a new GRO session, corrupting the frag_list chain structure. When skb_segment() attempts to unpack these malformed packets, it encounters invalid state and triggers a kernel panic. Scenario (Tethering/Device forwarding):   1. Driver: Generated aggregated packet P1 via LRO with frag_list   2. Dev A: Receives aggregated fraglist packet and flush flag set   3. Dev A: Re-enters GRO, skb_gro_receive_list() is called   4. Missing flush check allows re-aggregation despite flush flag   5. Frag_list chain becomes corrupted (loops or dangling refs)   6. Dev B: TX path calls skb_segment(), crashes on corrupted frag_list Root cause in skb_segment():   The check at line ~4891:     if (hsize &lt;= 0 &amp;&amp; i &gt;= nfrags &amp;&amp; skb_headlen(list_skb) &amp;&amp;         (skb_headlen(list_skb) == len || sg)) {   When frag_list is corrupted by double aggregation, when list_skb is   a NULL pointer from skb-&gt;next, skb_headlen(list_skb) dereference   NULL/corrupted pointers occurs. Call Trace:  skb_headlen(NULL skb)  skb_segment  tcp_gso_segment  tcp4_gso_segment  inet_gso_segment  skb_mac_gso_segment  __skb_gso_segment  skb_gso_segment  validate_xmit_skb  validate_xmit_skb_list  sch_direct_xmit  qdisc_restart  __qdisc_run  qdisc_run  net_tx_action Fix: Add NAPI_GRO_CB(skb)-&gt;flush validation to the early-return check in skb_gro_receive_list(), matching the defensive programming pattern of skb_gro_receive().",Critical,CVE-2026-68136
Test-VL-Linux,linux-image-7.0.0-34-generic,7.0.0-34.34,"In the Linux kernel, the following vulnerability has been resolved: batman-adv: dat: acquire ARP hw source only after skb realloc The pskb_may_pull() called by batadv_get_vid() could reallocate the buffer behind the skb. Variables which were pointing to the old buffer need to be reassigned to avoid an use-after-free.",Critical,CVE-2026-80600
Test-VL-Linux,linux-image-7.0.0-34-generic,7.0.0-34.34,"In the Linux kernel, the following vulnerability has been resolved: vxlan: use neigh_ha_snapshot() in route_shortcircuit() The neighbour hardware address n-&gt;ha can be updated asynchronously by the neighbour subsystem, protected by n-&gt;ha_lock seqlock. Reading n-&gt;ha without holding the seqlock loop can lead to torn reads or reading a partially updated MAC address. Use neigh_ha_snapshot() in route_shortcircuit() to safely copy n-&gt;ha under read_seqbegin()/read_seqretry() lock protection before using it. Note that arp_reduce() and neigh_reduce() seem to have the same issue left for future patches.",Critical,CVE-2026-74475
Test-VL-Linux,linux-image-7.0.0-34-generic,7.0.0-34.34,"In the Linux kernel, the following vulnerability has been resolved: nfsd: RCU-protect cl_cb_session to fix use-after-free on session teardown After a DESTROY_SESSION the per-session teardown path can free a session while rpciod still holds an inflight callback rpc_task that dereferences clp-&gt;cl_cb_session.  nfsd4_probe_callback_sync() flushes cl_callback_wq, but once nfsd4_run_cb_work() has called rpc_call_async() the rpc_task lives on rpciod; flushing the workqueue does not wait for it.  rpc_shutdown_client() does drain rpciod tasks, but uses a 1-second wait_event_timeout — tasks stuck in rpc_delay() (e.g. 2-second NFS4ERR_DELAY retries) can outlive the drain.     destroy path                       rpciod     ------------                       ------     unhash_session(ses)     nfsd4_probe_callback_sync(clp)       flush_workqueue(cl_callback_wq)       /* returns; rpc_task still live */     nfsd4_put_session_locked(ses)     free_session(ses) -&gt; kfree(ses)                                        nfsd4_cb_sequence_done()                                          reads cb_clp-&gt;cl_cb_session                                          /* freed slab */ A second window exists in nfsd4_process_cb_update().  When __nfsd4_find_backchannel() returns NULL because unhash_session() has already removed the destroyed session from cl_sessions, setup_callback_client() takes the v4.1 early return so clp-&gt;cl_cb_session = ses never fires and the field retains a pointer to the about-to-be-freed session. Fix both by converting cl_cb_session to an RCU-protected pointer:   - Move the cl_cb_session = ses assignment in setup_callback_client()     to after rpc_create() succeeds, so it is only published when a     working backchannel exists.  Clear cl_cb_session on the error     return in nfsd4_process_cb_update().  Both stores use     rcu_assign_pointer().   - Annotate cl_cb_session with __rcu.  All rpciod-side readers use     rcu_read_lock()/rcu_dereference() and check for NULL, bailing to     the appropriate error or requeue path:     encode_cb_sequence4args(), decode_cb_sequence4resok(),     nfsd41_cb_get_slot(), nfsd41_cb_release_slot(),     nfsd4_cb_prepare(), and nfsd4_cb_sequence_done().   - Switch __free_session() from kfree() to kfree_rcu() so the     session slab is not reclaimed until after an RCU grace period,     guaranteeing that rpciod readers inside rcu_read_lock() never     dereference freed memory.   - Pass the session pointer to the nfsd_cb_seq_status and     nfsd_cb_free_slot tracepoints instead of having them re-read     cl_cb_session.   - nfsd4_cb_prepare() calls rpc_exit() when the session is NULL,     routing through the done/release path to requeue the callback.",Critical,CVE-2026-89708
Test-VL-Linux,linux-image-7.0.0-34-generic,7.0.0-34.34,"In the Linux kernel, the following vulnerability has been resolved: sctp: auth: verify auth requirement when auth_chunk is NULL sctp_auth_chunk_verify() returns true unconditionally when chunk-&gt;auth_chunk is NULL, silently skipping authentication. This is incorrect when: 1. skb_clone() failed in the BH receive path, leaving auth_chunk    NULL. In sctp_endpoint_bh_rcv() asoc is NULL for new    connections, so the early sctp_auth_recv_cid() check cannot    catch this. 2. No AUTH chunk precedes COOKIE-ECHO, so skb_clone() is never    called and auth_chunk remains NULL. Fix by checking sctp_auth_recv_cid() when auth_chunk is NULL: if authentication is required, return false to drop the chunk; otherwise continue normally.",Critical,CVE-2026-68300
Test-VL-Linux,linux-image-7.0.0-34-generic,7.0.0-34.34,"In the Linux kernel, the following vulnerability has been resolved: amt: re-read skb header pointers after every pull Several AMT receive and transmit paths cache a pointer into the skb head (ip_hdr(), ipv6_hdr(), eth_hdr() or the AMT message header) and then call a helper that can reallocate that head before the cached pointer is used again.  pskb_may_pull(), ip_mc_may_pull(), ipv6_mc_may_pull(), iptunnel_pull_header(), ip_mc_check_igmp() and ipv6_mc_check_mld() can all free the old head and move the data, so a pointer taken before the call dangles afterwards and the later access is a use-after-free of the freed head. The affected sites are:   amt_rcv() caches ip_hdr() before amt_parse_type() pulls, then reads   iph-&gt;saddr.   amt_dev_xmit() caches ip_hdr()/ipv6_hdr() before ip_mc_check_igmp()/   ipv6_mc_check_mld() and pskb_may_pull(), then reads the group address.   amt_multicast_data_handler() caches eth_hdr() before pskb_may_pull(),   then writes the L2 header.   amt_membership_query_handler() caches the AMT header, the outer and   inner eth_hdr() and ip_hdr() before iptunnel_pull_header() and several   pulls, then reads and writes them.   amt_igmpv3_report_handler() and amt_mldv2_report_handler() cache   ip_hdr()/ipv6_hdr() and the current group record and read the record   count from the report header inside the record loop, across the   *_mc_may_pull() calls.   amt_update_handler() caches ip_hdr() and the AMT membership-update   header before pskb_may_pull(), iptunnel_pull_header(),   ip_mc_check_igmp() and the report handler, then reads iph-&gt;daddr and   amtmu-&gt;nonce / amtmu-&gt;response_mac. Fix each site by either snapshotting the scalar that is used after the pull before the first pull runs, or re-deriving the header pointer from the skb after the last pull that can move the head.  Values that are stable across the pull (source and group address, the response MAC and nonce, the record count, the outer source MAC) are snapshotted; pointers that are written through or read repeatedly are re-derived.",Critical,CVE-2026-68302
Test-VL-Linux,linux-image-7.0.0-34-generic,7.0.0-34.34,"In the Linux kernel, the following vulnerability has been resolved: vdpa/octeon_ep: fix IRQ-to-ring mapping in interrupt handler Look up the IRQ index in oct_hw-&gt;irqs instead of assuming irq - irqs[0]. This supports non-contiguous IRQ numbers and avoids incorrect ring indexing when irqs[0] is not the base.",Critical,CVE-2026-74309
Test-VL-Linux,linux-image-7.0.0-34-generic,7.0.0-34.34,"In the Linux kernel, the following vulnerability has been resolved: smb: client: validate DFS referral PathConsumed parse_dfs_referrals() validates that the response contains the fixed referral entry array and, on for-next, the per-referral string offsets. However, the response also contains a PathConsumed value that is later used for DFS path parsing. If a malformed response provides a PathConsumed value larger than the search name, later DFS parsing can advance beyond the end of the path. Validate PathConsumed against the search name length before storing it in the parsed referral.",Critical,CVE-2026-68343
Test-VL-Linux,linux-image-7.0.0-34-generic,7.0.0-34.34,"In the Linux kernel, the following vulnerability has been resolved: NFS: Pin the 'struct nfs_server' during a FREE_STATEID call Dan Aloni reports that he was able to hit a use-after-free bug if a FREE_STATEID operation gets delayed for whatever reason. Fix this by bumping the refcount of the 'struct nfs_server' object for the duration of the FREE_STATEID so it doesn't get cleaned up from underneath us while operations are still in flight.",Critical,CVE-2026-74730
Test-VL-Linux,linux-image-7.0.0-34-generic,7.0.0-34.34,"In the Linux kernel, the following vulnerability has been resolved: dibs: initialise dibs-&gt;lock in dibs_dev_alloc() dibs-&gt;lock is initialised by dibs_dev_add(), but a dibs device can already take interrupts before that call: ism_probe() runs ism_dev_init(), and hence request_irq(), before it calls dibs_dev_add(). No client can have registered a dmb at that point, so no dmb interrupt can occur, but a GID event interrupt can, and ism_handle_irq() takes dibs-&gt;lock unconditionally on entry, before it inspects anything else. Initialise the lock in dibs_dev_alloc() instead, so that it is valid as soon as a driver can publish the device to its interrupt handler.",Critical,CVE-2026-74617
Test-VL-Linux,linux-image-7.0.0-34-generic,7.0.0-34.34,"In the Linux kernel, the following vulnerability has been resolved: geneve: gate GRO hint in geneve_gro_complete() on gs-&gt;gro_hint geneve_gro_receive() reads the GRO hint through geneve_sk_gro_hint_off(), which honours it only when the socket enabled IFLA_GENEVE_GRO_HINT (gs-&gt;gro_hint). geneve_gro_complete() instead calls the low-level geneve_opt_gro_hint_off() and acts on the hint unconditionally. On a tunnel without the hint, receive aggregates the frames as plain ETH_P_TEB while complete still honours an attacker-supplied hint option: it inflates gh_len by gro_hint-&gt;nested_hdr_len (u8) and redirects the dispatch type, so the inner gro_complete handler runs at nhoff + gh_len, an offset receive never pulled nor validated, reading out of bounds of the skb head:   BUG: KASAN: slab-out-of-bounds in ipv6_gro_complete (net/ipv6/ip6_offload.c:196)   Read of size 1 at addr ffff88800fe91980 by task exploit/153    ipv6_gro_complete (net/ipv6/ip6_offload.c:196)    geneve_gro_complete (drivers/net/geneve.c:965)    udp_gro_complete (net/ipv4/udp_offload.c:940)    inet_gro_complete (net/ipv4/af_inet.c:1621)    __gro_flush (net/core/gro.c:306) Gate the complete path on gs-&gt;gro_hint too via geneve_sk_gro_hint_off(), so both paths agree. Tunnels that enable the hint are unaffected.",Critical,CVE-2026-72408
Test-VL-Linux,linux-image-7.0.0-34-generic,7.0.0-34.34,"In the Linux kernel, the following vulnerability has been resolved: ipv4: fib: Don't ignore error route in local/main tables. When CONFIG_IP_MULTIPLE_TABLES is enabled but no rule is added, fib_lookup() performs route lookup directly on two tables. Since the first lookup does not properly bail out, the result of an error route in the merged local/main table could be overwritten by another route in the default table:   # unshare -n   # ip link set lo up   # ip route add 192.168.0.0/24 dev lo table 253   # ip route add unreachable 192.168.0.0/24   # ip route get 192.168.0.1   192.168.0.1 dev lo table default uid 0       cache &lt;local&gt; Once a random rule is added, the error route is respected:   # ip rule add table 0   # ip rule del table 0   # ip route get 192.168.0.1   RTNETLINK answers: No route to host Let's fix the inconsistent behaviour.",Critical,CVE-2026-72421
Test-VL-Linux,linux-image-7.0.0-34-generic,7.0.0-34.34,"In the Linux kernel, the following vulnerability has been resolved: scsi: qla2xxx: Bound rsp_info_len to avoid OOB sense-data read In qla2x00_status_entry(), the FWI2 status path advances sense_data and shrinks par_sense_len by rsp_info_len: 	if (IS_FWI2_CAPABLE(ha)) { 		sense_data += rsp_info_len; 		par_sense_len -= rsp_info_len; 	} rsp_info_len is a 32-bit value taken directly from the target's FCP response (sf.rsp_data_len), while par_sense_len is the IOCB data area size (28 bytes for 24xx, 60 bytes for 29xx). A hostile or buggy target reporting an rsp_info_len larger than par_sense_len makes the unsigned subtraction underflow to a huge value and advances sense_data out of bounds. The underflowed par_sense_len then defeats the cap in qla2x00_handle_sense(): 	if (sense_len &gt; par_sense_len) 		sense_len = par_sense_len; 	memcpy(cp-&gt;sense_buffer, sense_data, sense_len); so the memcpy reads up to SCSI_SENSE_BUFFERSIZE bytes from the out-of-bounds sense_data pointer, leaking adjacent response-ring/heap memory into the command's sense buffer. Clamp rsp_info_len to par_sense_len before the subtraction so par_sense_len can never underflow and sense_data stays within the IOCB data area. The fix sits before the comp_status switch, covering both qla2x00_handle_sense() call sites.",Critical,CVE-2026-89846
Test-VL-Linux,linux-image-7.0.0-34-generic,7.0.0-34.34,"In the Linux kernel, the following vulnerability has been resolved: crypto: cavium/cpt - fix DMA cleanup using wrong loop index The sg_cleanup error path used list[i] instead of list[j] when unmapping DMA buffers, leaking successfully mapped entries and repeatedly unmapping the failed one.",Critical,CVE-2026-74279
Test-VL-Linux,linux-image-7.0.0-34-generic,7.0.0-34.34,"In the Linux kernel, the following vulnerability has been resolved: nfsd: don't free session slots that are still in use nfsd4_sequence() can free the very slot it is currently processing. When the session shrinker has reduced se_target_maxslots below se_fchannel.maxreqs, the shrink path checks three conditions before calling free_session_slots():   1. se_target_maxslots &lt; maxreqs  (shrink was advertised)   2. slot-&gt;sl_generation == se_slot_gen  (slot is up-to-date)   3. seq-&gt;maxslots &lt;= se_target_maxslots  (client acknowledges) However, seq-&gt;slotid is never checked against se_target_maxslots. A client using a slot in the range [se_target_maxslots, maxreqs) can satisfy all three conditions: its slot has the current generation (set by a prior SEQUENCE), and it sends sa_highest_slotid &lt;= se_target_maxslots to acknowledge the reduction. free_session_slots() then kfrees every slot at index &gt;= se_target_maxslots, including the caller's own slot. The function continues to write sl_seqid, sl_flags, sl_generation, and stores the dangling pointer in cstate-&gt;slot. Later, nfsd4_store_cache_entry() copies up to maxresp_cached bytes of the compound reply into the freed sl_data[] array, corrupting whatever slab object now occupies that address. Additionally, a concurrent thread processing SEQUENCE on a different high-numbered slot can have its slot freed out from under it. NFSD4_SLOT_INUSE is set under nn-&gt;client_lock before the lock is released, so any concurrent thread past SEQUENCE will have its slot marked. However, free_session_slots() does not check NFSD4_SLOT_INUSE before freeing. Fix both problems by:  1. Checking that the current request's slotid is below the shrink     boundary.  2. Scanning slots in the to-be-freed range for NFSD4_SLOT_INUSE and     deferring the shrink if any are active.",Critical,CVE-2026-89689
Test-VL-Linux,linux-image-7.0.0-34-generic,7.0.0-34.34,"In the Linux kernel, the following vulnerability has been resolved: seg6: reset IP6CB after IPv6 decapsulation decap_and_validate() pulls the outer SRv6 headers and makes the inner packet the skb network header. The IPv6 control block still contains values collected while parsing the outer packet, including nhoff and extension-header flags. End.DX6 and End.DT6 route the inner IPv6 packet directly to the IPv6 input path. An unprivileged user can reach End.DT6 from a user and net namespace by installing a local SID and injecting an outer packet with Hop-by-Hop and Destination Options headers followed by an SRH and a minimal inner IPv6 packet. The outer extension headers leave a large nhoff in IP6CB. After decapsulation, ip6_protocol_deliver_rcu() uses that stale offset on the inner packet and reads beyond the skb head. KASAN reports:   BUG: KASAN: slab-out-of-bounds in ip6_protocol_deliver_rcu   ip6_protocol_deliver_rcu+0x1118/0x1450   ip6_input_finish+0x11b/0x240   seg6_local_input_core+0xed/0x2e0   lwtunnel_input+0x1e9/0x4e0   ipv6_rthdr_rcv+0x525f/0x6c50   ip6_protocol_deliver_rcu+0xcb7/0x1450 Before clearing IP6CB for an inner IPv6 packet, save its incoming interface index and L3 slave state. Restore both after the clear and set nhoff to the inner IPv6 base-header nexthdr field. Use IP6CB(skb)-&gt;iif rather than skb-&gt;skb_iif because VRF processing can replace skb_iif with the L3 master while IP6CB keeps the receiving interface. Preserve IP6SKB_L3SLAVE for the same reason.",Critical,CVE-2026-80976
Test-VL-Linux,linux-image-7.0.0-34-generic,7.0.0-34.34,"In the Linux kernel, the following vulnerability has been resolved: ksmbd: use memcmp() to compare ClientGUIDs ClientGUID is a fixed-size binary value and can contain embedded NUL bytes. strncmp() stops comparing at the first NUL byte, so different ClientGUID values can incorrectly be treated as equal. Use memcmp() in SMB3 multichannel session binding and FSCTL_VALIDATE_NEGOTIATE_INFO to compare all SMB2_CLIENT_GUID_SIZE bytes.",Critical,CVE-2026-74521
Test-VL-Linux,linux-image-7.0.0-34-generic,7.0.0-34.34,"In the Linux kernel, the following vulnerability has been resolved: isofs: fix out-of-bounds page array access on empty zisofs block zisofs_uncompress_block()'s empty-block fast path returns pcount &lt;&lt; PAGE_SHIFT, ignoring the incoming poffset, unlike the decompression path which returns bytes produced relative to poffset. zisofs_fill_pages() uses that return to advance its page cursor, so when the zisofs block size is below PAGE_SIZE and a sub-page block leaves poffset partway into a page, a following empty block over-counts and advances pages[] one element past its end, after which ""if (poffset &amp;&amp; *pages)"" reads pages[1] out of bounds.  rock.c only rejects a block-size shift &gt; 17, so a crafted ""ZF"" Rock Ridge record can set it below PAGE_SHIFT; the bug is reached by an ordinary read() of a compressed file on such a mounted ISO9660 image. Return the byte count relative to poffset and zero only [poffset, PAGE_SIZE) of the first page, matching the decompression path. The page-aligned case (poffset == 0) is unaffected.   BUG: KASAN: slab-out-of-bounds in zisofs_read_folio (fs/isofs/compress.c:290)   Read of size 8 at addr ffff88800f5eac48 by task exploit/142    zisofs_read_folio (fs/isofs/compress.c:290)    read_pages (mm/readahead.c:184)    ...    filemap_read (mm/filemap.c:2814)    vfs_read (fs/read_write.c:574)    __x64_sys_pread64 (fs/read_write.c:769)    do_syscall_64 (arch/x86/entry/syscall_64.c:94)    entry_SYSCALL_64_after_hwframe (arch/x86/entry/entry_64.S:121)   The buggy address is located 0 bytes to the right of the   allocated 8-byte region in the kmalloc-8 cache",Critical,CVE-2026-89778
Test-VL-Linux,linux-image-7.0.0-34-generic,7.0.0-34.34,"In the Linux kernel, the following vulnerability has been resolved: udp: fix potential use-after-free in tunnel segmentation __skb_udp_tunnel_segment() gets the UDP header before ensuring the tunnel header is in the skb head. If the pull reallocates skb-&gt;head, the saved UDP header pointer is no longer valid. Get the UDP header after the pull to avoid a potential use-after-free.",Critical,CVE-2026-74705
Test-VL-Linux,linux-image-7.0.0-34-generic,7.0.0-34.34,"In the Linux kernel, the following vulnerability has been resolved: RDMA/rtrs-srv: Fix integer underflow in process_read and process_write usr_len is read from a network-supplied message field (le16_to_cpu) and used to compute data_len = off - usr_len without validating that usr_len &lt;= off. A malicious RDMA client can send usr_len &gt; off causing an integer underflow, resulting in data_len wrapping to a huge size_t value which is then passed to the rdma_ev callback as a memory length, leading to out-of-bounds memory access. Fix by reading and validating usr_len &lt;= off before rtrs_srv_get_ops_ids() in both process_read() and process_write(), ensuring the early return path acquires no reference and has no resource leak.",Critical,CVE-2026-97413
Test-VL-Linux,linux-image-7.0.0-34-generic,7.0.0-34.34,"In the Linux kernel, the following vulnerability has been resolved: vxlan: use pskb_network_may_pull() in route_shortcircuit() route_shortcircuit() currently calls pskb_may_pull(skb, sizeof(struct iphdr)) (or ipv6hdr), which checks if bytes are available starting from skb-&gt;data. However, in vxlan_xmit(), skb-&gt;data points to the MAC header, so skb_network_offset(skb) is ETH_HLEN (14 bytes). Using pskb_may_pull(skb, 20) only checks 20 bytes from skb-&gt;data (which is 14 bytes MAC header + 6 bytes of IP header), leaving the rest of the IP header potentially un-pulled in non-linear frags. Subsequent dereferences of ip_hdr(skb)-&gt;daddr can read beyond the pulled linear buffer length. Fix this by using pskb_network_may_pull(), which adds skb_network_offset(skb) to the length check to ensure the full network header is present in the linear buffer.",Critical,CVE-2026-74473
Test-VL-Linux,linux-image-7.0.0-34-generic,7.0.0-34.34,"In the Linux kernel, the following vulnerability has been resolved: nvme: add missing SRCU grace period in error path nvme_alloc_ns() error path at out_unlink_ns removes ns from the namespace head siblings list with list_del_rcu(&amp;ns-&gt;siblings) but does not wait for SRCU readers before freeing the namespace struct. Multipath code iterates the head-&gt;list under srcu_read_lock() in nvme_find_path() and nvme_mpath_revalidate_paths(), so a concurrent reader can still hold a reference to ns when kfree(ns) runs. The normal removal path in nvme_ns_remove() correctly calls synchronize_srcu(&amp;ns-&gt;head-&gt;srcu) after list_del_rcu() to wait for in-progress readers. Add the same grace period in the error path.",Critical,CVE-2026-89972
Test-VL-Linux,linux-image-7.0.0-34-generic,7.0.0-34.34,"In the Linux kernel, the following vulnerability has been resolved: um: vector: fix use-after-free in vector_mmsg_rx() When vector_mmsg_rx() discards a packet whose overlay header fails verify_header(), it frees the skb and continues the loop: 	if (header_check &lt; 0) { 		dev_kfree_skb_irq(skb); 		vp-&gt;estats.rx_encaps_errors++; 		continue; 	} The normal and short-packet paths fall through to the bottom of the loop body, which clears the consumed slot and advances the cursors: 	(*skbuff_vector) = NULL; 	mmsg_vector++; 	skbuff_vector++; The verify_header() &lt; 0 path skips that via continue, so the freed skb is left in skbuff_vector[] and the cursors do not advance. The next iteration reads the same slot, gets the freed skb, and frees it again, producing a refcount underflow / use-after-free in the RX path. Discard the slot the same way the other paths do before continuing. Only transports whose verify_header() can return negative are affected: GRE and L2TPv3 do so on a cookie/session-id mismatch (raw/tap do not), so any peer on such a transport can trigger it without authentication.",Critical,CVE-2026-74478
Test-VL-Linux,linux-image-7.0.0-34-generic,7.0.0-34.34,"In the Linux kernel, the following vulnerability has been resolved: nfsd: fix possible fh_compose of wrong dentry in nfsd4_create_file() dentry_create() can hypothetically provide a different dentry than the one passed in.  This could happen, for example, if the exported filesystem is NFS, and the server returned to OPEN a filehandle which matched a directory that was already in the dcache.  Clearly this would not be expected! If this were to happen the dentry (child) that was already stored in resfhp could be freed and later dereferenced. We shouldn't call fh_compose() until we are certain that we have the final dentry, so this patch moved the fh_compose() call to two places: one for the case where the target already exists, and one after dentry_create() where it was created.",Critical,CVE-2026-89677
Test-VL-Linux,linux-image-7.0.0-34-generic,7.0.0-34.34,"In the Linux kernel, the following vulnerability has been resolved: nfsd: add fh_want_write() for early-verified SETATTR in nfsd_proc_setattr() The BOTH_TIME_SET branch calls fh_verify() early so setattr_prepare() can inspect the dentry. This causes nfsd_setattr() to skip fh_want_write(), so notify_change() runs without a mount write reference. Add the missing fh_want_write() call after the early fh_verify().",Critical,CVE-2026-89697
Test-VL-Linux,linux-image-7.0.0-34-generic,7.0.0-34.34,"In the Linux kernel, the following vulnerability has been resolved: rtase: fix double free of multi-frag skb on DMA map failure In rtase_start_xmit(), when the head buffer DMA mapping fails after rtase_xmit_frags() has mapped all fragments, the error path clears the fragment descriptors with rtase_tx_clear_range(), which frees the skb through the last-frag slot and accounts tx_dropped. Control then falls through to the common error label, which frees the same skb a second time and counts it again. Return right after clearing the fragments when the skb owns frags; the no-frag case still drops through and frees the head skb once.",Critical,CVE-2026-74545
Test-VL-Linux,linux-image-7.0.0-34-generic,7.0.0-34.34,"In the Linux kernel, the following vulnerability has been resolved: mptcp: options: reset DSS fields in case of unexpected size A remote peer could send a malformed DSS with a wrong size, followed by another DSS or MPC + Data. In this case, the first suboption will be ignored, but leaving some fields written, which could lead to inconsistency or access uninitialized data. Explicitly reset the fields that could have been modified in case of unexpected size.",Critical,CVE-2026-80586
Test-VL-Linux,linux-image-7.0.0-34-generic,7.0.0-34.34,"In the Linux kernel, the following vulnerability has been resolved: scsi: libiscsi_tcp: Bound SCSI Response data segment to the connection buffer iscsi_tcp_hdr_dissect() receives the data segment of several PDU types into the fixed-size conn-&gt;data buffer, which is allocated for ISCSI_DEF_MAX_RECV_SEG_LEN (8192) bytes.  For the LOGIN_RSP, TEXT_RSP, REJECT and ASYNC_EVENT opcodes the dissect path already rejects a PDU whose DataSegmentLength exceeds that buffer. The SCSI Command Response (ISCSI_OP_SCSI_CMD_RSP) path also copies its data segment (sense/response data) into conn-&gt;data via iscsi_tcp_data_recv_prep(), but it does so without the same check.  The only upstream bound on in.datalen is conn-&gt;max_recv_dlength, the initiator's advertised MaxRecvDataSegmentLength, which is commonly negotiated well above 8192 (open-iscsi defaults to 262144).  A target that returns a SCSI Response with a DataSegmentLength between 8193 and max_recv_dlength therefore overflows the 8192-byte conn-&gt;data buffer. Once the same bound applies, ISCSI_OP_SCSI_CMD_RSP is handled exactly like those responses: bound the data segment, receive it into conn-&gt;data when present, and otherwise complete the PDU with no data.  Fold the opcode into that case group rather than duplicating the check.",Critical,CVE-2026-74556
Test-VL-Linux,linux-image-7.0.0-34-generic,7.0.0-34.34,"In the Linux kernel, the following vulnerability has been resolved: iommu/arm-smmu-v3-iommufd: Require exactly one Stream ID for a vDEVICE arm_vsmmu_vsid_to_sid() maps a guest's vSID to a single physical Stream ID taken from master-&gt;streams[0], assuming a device has exactly one stream. A device with several streams gets only its first one mapped, so a guest vSID invalidation cannot reach the others' ATC and IOTLB entries; a device with none makes master-&gt;streams a ZERO_SIZE_PTR, read out of bounds. Add an arm_vsmmu_vdevice_init() op to reject the vDEVICE with -EOPNOTSUPP when master-&gt;num_streams is not one, rather than mapping it silently.",Critical,CVE-2026-74573
Test-VL-Linux,linux-image-7.0.0-34-generic,7.0.0-34.34,"In the Linux kernel, the following vulnerability has been resolved: sctp: fix use-after-free of cached ASCONF chunk addip_last_asconf caches the outstanding outbound ASCONF chunk. The normal ASCONF-ACK completion path releases the chunk and clears the pointer. However, sctp_asconf_queue_teardown() releases the cached chunk without clearing addip_last_asconf. During peer restart handling, sctp_sf_do_dupcook_a() queues SCTP_CMD_PURGE_ASCONF_QUEUE, which invokes sctp_asconf_queue_teardown() while the association remains alive and leaves the pointer dangling. A delayed authenticated ASCONF-ACK can then reach sctp_sf_do_asconf_ack(), which accesses the stale chunk and passes it to sctp_process_asconf_ack(), causing a use-after-free and a second release. Clearing the pointer exposes a race with T4 expiry. Peer restart handling queues the timer stop before the purge, but SCTP_CMD_TIMER_STOP uses timer_delete(), which does not wait for a callback already running on another CPU. Such a callback can reach sctp_sf_t4_timer_expire() after the purge and dereference NULL. Clear addip_last_asconf after releasing the cached chunk, and make sctp_sf_t4_timer_expire() consume a stale T4 expiry if no outstanding ASCONF remains.",Critical,CVE-2026-74587
Test-VL-Linux,linux-image-7.0.0-34-generic,7.0.0-34.34,"In the Linux kernel, the following vulnerability has been resolved: sctp: keep chunk-&gt;transport in step with the list it is queued on __sctp_outq_flush_rtx() moves a gap-acked chunk onto another transport's transmitted list without updating chunk-&gt;transport: 	if (chunk-&gt;tsn_gap_acked) { 		list_move_tail(&amp;chunk-&gt;transmitted_list, 			       &amp;transport-&gt;transmitted); 		continue; 	} The chunk then sits on a live transport's list while chunk-&gt;transport still names a different one.  If that transport is removed - sctp_assoc_rm_peer() from an ASCONF Delete-IP - sctp_transport_free() RCU-frees it and the chunk is left with a dangling pointer.  sctp_assoc_rm_peer() scrubs peer-&gt;transmitted and asoc-&gt;outqueue.out_chunk_list, but the chunk is on neither. The pointer is not followed while tsn_gap_acked is set.  A SACK that reneges on the TSN clears the flag, and the next SACK reaches 	tchunk-&gt;transport-&gt;flight_size -= sctp_data_size(tchunk); inside the freed transport.  KASAN reports a slab-use-after-free read in sctp_check_transmitted(), freed from sctp_assoc_rm_peer().  Both the removal and the SACKs come from the association peer. Set chunk-&gt;transport at the move.  The ordinary resend path needs nothing: it reaches its list_move_tail() only after sctp_packet_append_chunk() returned SCTP_XMIT_OK, and __sctp_packet_append_chunk() has rebound the chunk by then. Discovered by XBOW, triaged by Baul Lee &lt;baul.lee@xbow.com&gt;",Critical,CVE-2026-74588
Test-VL-Linux,linux-image-7.0.0-34-generic,7.0.0-34.34,"In the Linux kernel, the following vulnerability has been resolved: mm/filemap: __filemap_add_folio() restore index before retrying In __filemap_add_folio()'s split-a-conflict loop, xas_set_order() is applied repeatedly: each application modifies xas.xa_index, rounding it down according to the split_order attempted at that stage: and if all goes as intended, it eventually (or immediately) converges on an xas_try_split() to the required folio_order, with xas.xa_index now the same as index: then xas_store() puts the new folio into the xarray there. But if a new node was needed, and GFP_NOWAIT allocation did not get one, the lock is dropped, xas_nomem() used to allocate, and sequence retried. If (that part of) the xarray is unchanged when the lock is reacquired, no problem.  But what if the conflict was meanwhile resolved by another thread (perhaps even doing the same thing, inserting a folio at that same index)?  Isn't there a danger of now putting our folio into the xarray at an intermediate rounded-down index?  With !folio_contains() bug to follow, when CONFIG_DEBUG_VM=y is checking for that. Fix this with an xas_set_order() to restore the original xas.xa_index at the bottom of the loop, so the retry does a full re-evaluation after reacquiring the lock, and cannot reach xas_store() with the wrong index. Production was suffering from rare SIGILLs and SIGSEGVs, executable text found a page away from where it belonged, !folio_contains() bug hit when debug enabled: symptoms not seen since this patch went in.",Critical,CVE-2026-74591
Test-VL-Linux,linux-image-7.0.0-34-generic,7.0.0-34.34,"In the Linux kernel, the following vulnerability has been resolved: ip6_tunnel: clear skb2-&gt;cb[] in ip6ip6_err() ip6ip6_err() clones an outer IPv6 ICMP error skb, pulls it to the quoted inner IPv6 packet, and then passes the clone to icmpv6_send(). The clone still carries the outer packet's inet6_skb_parm in skb-&gt;cb. If the outer packet had a Home Address Option, IP6CB(skb2)-&gt;dsthao remains non-zero after skb_pull(). icmpv6_send() later calls mip6_addr_swap(), which uses that stale dsthao offset against the quoted inner packet. A malformed inner destination-options header can then make the HAO lookup and address swap run past the end of the quoted packet and corrupt skb_shared_info. Clear skb2-&gt;cb[] before pulling the quoted inner IPv6 packet so the reply path does not reuse metadata left by the outer IPv6 stack.",Critical,CVE-2026-74597
Test-VL-Linux,linux-image-7.0.0-34-generic,7.0.0-34.34,"In the Linux kernel, the following vulnerability has been resolved: KVM: x86/mmu: WARN and clear role.invalid when creating a child shadow page Explicitly clear role.invalid when deriving a child shadow page's role from its parent to harden against bugs elsewhere in KVM, as violating KVM's invariant that invalid pages are NOT on the list of active MMU pages leads to use-after-free due to __kvm_mmu_prepare_zap_page() using list_add() instead of list_move() when processing an invalid shadow page, i.e. makes a bad situation far worse. Yell loudly if the parent is invalid, as it means KVM has missed a validity check, i.e. KVM is attempting to map memory using an invalid/obsolete root, but continue on as the child is otherwise still a valid shadow page.   ==================================================================   BUG: KASAN: slab-use-after-free in __kvm_mmu_get_shadow_page+0x1817/0x1860 [kvm]   Write of size 8 at addr ff11000153dd1368 by task repro/853   CPU: 1 UID: 1000 PID: 853 Comm: repro Not tainted 7.2.0-rc2-3aec122bdcaf-next-vm #5 PREEMPT   Hardware name: QEMU Standard PC (Q35 + ICH9, 2009), BIOS 0.0.0 02/06/2015   Call Trace:    &lt;TASK&gt;    dump_stack_lvl+0x4b/0x70    print_report+0x153/0x49c    kasan_report+0xbc/0xf0    __kvm_mmu_get_shadow_page+0x1817/0x1860 [kvm]    mmu_alloc_root+0x141/0x320 [kvm]    kvm_mmu_load+0x612/0x20f0 [kvm]    kvm_arch_vcpu_ioctl_run+0x3dd5/0x6150 [kvm]    kvm_vcpu_ioctl+0x5e4/0x10d0 [kvm]    __x64_sys_ioctl+0x131/0x1b0    do_syscall_64+0x67/0x5f0    entry_SYSCALL_64_after_hwframe+0x4b/0x53    &lt;/TASK&gt;   Allocated by task 853:    kasan_save_stack+0x20/0x40    kasan_save_track+0x14/0x30    __kasan_slab_alloc+0x5f/0x70    kmem_cache_alloc_noprof+0xfe/0x2e0    __kvm_mmu_topup_memory_cache+0x135/0x530 [kvm]    paging64_page_fault+0x318/0x1e30 [kvm]    kvm_mmu_do_page_fault+0x21d/0x630 [kvm]    kvm_mmu_page_fault+0x18c/0x17b0 [kvm]    kvm_arch_vcpu_ioctl_run+0x1f35/0x6150 [kvm]    kvm_vcpu_ioctl+0x5e4/0x10d0 [kvm]    __x64_sys_ioctl+0x131/0x1b0    do_syscall_64+0x67/0x5f0    entry_SYSCALL_64_after_hwframe+0x4b/0x53   Freed by task 853:    kasan_save_stack+0x20/0x40    kasan_save_track+0x14/0x30    kasan_save_free_info+0x3b/0x60    __kasan_slab_free+0x43/0x70    kmem_cache_free+0xe2/0x400    kvm_mmu_commit_zap_page.part.0+0x1e2/0x310 [kvm]    kvm_mmu_free_roots+0x283/0x560 [kvm]    kvm_arch_vcpu_ioctl_run+0x33c8/0x6150 [kvm]    kvm_vcpu_ioctl+0x5e4/0x10d0 [kvm]    __x64_sys_ioctl+0x131/0x1b0    do_syscall_64+0x67/0x5f0    entry_SYSCALL_64_after_hwframe+0x4b/0x53",Critical,CVE-2026-80726
Test-VL-Linux,linux-image-7.0.0-34-generic,7.0.0-34.34,"In the Linux kernel, the following vulnerability has been resolved: vdpa/mlx5: Fix buffer length in create_direct_keys() We have seen in our CI the following KASAN message: BUG: KASAN: slab-out-of-bounds in cmd_exec+0x550/0xca0 [mlx5_core] Read of size 272 at addr 0000000176795020 by task qemu-system-s39/82764 [...] [&lt;000011388ab3a7a0&gt;] cmd_exec+0x550/0xca0 [mlx5_core] [&lt;000011388ab3b61c&gt;] mlx5_cmd_exec_cb+0x25c/0x4f0 [mlx5_core] [&lt;000011388b21e82e&gt;] mlx5_vdpa_exec_async_cmds+0x22e/0x5e0 [mlx5_vdpa] [&lt;000011388b21fd44&gt;] create_direct_keys+0x954/0xef0 [mlx5_vdpa] [...] The buggy address is located 4128 bytes inside of allocated 4384-byte region [0000000176794000, 0000000176795120) So in essence we read 16 bytes beyond 4384-byte allocation. create_direct_keys calculates the pointer and length for in and out buffers. The size calculation for in includes the entire structure size (out + in + mtt[]) but the pointer passed to cmd_exec points only to the 'in' field, skipping the 'out' field. This causes mlx5_copy_to_msg() to read beyond the allocated buffer by sizeof(out) bytes when copying command data. Properly calculate the input size to match the pointer and allocation size.",Critical,CVE-2026-74712
Test-VL-Linux,linux-image-7.0.0-34-generic,7.0.0-34.34,"In the Linux kernel, the following vulnerability has been resolved: tls: rx: restore msg_iter before TLS 1.3 optimistic retry tls_decrypt_sg() advances msg-&gt;msg_iter when it maps user pages for the optimistic TLS 1.3 zero-copy path. If the decrypted record turns out not to be unpadded application data, tls_decrypt_sw() retries into a kernel skb, but leaves the iterator advanced. The subsequent copy from the skb then writes decrypted bytes again at a later point in the caller iovecs while recvmsg() reports only the post-retry length. A TLS peer can trigger this after the receiver enables TLS_RX_EXPECT_NO_PAD. Revert the iterator by the number of bytes consumed by the optimistic mapping before retrying without zero-copy. Add a selftest which sends a TLS 1.3 control record with TLS_RX_EXPECT_NO_PAD enabled and verifies that recvmsg() does not overwrite later iovecs beyond the returned length.",Critical,CVE-2026-74611
Test-VL-Linux,linux-image-7.0.0-34-generic,7.0.0-34.34,"In the Linux kernel, the following vulnerability has been resolved: veth: fix skb length accounting after XDP frag adjustment veth exposes non-linear skb fragments through an xdp_buff. If an XDP program adjusts the fragment area, veth_xdp_rcv_skb() copies xdp_frags_size back to skb-&gt;data_len but leaves skb-&gt;len containing the old fragment contribution. After a fragment shrink, this makes skb_headlen() larger than the actual linear area. In the reproduced UDP receive path, __skb_datagram_iter() copied 1024 bytes past the actual linear tail to userspace, starting at struct skb_shared_info. The copied bytes included the affected skb's nr_frags, xdp_frags_size, and a kernel pointer from skb_shinfo(skb)-&gt;frags[0]. Real packet data was displaced by the same amount and truncated at the end. Subtract the old data_len before replacing it and add the new data_len afterwards, keeping skb-&gt;len and skb-&gt;data_len synchronized. Additionally, bpf_xdp_pull_data() can advance data_end while leaving frags present. The skb is then still non-linear, so the old __skb_put(skb, off) triggers SKB_LINEAR_ASSERT(). Use skb_set_tail_pointer() and update skb-&gt;len explicitly instead, following bpf_prog_run_generic_xdp(). Unlike __skb_put(), skb_set_tail_pointer() does not require a linear skb. A 60000-byte UDP datagram on a veth pair with MTU 64000 was shortened by 1024 bytes from its fragment area. Before the fix, all 10 runs produced corrupted payloads. After the fix, all 10 runs matched the expected payload exactly. A forced-tailroom reproducer also exercises bpf_xdp_pull_data() with frags still present; the old code triggers SKB_LINEAR_ASSERT(), while this fix passes 10/10 runs.",Critical,CVE-2026-74612
Test-VL-Linux,linux-image-7.0.0-34-generic,7.0.0-34.34,"In the Linux kernel, the following vulnerability has been resolved: xdp: reject clones that overrun skb_shared_info tailroom xdpf_clone() clones broadcast copies into a single page and sets frame_sz to PAGE_SIZE. __xdp_build_skb_from_frame() later treats that page like a normal XDP frame and expects the usual skb_shared_info tailroom at the end of the buffer. The current check only rejects frames whose linear xdp_frame header, headroom, and packet data exceed PAGE_SIZE. A source frame backed by a larger allocation can still satisfy that check while extending into the clone's required shared-info area. When such a clone is converted back into an skb, build_skb_around() places skb_shared_info over live packet bytes and later writes can corrupt XDP return metadata. Reject clones unless their linear area fits inside SKB_WITH_OVERHEAD(PAGE_SIZE), matching the tailroom requirement already enforced by the XDP-to-skb conversion path.",Critical,CVE-2026-74616
Test-VL-Linux,linux-image-7.0.0-34-generic,7.0.0-34.34,"In the Linux kernel, the following vulnerability has been resolved: inet: frags: publish queues before arming timer inet_frag_create() arms the fragment queue timer before inserting the queue into the fqdir rhashtable. If the namespace fragment timeout is zero or negative, the timer can run before the queue is published. The timer callback then marks the queue complete, tries to remove a node that is not in the hash table yet, and drops the anticipated hash reference. Creation can subsequently publish the completed queue without restoring that reference, leaving a stale hash node after the caller drops the remaining reference. Publish the queue first and arm the timer while holding the queue lock. This makes timer expiry wait until the queue is visible in the hash table, so inet_frag_kill() can remove the node and balance the hash reference.",Critical,CVE-2026-74662
Test-VL-Linux,linux-image-7.0.0-34-generic,7.0.0-34.34,"In the Linux kernel, the following vulnerability has been resolved: net: fix skb length accounting after generic XDP frag adjustment Generic XDP exposes non-linear skb fragments through an xdp_buff. If an XDP program adjusts the fragment area, bpf_prog_run_generic_xdp() copies xdp_frags_size back to skb-&gt;data_len but leaves skb-&gt;len containing the old fragment contribution. After a fragment shrink, this makes skb_headlen() larger than the actual linear area. In the reproduced UDP receive path, __skb_datagram_iter() copied 1024 bytes past the actual linear tail to userspace, starting at struct skb_shared_info. The copied bytes included the affected skb's nr_frags, xdp_frags_size and a kernel pointer from skb_shinfo(skb)-&gt;frags[0]. Real packet data was displaced by the same amount and truncated at the end. Subtract the old data_len before replacing it and add the new data_len afterwards, keeping skb-&gt;len and skb-&gt;data_len synchronized. A 60000-byte UDP datagram on a veth pair with MTU 64000 was shortened by 1024 bytes from its fragment area. Before the fix, all 10 runs produced corrupted payloads. After the fix, all 10 runs matched the expected payload exactly.",Critical,CVE-2026-74665
Test-VL-Linux,linux-image-7.0.0-34-generic,7.0.0-34.34,"In the Linux kernel, the following vulnerability has been resolved: ipvs: clear IPv4 options after rebasing tunnel ICMP errors ip_vs_in_icmp() rebases an skb from the outer ICMP packet to the quoted original request before passing it to icmp_send(). However, IPCB(skb)-&gt;opt still describes the outer IPv4 header. A timestamp option in the outer header can therefore leave an offset that points into the quoted transport header after the rebase. __ip_options_echo() treats a byte at that stale location as the option length and copies it into the fixed-size option storage on the __icmp_send() stack, causing a stack out-of-bounds write. Clear the stale option metadata after resetting the network header. Keep the remaining control block fields, including the ingress interface used by the ICMP response path.",Critical,CVE-2026-74669
Test-VL-Linux,linux-image-7.0.0-34-generic,7.0.0-34.34,"In the Linux kernel, the following vulnerability has been resolved: sctp: clear control chunk transport if it is being removed sctp_make_heartbeat_ack() caches the destination transport in chunk-&gt;transport without taking a reference. When src_out_of_asoc_ok is enabled, the HEARTBEAT ACK may remain queued on control_chunk_list instead of being transmitted immediately. If the peer transport is removed while the chunk is still queued, sctp_assoc_rm_peer() drops the transport and schedules it for RCU freeing, but only clears cached transport pointers in out_chunk_list.  The queued control chunk therefore retains a dangling transport pointer. Once an ASCONF_ACK clears the suppression and the queued control chunk is transmitted, SCTP dereferences the stale transport pointer, leading to a use-after-free. Fix this by also clearing chunk-&gt;transport for queued control chunks in control_chunk_list when removing the transport.",Critical,CVE-2026-74688
Test-VL-Linux,linux-image-7.0.0-34-generic,7.0.0-34.34,"In the Linux kernel, the following vulnerability has been resolved: net: ethernet: ti: am65-cpsw-nuss: Fix port_id extraction from SRC TAG On the packet reception path, the ID of the MAC Port on which the packet was received, is embedded in the RX DMA Descriptor's metadata. The ID is extracted using the helper function cppi5_desc_get_tags_ids() which fills in the 16-bit Source Tag into the 'port_id' variable. However, it is only the lower 8-bits of the 16-bit Source Tag that represent the MAC Port ID, while the upper 8-bits are Hardware-Reserved and carry an arbitrary value. With the existing logic, sporadic kernel crash is observed due to the subsequent driver code accessing out-of-bound memory because of an invalid port_id. Hence, fix the port_id extraction logic to use only the lower 8-bits of the Source Tag as the MAC Port ID.",Critical,CVE-2026-74737
Test-VL-Linux,linux-image-7.0.0-34-generic,7.0.0-34.34,"In the Linux kernel, the following vulnerability has been resolved: ksmbd: fix tree connection use-after-free in smb2_tree_connect() ksmbd_tree_conn_connect() publishes a new tree connection in sess-&gt;tree_conns with a single reference and returns its pointer to smb2_tree_connect(). The handler continues to initialize the object and build the response after publication. A concurrent session logoff can erase the connection and drop that reference, freeing the object while the handler still uses it. BUG: KASAN: slab-use-after-free in smb2_tree_connect+0xe3d/0xf90   smb2_tree_connect (fs/smb/server/smb2pdu.c:2872)   handle_ksmbd_work   process_one_work   worker_thread   kthread After xa_store() succeeds, take a second reference before releasing tree_conns_lock. The original reference belongs to the xarray entry and the second belongs to the creating smb2_tree_connect() handler. Keep the references balanced in every path: - On normal exit or an error after publication, smb2_tree_connect()   drops its creator reference. Error cleanup also calls   ksmbd_tree_conn_disconnect(), which drops the xarray reference only if   it removes the exact entry. - SMB2 TREE_DISCONNECT uses the same helper to remove the entry and drop   its xarray reference. The request's existing lookup reference remains   owned by the request and is released by the existing cleanup. - Session LOGOFF removes each entry and drops its xarray reference. If   it wins the race, later cleanup sees that the entry is gone and does   not drop that reference again. To enforce this ownership, claim the disconnected state and erase the exact entry atomically under tree_conns_lock. This guarantees one drop for the xarray reference and one drop by each in-flight user, regardless of which teardown path wins. If logoff removes the entry before initialization completes, fail the connect instead of marking the detached object TREE_CONNECTED.",Critical,CVE-2026-89788
Test-VL-Linux,linux-image-7.0.0-34-generic,7.0.0-34.34,"In the Linux kernel, the following vulnerability has been resolved: ovpn: skip rehash for peers already removed from by_id ovpn_nl_peer_set_doit() resolves the target peer via ovpn_peer_get_by_id() before taking ovpn-&gt;lock. In the window between the lookup (which only takes a refcount) and the subsequent spin_lock_bh(&amp;ovpn-&gt;lock), a concurrent OVPN_CMD_PEER_DEL, keepalive expiry, or socket teardown can take ovpn-&gt;lock first, run ovpn_peer_remove() to unhash the peer from all four tables (by_id, by_vpn_addr4/6, by_transp_addr) and release the lock. set_doit then acquires ovpn-&gt;lock and calls ovpn_peer_hash_vpn_ip(), which re-inserts the now-removed peer back into the rehashing tables. The same race affects the float path: ovpn_peer_endpoints_update() holds only a refcount and acquires ovpn-&gt;lock very late (after async AEAD decrypt and a netlink notification), then rehashes the peer in the by_transp_addr table. The resurrected peer becomes reachable again from the RX lookup (ovpn_peer_get_by_transp_addr) and the TX VPN-IP lookup, even though userspace believes it is gone. Once the data-path refcount drops the peer is freed via call_rcu while the hash entries embedded in it remain linked, opening a UAF window. Bail out of the rehash when hash_entry_id is unhashed, mirroring the sentinel already used by ovpn_peer_remove() to detect the already-removed state. The check is safe under ovpn-&gt;lock, which serializes every mutation of hash_entry_id, and is a no-op for the add path because ovpn_peer_add_mp() inserts hash_entry_id before calling ovpn_peer_hash_vpn_ip().",Critical,CVE-2026-74727
Test-VL-Linux,linux-image-7.0.0-34-generic,7.0.0-34.34,"In the Linux kernel, the following vulnerability has been resolved: net/smc: fix use-after-free of the LLC qentry in smc_llc_srv_add_link() smc_llc_srv_add_link() keeps add_llc pointing into the queue entry:   add_llc = &amp;qentry-&gt;msg.add_link;			smc_llc.c:1482   ...   smc_llc_save_add_link_info(link_new, add_llc);	smc_llc.c:1494   smc_llc_flow_qentry_del(&amp;lgr-&gt;llc_flow_lcl);		smc_llc.c:1495   ...   u8 *llc_msg = smc_link_shared_v2_rxbuf(link) ? 	(u8 *)lgr-&gt;wr_rx_buf_v2 : (u8 *)add_llc;	smc_llc.c:1504   smc_llc_save_add_link_rkeys(link, link_new, llc_msg);	smc_llc.c:1506 smc_llc_flow_qentry_del() kfree()s the entry, so on a link without a shared v2 receive buffer the pointer handed to smc_llc_save_add_link_rkeys() is already freed. Before the Fixes: commit that branch always used lgr-&gt;wr_rx_buf_v2 and add_llc was not used after the free. Reproduced on an unpatched tree over rxe, with KASAN, kasan_multi_shot and a link forced to max_recv_sge == 1: the entry is freed and read by the same call, and the freeing frame is smc_llc_srv_add_link() itself.   [    2.523161] BUG: KASAN: slab-use-after-free in smc_llc_save_add_link_rkeys+0x333/0x350   [    2.523499] Read of size 2 at addr ffff8880052194de by task kworker/0:1/11   [    2.523789]   [    2.523862] CPU: 0 UID: 0 PID: 11 Comm: kworker/0:1 Not tainted 7.2.0-rc5-p0-g2c9dd296545d #35 PREEMPT(lazy)   [    2.523865] Hardware name: QEMU Ubuntu 24.04 PC v2 (i440FX + PIIX, arch_caps fix, 1996), BIOS 1.16.3-debian-1.16.3-2 04/01/2014   [    2.523866] Workqueue: smc_hs_wq smc_listen_work   [    2.523869] Call Trace:   [    2.523870]  &lt;TASK&gt;   [    2.523871]  dump_stack_lvl+0x53/0x70   [    2.523872]  print_report+0xd0/0x630   [    2.523874]  ? __pfx__raw_spin_lock_irqsave+0x10/0x10   [    2.523876]  ? smc_llc_save_add_link_rkeys+0x333/0x350   [    2.523878]  kasan_report+0xce/0x100   [    2.523879]  ? smc_llc_save_add_link_rkeys+0x333/0x350   [    2.523881]  smc_llc_save_add_link_rkeys+0x333/0x350   [    2.523883]  ? smcr_buf_reg_lgr+0x2a4/0x660   [    2.523885]  smc_llc_srv_add_link+0xaa2/0x1e50   [    2.523888]  ? _printk+0xba/0xf0   [    2.523897]  ? __pfx_smc_llc_srv_add_link+0x10/0x10   [    2.523899]  ? down_write+0xb0/0x130   [    2.523903]  ? __pfx_down_write+0x10/0x10   [    2.523905]  smc_listen_work+0x489e/0x4d00   [    2.523907]  ? kmem_cache_free+0x1c6/0x3a0   [    2.523911]  ? __pfx_smc_listen_work+0x10/0x10   [    2.523913]  ? release_sock+0x148/0x1d0   [    2.523915]  ? smc_tcp_listen_work+0xb4f/0xfc0   [    2.523917]  ? _raw_spin_lock_irq+0x80/0xe0   [    2.523918]  ? __pfx__raw_spin_lock_irq+0x10/0x10   [    2.523920]  process_one_work+0x633/0x1030   [    2.523922]  ? assign_work+0x11d/0x370   [    2.523924]  worker_thread+0x45b/0xd10   [    2.523926]  ? __pfx_worker_thread+0x10/0x10   [    2.523928]  ? __pfx_worker_thread+0x10/0x10   [    2.523929]  kthread+0x2c6/0x3b0   [    2.523931]  ? recalc_sigpending+0x15c/0x1e0   [    2.523934]  ? __pfx_kthread+0x10/0x10   [    2.523935]  ret_from_fork+0x36e/0x5a0   [    2.523937]  ? __pfx_ret_from_fork+0x10/0x10   [    2.523938]  ? __switch_to+0x572/0xdd0   [    2.523943]  ? __pfx_kthread+0x10/0x10   [    2.523944]  ret_from_fork_asm+0x1a/0x30   [    2.523947]  &lt;/TASK&gt;   [    2.523948]   [    2.531253] Allocated by task 48:   [    2.531399]  kasan_save_stack+0x33/0x60   [    2.531570]  kasan_save_track+0x14/0x30   [    2.531737]  __kasan_kmalloc+0x8f/0xa0   [    2.531905]  __kmalloc_cache_noprof+0x158/0x370   [    2.532100]  smc_llc_enqueue+0x72/0x560   [    2.532268]  smc_wr_rx_tasklet_fn+0x474/0xa80   [    2.532491]  tasklet_action_common+0x20f/0x8a0   [    2.532714]  handle_softirqs+0x18e/0x590   [    2.532886]  do_softirq+0x3b/0x60   [    2.533036]  __local_bh_enable_ip+0x61/0x70   [    2.533221]  __alloc_skb+0x732/0x890   [    2.533384]  rxe_init_packet+0x16b/0x4f0   [    2.533567]  prepare_ack_packet+0xb8/0x830   [    2.533760]  rxe_receiver+0x495/0x96e0   [    2.533933]  do_work+0x144/0x470   [    2 ---truncated---",Critical,CVE-2026-80981
Test-VL-Linux,linux-image-7.0.0-34-generic,7.0.0-34.34,"In the Linux kernel, the following vulnerability has been resolved: mptcp: fastopen: only mark MPTFO subflows with SYN data Passive TCP Fast Open accepts a valid-cookie SYN even when it carries no data. In that case the child socket's receive queue is intentionally left empty. mptcp_fastopen_subflow_synack_set_params() set is_mptfo before checking for queued SYN data. That made data-less TFO SYNs hit a WARN and, if the warning was non-fatal, left stale MPTFO state behind. The stale flag could later trigger a state-confusion bug in check_fully_established(). Only mark the subflow as MPTFO after confirming that an SKB was queued. Return quietly when the receive queue is empty. Note that mptcp_subflow_context's is_mptfo field is now not just about subflows where the TFO was present, but about MPTFO subflow that consumed SYN data. Only having a valid cookie but not carrying data is not really ""doing TFO"".",Critical,CVE-2026-80585
Test-VL-Linux,linux-image-7.0.0-34-generic,7.0.0-34.34,"In the Linux kernel, the following vulnerability has been resolved: macvlan: inherit needed_headroom and needed_tailroom from lowerdev macvlan devices inherit hard_header_len from lowerdev during macvlan_init(), but leave needed_headroom and needed_tailroom set to 0. When the underlying lowerdev requires extra headroom or tailroom for headers/trailers (e.g. macsec, ipsec, wireguard, tunnels, or veth with rx headroom), upper layers calculating packet headroom and tailroom fail to reserve sufficient space. This can result in reallocation overhead, skb headroom underflows, or KASAN slab-use-after-free crashes when dev_hard_header() / macvlan_hard_header() prepends header data or when lower devices append tailroom. Fix this by: 1. Inheriting needed_headroom and needed_tailroom from lowerdev in macvlan_init(). 2. Propagating needed_headroom and needed_tailroom updates to attached macvlans    in macvlan_device_event() when receiving NETDEV_FEAT_CHANGE events.",Critical,CVE-2026-74743
Test-VL-Linux,linux-image-7.0.0-34-generic,7.0.0-34.34,"In the Linux kernel, the following vulnerability has been resolved: ipvlan: inherit needed_headroom and needed_tailroom from phy_dev ipvlan devices inherit hard_header_len from phy_dev during ipvlan_init(), but leave needed_headroom and needed_tailroom set to 0. When the underlying phy_dev (or stacked lower device) requires extra headroom or tailroom for headers/trailers (e.g. macsec, ipsec, wireguard, tunnels, or veth with rx headroom), upper layers calculating packet headroom and tailroom fail to reserve sufficient space. This can result in reallocation overhead, skb headroom underflows, or KASAN slab-use-after-free crashes when dev_hard_header() / ipvlan_hard_header() prepends header data or when lower devices append tailroom. Fix this by: 1. Inheriting needed_headroom and needed_tailroom from phy_dev in ipvlan_init(). 2. Propagating needed_headroom and needed_tailroom updates to attached ipvlans    in ipvlan_device_event() when receiving NETDEV_FEAT_CHANGE events.",Critical,CVE-2026-74744
Test-VL-Linux,linux-image-7.0.0-34-generic,7.0.0-34.34,"In the Linux kernel, the following vulnerability has been resolved: sctp: validate cookie AUTH state before use When cookie authentication is disabled, COOKIE_ECHO restores fixed-size AUTH fields directly from peer-controlled cookie bytes.  A forged RANDOM length, HMAC list, or CHUNKS list can then reach association consumers with lengths or identifiers that were never validated against the local backing arrays. A forged RANDOM length can cause out-of-bounds reads during key-vector construction.  A forged HMAC identifier also caused a 32-byte write past a zero-length AUTH chunk, providing a primitive for a local privilege escalation chain. Validate the cookie's RANDOM, HMACS, and CHUNKS parameters at the cookie trust boundary before copying them into the association.  Reject invalid types, malformed lengths, unsupported HMAC identifiers, HMAC lists without SHA1, and forbidden chunk ids.",Critical,CVE-2026-74752
Test-VL-Linux,linux-image-7.0.0-34-generic,7.0.0-34.34,"In the Linux kernel, the following vulnerability has been resolved: ovpn: finish crypto callback cleanup before peer release Crypto completion callbacks hold both key-slot and peer references. The peer reference pins the netdev, and dropping the last peer reference can let netdev unregistration and module removal make progress. Do not release that peer reference before the callback has finished its own cleanup. If ovpn_crypto_key_slot_put runs after ovpn_peer_put, it can schedule an RCU callback backed by module text after ovpn_cleanup rcu_barrier has already run. The TX error path also freed the remaining skb after ovpn_peer_put, leaving callback cleanup outside the peer/netdev lifetime window. Release the key slot and free any remaining skb first, then drop the peer reference as the last callback action.",Critical,CVE-2026-80519
Test-VL-Linux,linux-image-7.0.0-34-generic,7.0.0-34.34,"In the Linux kernel, the following vulnerability has been resolved: net/smc: bound the peer rkey counts in SMC-Rv2 LLC messages On a link whose device has max_recv_sge == 1 there is no shared v2 receive buffer, and smc_llc_save_add_link_rkeys() takes the v2 extension from 44 bytes past the start of the queue entry's inline message:   ext = (struct smc_llc_msg_add_link_v2_ext *)(llc_msg + SMC_WR_TX_SIZE); The entry is a 72-byte allocation and the extension starts at offset 68, so ext-&gt;num_rkeys at offset 94 is already past it. This happens on every SMC-Rv2 link addition, whatever the peer sends:   [    2.490065] BUG: KASAN: slab-out-of-bounds in smc_llc_save_add_link_rkeys+0x333/0x350   [    2.490431] Read of size 2 at addr ffff8880056406de by task smctest/106   [    2.490709]   [    2.490792] CPU: 0 UID: 0 PID: 106 Comm: smctest Not tainted 7.2.0-rc5-p1-g77a5d9d9c99f #32 PREEMPT(lazy)   [    2.490795] Hardware name: QEMU Ubuntu 24.04 PC v2 (i440FX + PIIX, arch_caps fix, 1996), BIOS 1.16.3-debian-1.16.3-2 04/01/2014   [    2.490798] Call Trace:   [    2.490803]  &lt;TASK&gt;   [    2.490805]  dump_stack_lvl+0x53/0x70   [    2.490810]  print_report+0xd0/0x630   [    2.490828]  ? __pfx__raw_spin_lock_irqsave+0x10/0x10   [    2.490832]  ? smc_llc_save_add_link_rkeys+0x333/0x350   [    2.490834]  kasan_report+0xce/0x100   [    2.490836]  ? smc_llc_save_add_link_rkeys+0x333/0x350   [    2.490837]  smc_llc_save_add_link_rkeys+0x333/0x350   [    2.490839]  ? smcr_buf_map_lgr+0x1bf/0x2b0   [    2.490844]  smc_llc_cli_add_link+0xca7/0x1e80   [    2.490848]  ? smc_llc_wait+0x355/0x810   [    2.490850]  ? __pfx_smc_llc_wait+0x10/0x10   [    2.490851]  ? __pfx_smc_llc_cli_add_link+0x10/0x10   [    2.490853]  ? __pfx_autoremove_wake_function+0x10/0x10   [    2.490863]  __smc_connect+0x3f5c/0x4980   [    2.490873]  ? __pfx_kernel_connect+0x10/0x10   [    2.490888]  ? __pfx___smc_connect+0x10/0x10   [    2.490891]  ? release_sock+0x148/0x1d0   [    2.490894]  smc_connect+0x42c/0x580   [    2.490896]  __sys_connect+0xfc/0x130   [    2.490898]  ? __pfx___sys_connect+0x10/0x10   [    2.490900]  ? handle_mm_fault+0x1a1/0x430   [    2.490908]  __x64_sys_connect+0x6d/0xb0   [    2.490909]  ? fpregs_assert_state_consistent+0x56/0xe0   [    2.490917]  do_syscall_64+0xf9/0x540   [    2.490921]  entry_SYSCALL_64_after_hwframe+0x77/0x7f   [    2.490924] RIP: 0033:0x421bb4   [    2.490927] Code: ff f7 d8 64 89 01 48 83 c8 ff c3 66 2e 0f 1f 84 00 00 00 00 00 90 f3 0f 1e fa 80 3d ad 34 09 00 00 74 13 b8 2a 00 00 00 0f 05 &lt;48&gt; 3d 00 f0 ff ff 77 4c c3 0f 1f 00 55 48 89 e5 48 83 ec 10 89 55   [    2.490929] RSP: 002b:00007ffd473b01a8 EFLAGS: 00000202 ORIG_RAX: 000000000000002a   [    2.490935] RAX: ffffffffffffffda RBX: 0000000000000000 RCX: 0000000000421bb4   [    2.490936] RDX: 0000000000000010 RSI: 00007ffd473b01d0 RDI: 0000000000000003   [    2.490937] RBP: 0000000000003930 R08: 0000000000000004 R09: 0000000000000000   [    2.490938] R10: 00007ffd473b0f98 R11: 0000000000000202 R12: 0000000000000006   [    2.490939] R13: 00007ffd473b0f87 R14: 0000000000000003 R15: 00007ffd473b0f90   [    2.490940]  &lt;/TASK&gt;   [    2.490941]   [    2.499545] Allocated by task 44:   [    2.499693]  kasan_save_stack+0x33/0x60   [    2.499860]  kasan_save_track+0x14/0x30   [    2.500026]  __kasan_kmalloc+0x8f/0xa0   [    2.500190]  __kmalloc_cache_noprof+0x158/0x370   [    2.500393]  smc_llc_enqueue+0x72/0x560   [    2.500559]  smc_wr_rx_tasklet_fn+0x474/0xa80   [    2.500747]  tasklet_action_common+0x20f/0x8a0   [    2.500945]  handle_softirqs+0x18e/0x590   [    2.501115]  do_softirq+0x3b/0x60   [    2.501266]  __local_bh_enable_ip+0x61/0x70   [    2.501446]  __alloc_skb+0x732/0x890   [    2.501604]  rxe_init_packet+0x16b/0x4f0   [    2.501783]  prepare_ack_packet+0xb8/0x830   [    2.501962]  rxe_receiver+0x495/0x96e0   [    2.502125]  do_work+0x144/0x470   [    2.502269]  process_one_work+0x633/0x1030   [    2.502450]  worker_thread+0x45b/0xd10   [    2.50261 ---truncated---",Critical,CVE-2026-80986
Test-VL-Linux,linux-image-7.0.0-34-generic,7.0.0-34.34,"In the Linux kernel, the following vulnerability has been resolved: ceph: avoid fs reclaim while using current-&gt;journal_info handle_reply() stores a `ceph_mds_request` pointer in `current-&gt;journal_info` while filling the inode and dentry cache from an MDS reply. An allocation in this section can enter direct reclaim and prune dentries from another filesystem.  If this dirties an ext4 inode, ext4 starts a JBD2 transaction.  JBD2 interprets the Ceph request in `current-&gt;journal_info` as a journal handle and dereferences the request's `r_tid` as `h_transaction`, causing a kernel crash, e.g.:  Unable to handle kernel paging request at virtual address 00000000077b4818  [...]  Internal error: Oops: 0000000096000004 [#1]  SMP  Modules linked in:  CPU: 6 UID: 0 PID: 2699135 Comm: kworker/6:3 Tainted: G        W 6.18.38-i3 #1113 NONE  [...]  Workqueue: ceph-msgr ceph_con_workfn  pstate: 80400009 (Nzcv daif +PAN -UAO -TCO -DIT -SSBS BTYPE=--)  pc : jbd2__journal_start+0x2c/0x208  lr : __ext4_journal_start_sb+0x100/0x178  [...]  Call trace:   jbd2__journal_start+0x2c/0x208 (P)   __ext4_journal_start_sb+0x100/0x178   ext4_dirty_inode+0x3c/0x90   __mark_inode_dirty+0x58/0x400   iput.part.0+0x2b0/0x370   iput+0x18/0x30   dentry_unlink_inode+0xc0/0x158   __dentry_kill+0x80/0x250   shrink_dentry_list+0x90/0x130   prune_dcache_sb+0x60/0x98   super_cache_scan+0xe8/0x190   do_shrink_slab+0x174/0x388   shrink_slab+0xd8/0x4c0   shrink_node+0x31c/0x908   do_try_to_free_pages+0xd0/0x508   try_to_free_pages+0x11c/0x238   __alloc_frozen_pages_noprof+0x4d0/0xdd0   __folio_alloc_noprof+0x18/0x70   __filemap_get_folio+0x248/0x440   ceph_readdir_prepopulate+0x570/0x9e8   mds_dispatch+0x1424/0x1ba0   ceph_con_process_message+0x74/0xa0   ceph_con_v1_try_read+0x3a0/0x1510   ceph_con_workfn+0x260/0x460 Enter a scoped NOFS allocation context and leave it after clearing `journal_info`.  This prevents filesystem reclaim from recursing into another filesystem while the field contains Ceph-private data.",Critical,CVE-2026-80528
Test-VL-Linux,linux-image-7.0.0-34-generic,7.0.0-34.34,"In the Linux kernel, the following vulnerability has been resolved: s390/vfio_ccw: Ensure first IDAW remains constant The first IDAW in a list does not need to be on a 2K/4K boundary like all others, and so is read separately to accurately calculate the size of the buffer needed to read the full IDAL. Verify that the address found in the first IDAW is unchanged between reads, to ensure a consistent set of IDAWs being worked with.",Critical,CVE-2026-80551
Test-VL-Linux,linux-image-7.0.0-34-generic,7.0.0-34.34,"In the Linux kernel, the following vulnerability has been resolved: s390/vfio_ccw: Limit the number of channel program segments The processing of channel programs, and the CCWs within them, is done recursively. As such, there is an arbitrary (but not architectural) limit to the number of CCWs that can exist in a single channel program. The vfio-ccw logic breaks these channel programs into segments whenever it encounters a Transfer-In-Channel (TIC) CCW, and the combined number of segments count towards the global limit. Impose an equivalent limit to the number of segments until such logic can be made non-recursive.",Critical,CVE-2026-80554
Test-VL-Linux,linux-image-7.0.0-34-generic,7.0.0-34.34,"In the Linux kernel, the following vulnerability has been resolved: libceph: Avoid using invalid osd indices from primary_temp A corrupted osdmap received from a Ceph monitor or OSD may contain osd indices in its pg_temp, primary_temp, pg_upmap, and pg_upmap_items parts that don't exist, i.e., that are greater than max_osd or smaller than CEPH_HOMELESS_OSD (-1). These indices are used to create the up and acting set in ceph_pg_to_up_acting_osds(), called from calc_target(). While most of these osd indices are checked, the one from primary_temp is not. Subsequently, this may lead to calc_target() returning this (potentially invalid) index as target osd for a (linger) request. Because the osd_state, osd_weight, and osd_addr arrays only contain max_osd entries (with indices 0 to max_osd -1), this leads to out-of-bounds accesses when trying to read values from these arrays. This patch fixes the issue by adding a check to get_temp_osds(), so that only valid osd indices from primary_temp are used, and it falls back to using the primary from pg_temp or the up set if it is invalid. [ idryomov: changelog ]",Critical,CVE-2026-80558
Test-VL-Linux,linux-image-7.0.0-34-generic,7.0.0-34.34,"In the Linux kernel, the following vulnerability has been resolved: libceph: fix multiple unsafe decodes in decode_locker() decode_locker() in cls_lock_client.c contains three unsafe decode operations that allow a malicious or compromised OSD to trigger slab-out-of-bounds reads: 1. ceph_decode_copy() at the locker_id_t name field has no preceding    bounds check. With p == end after ceph_start_decoding() accepts    struct_len=0, this reads sizeof(ceph_entity_name) = 9 bytes past    the validated buffer boundary. 2. *p += sizeof(struct ceph_timespec) after the locker_info_t header    is an unchecked pointer advance. A malicious OSD can position p    past end, causing all subsequent _safe checks to pass against a    bogus boundary. 3. len = ceph_decode_32(p) has no preceding bounds check, and the    immediately following *p += len is uncapped. A malicious OSD can    send len=0xffffffff, advancing p gigabytes past end and escaping    the decode window entirely. Fix all three by replacing bare operations with their safe variants:   ceph_decode_copy   -&gt; ceph_decode_copy_safe   *p += sizeof(...)  -&gt; ceph_decode_skip_n   ceph_decode_32(p)  -&gt; ceph_decode_32_safe   *p += len          -&gt; ceph_decode_skip_n A new label is added to return -EINVAL on any bounds violation. -EINVAL is appropriate here: the data received from the OSD is structurally malformed, which is an invalid argument to the decode contract regardless of whether the caller or the wire is at fault. Attacker model: a malicious or compromised OSD in a multi-tenant Ceph deployment can trigger this against any kernel client that issues the lock.get_info class method (e.g. during RBD exclusive lock acquisition) without any further privileges beyond OSD session establishment. [ idryomov: use ceph_decode_skip_string() to skip description, trim   changelog ]",Critical,CVE-2026-80561
Test-VL-Linux,linux-image-7.0.0-34-generic,7.0.0-34.34,"In the Linux kernel, the following vulnerability has been resolved: mptcp: avoid combining some incoming suboptions Some MPTCP suboptions are mutually exclusive according to the RFC8684, but also because in different places, the code doesn't expect some combinations to be present. That's specially true for suboptions that would be present twice, but with different attributes. The new restrictions are the same as the ones applied on the output side, with mptcp_write_options. The same rules can be reused with a small fix: an MP_FASTCLOSE can be used with a DSS when the sender picks this option [1], which is not the case on Linux. Here are the rules:   Which options can be used together?   X: mutually exclusive   O: often used together   C: can be used together in some cases   P: could be used together but we prefer not to (optimisations)   | Opt: | MPC  | MPJ  | DSS  | ADD  |  RM  | PRIO | FAIL |  FC  |   |------|------|------|------|------|------|------|------|------|   | MPC  |------|------|------|------|------|------|------|------|   | MPJ  |  X   |------|------|------|------|------|------|------|   | DSS  |  X   |  X   |------|------|------|------|------|------|   | ADD  |  X   |  X   |  P   |------|------|------|------|------|   | RM   |  C   |  C   |  C   |  P   |------|------|------|------|   | PRIO |  X   |  C   |  C   |  C   |  C   |------|------|------|   | FAIL |  X   |  X   |  C   |  X   |  X   |  X   |------|------|   | FC   |  X   |  X   |  P   |  X   |  X   |  X   |  X   |------|   | RST  |  X   |  X   |  X   |  X   |  X   |  X   |  O   |  O   |   |------|------|------|------|------|------|------|------|------| The only difference is with the 'P': another stack could send and ADD_ADDR with other suboptions (DSS, RM_ADDR), and this should be allowed. A few points of attention:  - In theory, an MP_CAPABLE could be used with a RM_ADDR, but there is    no reason to add it with a SYN. Note that even with a 4th ACK, it    doesn't seem to be useful, except when IDs are known in advance via    another channel. Better not to break that.  - Now, combining both an MP_CAPABLE and an MP_JOIN will no longer    result to a reject of the two options, but only the second suboption    is ignored. That seems OK to do that for this unexpected error. At    least now all inconsistent combinations are handled the same way.    This could change later in next. This also means the explicit checks    for having both MPC + MPJ in subflow.c will now be unreachable.    That's fine, they will be removed in a follow-up patch.  - In case of conflicting combinations, the extra suboption(s) is/are    ignored: having such combinations either means the remote peer is    buggy, or is evil. The simplest action is then taken in this case:    stop processing the current suboption.  - In mp_opt-&gt;suboptions, there is also a bit reserved to the checksum,    which can be used in an MP_CAPABLE and a DSS. Each time a DSS option    can be used in parallel with another option, the checksum can be set,    so the verification is combined into a new OPTIONS_MPTCP_DSS macro.  - An MP_CAPABLE ACK can carry a Data-Level Length, and an optional    Checksum: they are the same as the ones found in a DSS, because a DSS    cannot be used in parallel to an MP_CAPABLE. Similarly, even if there    is room, a DSS cannot be used with an MP_JOIN.",Critical,CVE-2026-80587
Test-VL-Linux,linux-image-7.0.0-34-generic,7.0.0-34.34,"In the Linux kernel, the following vulnerability has been resolved: netfilter: nf_conntrack_irc: fix parse_dcc() off-by-one OOB read parse_dcc() treats data_end as an inclusive end pointer, but its only caller passes data_limit = ib_ptr + datalen, which points one past the last valid byte. The newline search loop iterates while tmp &lt;= data_end, so when no newline is present, *tmp is read at tmp == data_end, one byte beyond the region filled by skb_header_pointer(). irc_buffer is kmalloc'd as MAX_SEARCH_SIZE + 1 bytes and datalen is capped at MAX_SEARCH_SIZE, so the stray read does not fault.  The byte is uninitialized or stale; if it contains an ASCII digit, simple_strtoul will consume it and produce a wrong DCC IP or port in the conntrack expectation.  The extra allocation byte is also a fragile guard: if the cap or allocation size changes, this becomes a real out-of-bounds read. Change the loop and its post-loop check to use strict less-than, consistent with the caller's exclusive-end convention.  Update the function comment accordingly.",Critical,CVE-2026-80603
Test-VL-Linux,linux-image-7.0.0-34-generic,7.0.0-34.34,"In the Linux kernel, the following vulnerability has been resolved: net: lwtunnel: Drop skb metadata before LWT encapsulation skb metadata is meant for passing information between XDP and TC. It lives in the skb headroom, immediately before skb-&gt;data. LWT programs cannot access the __sk_buff-&gt;data_meta pseudo-pointer to metadata. However, LWT encapsulation prepends outer headers, moving skb-&gt;data back over the headroom where the metadata sits. On an RX-originated (forwarded) packet that still carries XDP metadata this goes wrong in two different ways, depending on the encap type: 1. Non-BPF LWT encaps (mpls, seg6, ioam6 ...) call skb_push()/skb_pull()    and silently overwrite the metadata that sits in the headroom. 2) BPF LWT xmit calls bpf_skb_change_head(), which uses skb_data_move().    That helper expects metadata immediately before skb-&gt;data. But since    the IP output path runs LWT xmit before neighbour output has built    the outgoing L2 header, for forwarded packets skb-&gt;data points at the    L3 header while skb_mac_header() still points at the old L2 header.    skb_data_move() sees metadata ending at skb_mac_header(), not before    skb-&gt;data, warns and clears metadata:   WARNING: CPU: 21 PID: 454557 at include/linux/skbuff.h:4609 skb_data_move+0x47/0x90   CPU: 21 UID: 0 PID: 454557 Comm: napi/iconduit-g Tainted: G           O      6.18.21 #1   RIP: 0010:skb_data_move+0x47/0x90   Call Trace:    &lt;IRQ&gt;    bpf_skb_change_head+0xe6/0x1a0    bpf_prog_...+0x213/0x2e3    run_lwt_bpf.isra.0+0x1d3/0x360    bpf_xmit+0x46/0xe0    lwtunnel_xmit+0xa1/0xf0    ip_finish_output2+0x1e7/0x5e0    ip_output+0x63/0x100    __netif_receive_skb_one_core+0x85/0xa0    process_backlog+0x9c/0x150    __napi_poll+0x2b/0x190    net_rx_action+0x40b/0x7f0    handle_softirqs+0xd2/0x270    do_softirq+0x3f/0x60    &lt;/IRQ&gt; That is what happens, as for how to fix it - a received packet that carries metadata can reach an encap through any of the three LWT redirect modes:   LWTUNNEL_STATE_INPUT_REDIRECT    ip6_rcv_finish      dst_input        lwtunnel_input   LWTUNNEL_STATE_OUTPUT_REDIRECT    ip6_rcv_finish      dst_input        ip6_forward          ip6_forward_finish            dst_output              lwtunnel_output   LWTUNNEL_STATE_XMIT_REDIRECT    ip6_rcv_finish      dst_input        ip6_forward          ip6_forward_finish            dst_output              ip6_output                ip6_finish_output                  ip6_finish_output2                    lwtunnel_xmit Every encap funnels through the three LWT dispatch helpers, so drop the metadata there, right before handing the skb to the encap op. This single chokepoint covers all encap types and all three redirect modes:   - lwtunnel_input():  seg6, rpl, ila, seg6_local   - lwtunnel_output(): ioam6   - lwtunnel_xmit():   mpls, LWT BPF xmit Alternatively, we could clear the metadata right after TC ingress hook. That would require a compromise, however. Metadata would become inaccessible from TC egress (in setups where it actually reaches the hook it tact, that is without any L2 tunnels on path).",Critical,CVE-2026-80612
Test-VL-Linux,linux-image-7.0.0-34-generic,7.0.0-34.34,"In the Linux kernel, the following vulnerability has been resolved: nfsd: initialize copy-notify stateid before publishing it nfsd4_copy_notify() finished initializing the cpntf state after nfs4_alloc_init_cpntf_state() had already linked it into the s2s_cp_stateids IDR and the parent's sc_cp_list, with cs_count == 1 (the membership reference) and none held for the caller. A racing OFFLOAD_CANCEL (crafted cl_id == nn-&gt;s2s_cp_cl_id plus the guessable so_id) could reach manage_cpntf_state() and free the entry, turning the caller's subsequent cpn_cnr_stateid read and cp_p_stateid/cp_p_clid writes into use-after-free. The owning clientid was also only recorded after publication, so it could not gate an ownership check in that window. Record cp_p_stateid and cp_p_clid inside nfs4_alloc_init_cpntf_state() before nfs4_init_cp_state() publishes the entry, and return it with an extra reference. The caller reads the stateid under that reference and drops it with nfs4_put_cpntf_state(); on a late error the laundromat reaps the entry.",Critical,CVE-2026-89669
Test-VL-Linux,linux-image-7.0.0-34-generic,7.0.0-34.34,"In the Linux kernel, the following vulnerability has been resolved: smb: client: fix UAF and buffer leak in cifs_check_trans2() for malformed secondary T2 When a valid primary TRANSACT2 response has been received (mid-&gt;resp_buf set, mid-&gt;multiRsp true) and a subsequent secondary response causes cifs_check_trans2() to return false -- either because the SMB header is invalid (malformed != 0) or because check2ndT2() rejects the PDU -- handle_mid() overwrites mid-&gt;resp_buf with the new buffer (leaking the primary buffer) and, because mid-&gt;multiRsp is set, skips the server-&gt;smallbuf/bigbuf NULL-out.  When the user thread frees mid-&gt;resp_buf, server-&gt;smallbuf or server-&gt;bigbuf is left dangling; the demux thread reuses it for the next packet, resulting in a use-after-free. Combine both early-exit conditions and, when mid-&gt;multiRsp is already set, abort the pending transaction inline: set multiEnd, call dequeue_mid() with malformed=true, and return true so handle_mid() exits without touching mid-&gt;resp_buf or the server buffer pointers.",Critical,CVE-2026-89637
Test-VL-Linux,linux-image-7.0.0-34-generic,7.0.0-34.34,"In the Linux kernel, the following vulnerability has been resolved: net/x25: fix use-after-free of the socket by its timers The x25 timers are armed with mod_timer() and cancelled with timer_delete(), so a pending timer holds no reference on the socket and a cancel does not wait for a callback already running on another CPU. x25_heartbeat_expiry() also rearms unconditionally, so it can reinstall sk-&gt;sk_timer after __x25_destroy_socket() has passed its cancel point. The following __sock_put() frees the socket while the timer is still queued, and the next expiry uses freed memory.  KASAN reports a slab-use-after-free on the kmalloc-2k object freed by close(). timer_delete_sync() cannot be used here: x25_heartbeat_expiry() and x25_timer_expiry() both reach the cancels from inside the timer they would wait on, through __x25_destroy_socket() and x25_disconnect(). Arm the timers with sk_reset_timer() and cancel them with sk_stop_timer() so that an armed timer owns a reference, and release it in both expiry handlers.  Rearm the heartbeat only while sk_hashed(sk) is still true, since __x25_destroy_socket() unlinks the socket before dropping it.  Arm the deferred destroy timer the same way and drop its reference in x25_destroy_timer(). Reproduced on net with KASAN, with the heartbeat period shortened so the window recurs.  With this patch the reproducer no longer triggers a report and /proc/net/x25 drains. Discovered by XBOW, triaged by Baul Lee &lt;baul.lee@xbow.com&gt;",Critical,CVE-2026-74628
Test-VL-Linux,linux-image-7.0.0-34-generic,7.0.0-34.34,"In the Linux kernel, the following vulnerability has been resolved: igbvf: Fix leak in TX DMA error cleanup If an error is encountered while mapping TX buffers, the driver should unmap any buffers already mapped for that skb. Because count is incremented before each frag mapping, it will always match the correct number of unmappings needed when dma_error is reached. Decrementing count before the while loop in dma_error causes an off-by-one error. If any mapping was successful before an unsuccessful mapping, exactly one DMA mapping (the head) would leak. This bug was introduced by a 2010 fix for an endless loop in dma_error. All other affected drivers have already been fixed.",Critical,CVE-2026-74495
Test-VL-Linux,linux-image-7.0.0-34-generic,7.0.0-34.34,"In the Linux kernel, the following vulnerability has been resolved: s390/checksum: Fix csum_partial() without vector facility Currently csum_partial() calls csum_copy() with copy=false and dst=NULL. On machines without the vector facility, csum_copy() falls back to cksm(dst, ...), causing the checksum to be calculated from address zero instead of the source buffer. The VX implementation already checksums data loaded from src. Make the fallback do the same by passing src to cksm().",Critical,CVE-2026-68385
Test-VL-Linux,linux-image-7.0.0-38-generic,7.0.0-38.38,"In the Linux kernel, the following vulnerability has been resolved: KVM: x86/mmu: WARN and clear role.invalid when creating a child shadow page Explicitly clear role.invalid when deriving a child shadow page's role from its parent to harden against bugs elsewhere in KVM, as violating KVM's invariant that invalid pages are NOT on the list of active MMU pages leads to use-after-free due to __kvm_mmu_prepare_zap_page() using list_add() instead of list_move() when processing an invalid shadow page, i.e. makes a bad situation far worse. Yell loudly if the parent is invalid, as it means KVM has missed a validity check, i.e. KVM is attempting to map memory using an invalid/obsolete root, but continue on as the child is otherwise still a valid shadow page.   ==================================================================   BUG: KASAN: slab-use-after-free in __kvm_mmu_get_shadow_page+0x1817/0x1860 [kvm]   Write of size 8 at addr ff11000153dd1368 by task repro/853   CPU: 1 UID: 1000 PID: 853 Comm: repro Not tainted 7.2.0-rc2-3aec122bdcaf-next-vm #5 PREEMPT   Hardware name: QEMU Standard PC (Q35 + ICH9, 2009), BIOS 0.0.0 02/06/2015   Call Trace:    &lt;TASK&gt;    dump_stack_lvl+0x4b/0x70    print_report+0x153/0x49c    kasan_report+0xbc/0xf0    __kvm_mmu_get_shadow_page+0x1817/0x1860 [kvm]    mmu_alloc_root+0x141/0x320 [kvm]    kvm_mmu_load+0x612/0x20f0 [kvm]    kvm_arch_vcpu_ioctl_run+0x3dd5/0x6150 [kvm]    kvm_vcpu_ioctl+0x5e4/0x10d0 [kvm]    __x64_sys_ioctl+0x131/0x1b0    do_syscall_64+0x67/0x5f0    entry_SYSCALL_64_after_hwframe+0x4b/0x53    &lt;/TASK&gt;   Allocated by task 853:    kasan_save_stack+0x20/0x40    kasan_save_track+0x14/0x30    __kasan_slab_alloc+0x5f/0x70    kmem_cache_alloc_noprof+0xfe/0x2e0    __kvm_mmu_topup_memory_cache+0x135/0x530 [kvm]    paging64_page_fault+0x318/0x1e30 [kvm]    kvm_mmu_do_page_fault+0x21d/0x630 [kvm]    kvm_mmu_page_fault+0x18c/0x17b0 [kvm]    kvm_arch_vcpu_ioctl_run+0x1f35/0x6150 [kvm]    kvm_vcpu_ioctl+0x5e4/0x10d0 [kvm]    __x64_sys_ioctl+0x131/0x1b0    do_syscall_64+0x67/0x5f0    entry_SYSCALL_64_after_hwframe+0x4b/0x53   Freed by task 853:    kasan_save_stack+0x20/0x40    kasan_save_track+0x14/0x30    kasan_save_free_info+0x3b/0x60    __kasan_slab_free+0x43/0x70    kmem_cache_free+0xe2/0x400    kvm_mmu_commit_zap_page.part.0+0x1e2/0x310 [kvm]    kvm_mmu_free_roots+0x283/0x560 [kvm]    kvm_arch_vcpu_ioctl_run+0x33c8/0x6150 [kvm]    kvm_vcpu_ioctl+0x5e4/0x10d0 [kvm]    __x64_sys_ioctl+0x131/0x1b0    do_syscall_64+0x67/0x5f0    entry_SYSCALL_64_after_hwframe+0x4b/0x53",Critical,CVE-2026-80726
Test-VL-Linux,linux-image-7.0.0-38-generic,7.0.0-38.38,"In the Linux kernel, the following vulnerability has been resolved: ceph: bound xattr value length in __build_xattrs() __build_xattrs() decodes the MDS-supplied xattr blob one attribute at a time. For each attribute it reads a 32-bit name length, advances past the name bytes, reads a 32-bit value length, records the value pointer, and advances past the value bytes. The two length fields are read with ceph_decode_32_safe(), but the value bytes themselves are advanced over with a bare ""p += len"" and no ceph_decode_need() check that ""len"" bytes remain in the blob. For every attribute except the last, the next iteration's ceph_decode_32_safe() on the following name length implicitly verifies that the previous value did not run past the blob end. The final attribute has no successor, so its decoded value length is never checked against the blob bounds. A malicious or compromised metadata server can set the last attribute's value length larger than the bytes actually present in the blob. The blob is a dedicated kvmalloc() allocation sized to the wire length (ceph_buffer_new() in ceph_fill_inode()). __set_xattr() records the oversized length in xattr-&gt;val_len verbatim, and a later getxattr(2) runs memcpy(value, xattr-&gt;val, xattr-&gt;val_len) into a user-supplied buffer, copying bytes past the end of the allocation back to user space. Impact: a malicious metadata server discloses adjacent kernel heap bytes to a local user via getxattr(2) on a CephFS file. Add the missing ceph_decode_need() so an out-of-bounds value length on the final attribute fails the decode and returns -EIO instead of being stored.",Critical,CVE-2026-89649
Test-VL-Linux,linux-image-7.0.0-38-generic,7.0.0-38.38,"In the Linux kernel, the following vulnerability has been resolved: ip6_tunnel: clear skb2-&gt;cb[] in ip6ip6_err() ip6ip6_err() clones an outer IPv6 ICMP error skb, pulls it to the quoted inner IPv6 packet, and then passes the clone to icmpv6_send(). The clone still carries the outer packet's inet6_skb_parm in skb-&gt;cb. If the outer packet had a Home Address Option, IP6CB(skb2)-&gt;dsthao remains non-zero after skb_pull(). icmpv6_send() later calls mip6_addr_swap(), which uses that stale dsthao offset against the quoted inner packet. A malformed inner destination-options header can then make the HAO lookup and address swap run past the end of the quoted packet and corrupt skb_shared_info. Clear skb2-&gt;cb[] before pulling the quoted inner IPv6 packet so the reply path does not reuse metadata left by the outer IPv6 stack.",Critical,CVE-2026-74597
Test-VL-Linux,linux-image-7.0.0-38-generic,7.0.0-38.38,"In the Linux kernel, the following vulnerability has been resolved: scsi: qla2xxx: Hold qpair lock when sending NVMe LS reject qla_nvme_ls_reject_iocb() allocates from and advances the request ring through __qla2x00_alloc_iocbs() (which assumes the hardware_lock is held) and qla2x00_start_iocbs() (which advances the ring and rings the request-in doorbell), but takes no lock itself. Two of its callers invoke it without the producer lock held:  - qla_nvme_xmt_ls_rsp(), the NVMe-FC .xmt_ls_rsp transport callback, on    its error path, and  - qla2xxx_process_purls_pkt(), run from the purex work/DPC context. Both use ha-&gt;base_qpair, whose qp_lock_ptr is hardware_lock, so they can run concurrently with normal I/O submission on the base ring and corrupt the ring producer state, leading to duplicated or dropped commands. The third caller, qla2xxx_process_purls_iocb(), runs inside qla24xx_process_response_queue() with the qpair lock already held and is safe; that is also why the lock cannot be taken inside the helper itself (it would recursively re-acquire hardware_lock on the response path). Take qp_lock_ptr around the two unlocked callers and document the helper as caller-locked. Both run in process context, so spin_lock_irqsave() is used and nothing in the locked region sleeps.",Critical,CVE-2026-89857
Test-VL-Linux,linux-image-7.0.0-38-generic,7.0.0-38.38,"In the Linux kernel, the following vulnerability has been resolved: libceph: Avoid using invalid osd indices from primary_temp A corrupted osdmap received from a Ceph monitor or OSD may contain osd indices in its pg_temp, primary_temp, pg_upmap, and pg_upmap_items parts that don't exist, i.e., that are greater than max_osd or smaller than CEPH_HOMELESS_OSD (-1). These indices are used to create the up and acting set in ceph_pg_to_up_acting_osds(), called from calc_target(). While most of these osd indices are checked, the one from primary_temp is not. Subsequently, this may lead to calc_target() returning this (potentially invalid) index as target osd for a (linger) request. Because the osd_state, osd_weight, and osd_addr arrays only contain max_osd entries (with indices 0 to max_osd -1), this leads to out-of-bounds accesses when trying to read values from these arrays. This patch fixes the issue by adding a check to get_temp_osds(), so that only valid osd indices from primary_temp are used, and it falls back to using the primary from pg_temp or the up set if it is invalid. [ idryomov: changelog ]",Critical,CVE-2026-80558
Test-VL-Linux,linux-image-7.0.0-38-generic,7.0.0-38.38,"In the Linux kernel, the following vulnerability has been resolved: ocfs2: validate lengths in dlm_mig_lockres_handler A node receiving a DLM_MIG_LOCKRES message trusts several fields of the peer-supplied dlm_migratable_lockres without validation.  num_locks and lockname_len are bounded only on the sending side, and the message is never checked to actually carry num_locks migratable_lock entries.  As a result dlm_process_recovery_data() walks mres-&gt;ml[0..num_locks) past the kmalloc(data_len) copy of the message (an out-of-bounds read that ends in a BUG_ON panic), and dlm_init_lockres() copies lockname_len bytes into the fixed 32-byte o2dlm_lockname slab object (a heap out-of-bounds write). Both are reachable by any node in the domain. Validate these fields right after dlm_grab(), before anything uses them -- including the not-joined error path, which already prints mres-&gt;lockname with the unbounded lockname_len as a %.*s precision.  Reject the message unless lockname_len &lt;= DLM_LOCKID_NAME_MAX, num_locks &lt;= DLM_MAX_MIGRATABLE_LOCKS (the bound the sender already asserts), and the payload is large enough to hold the claimed locks.  Conforming recovery and migration messages are unaffected.",Critical,CVE-2026-89494
Test-VL-Linux,linux-image-7.0.0-38-generic,7.0.0-38.38,"In the Linux kernel, the following vulnerability has been resolved: iommu/vt-d: Force requesting ACS when tboot is enabled Currently the conditions of requesting ACS in detect_intel_iommu() don't include tboot, leading to a possible misconfiguration with ACS disabled (e.g. due to user opts) while iommu is later forced on by tboot_force_iommu(). Fix it by checking tboot in detect_intel_iommu().",Critical,CVE-2026-89448
Test-VL-Linux,linux-image-7.0.0-38-generic,7.0.0-38.38,"In the Linux kernel, the following vulnerability has been resolved: nfsd: size fh_verify server sockaddr slot by xpt_locallen The nfsd_fh_verify and nfsd_fh_verify_err tracepoints declare the server sockaddr slot sized by xpt_remotelen but fill it from xpt_local using xpt_locallen:     TP_STRUCT__entry(             ...             __sockaddr(server, rqstp-&gt;rq_xprt-&gt;xpt_remotelen)             ...     )     TP_fast_assign(             ...             __assign_sockaddr(server, &amp;rqstp-&gt;rq_xprt-&gt;xpt_local,                               rqstp-&gt;rq_xprt-&gt;xpt_locallen);             ...     ) When xpt_locallen exceeds xpt_remotelen, __assign_sockaddr's memcpy writes past the reserved ring-buffer slot. In the reverse direction (xpt_locallen &lt; xpt_remotelen) the slot is oversized and the unwritten tail leaks prior ring-buffer contents to trace consumers. The write-past-end case is reachable on NFS/UDP. svc_xprt_set_remote() is only called from svc_tcp_accept() (net/sunrpc/svcsock.c) and from the RDMA connect path; svc_create_socket() for UDP calls only svc_xprt_set_local(), so xpt_remotelen stays 0 for the xprt's lifetime. Every fh_verify trace for an NFSv2/v3-over-UDP request then copies 16 or 28 bytes from xpt_local into a zero-byte slot. The other NFSD tracepoints that record the server address (NFSD_TRACE_PROC_CALL_FIELDS, NFSD_TRACE_PROC_RES_FIELDS, SVC_RQST_ENDPOINT_FIELDS) already size the server slot by xpt_locallen; nfsd_fh_verify and nfsd_fh_verify_err were the only exceptions. Fix by sizing the server slot with xpt_locallen so the declared slot matches the copy length. The client slot and its assignment already agree on xpt_remotelen and are left untouched.",Critical,CVE-2026-89702
Test-VL-Linux,linux-image-7.0.0-38-generic,7.0.0-38.38,"In the Linux kernel, the following vulnerability has been resolved: macvlan: inherit needed_headroom and needed_tailroom from lowerdev macvlan devices inherit hard_header_len from lowerdev during macvlan_init(), but leave needed_headroom and needed_tailroom set to 0. When the underlying lowerdev requires extra headroom or tailroom for headers/trailers (e.g. macsec, ipsec, wireguard, tunnels, or veth with rx headroom), upper layers calculating packet headroom and tailroom fail to reserve sufficient space. This can result in reallocation overhead, skb headroom underflows, or KASAN slab-use-after-free crashes when dev_hard_header() / macvlan_hard_header() prepends header data or when lower devices append tailroom. Fix this by: 1. Inheriting needed_headroom and needed_tailroom from lowerdev in macvlan_init(). 2. Propagating needed_headroom and needed_tailroom updates to attached macvlans    in macvlan_device_event() when receiving NETDEV_FEAT_CHANGE events.",Critical,CVE-2026-74743
Test-VL-Linux,linux-image-7.0.0-38-generic,7.0.0-38.38,"In the Linux kernel, the following vulnerability has been resolved: ext4: fix out-of-bounds read in ext4_read_inline_dir() ext4_read_inline_dir() can read a dirent header past the end of its inline buffer, triggering a slab-out-of-bounds read during getdents64():   BUG: KASAN: slab-out-of-bounds in __ext4_check_dir_entry   Read of size 2 at addr ffff88800f3dd23c by task exploit/148    ...    __ext4_check_dir_entry    ext4_read_inline_dir    iterate_dir The dirent payload lives in a buffer of exactly inline_size bytes: 	dir_buf = kmalloc(inline_size, GFP_NOFS); but iteration runs in a position space extra_offset bytes larger (extra_size = extra_offset + inline_size) so the synthetic ""."" and "".."" land at their block-dir offsets. A dirent is formed at ""dir_buf + pos - extra_offset"", yet the ext4_check_dir_entry() length argument uses the larger extra_size. A position whose dirent header would extend past extra_size is therefore accepted, and the rescan loop's rec_len probe and ext4_check_dir_entry() dereference de-&gt;rec_len before the entry is rejected. Reject a position whose minimum-size dirent header would not fit within extra_size before forming de, in both the rescan and main loops, and pass inline_size rather than extra_size to ext4_check_dir_entry() so the length check matches the physical buffer.",Critical,CVE-2026-89786
Test-VL-Linux,linux-image-7.0.0-38-generic,7.0.0-38.38,"In the Linux kernel, the following vulnerability has been resolved: ksmbd: use memcmp() to compare ClientGUIDs ClientGUID is a fixed-size binary value and can contain embedded NUL bytes. strncmp() stops comparing at the first NUL byte, so different ClientGUID values can incorrectly be treated as equal. Use memcmp() in SMB3 multichannel session binding and FSCTL_VALIDATE_NEGOTIATE_INFO to compare all SMB2_CLIENT_GUID_SIZE bytes.",Critical,CVE-2026-74521
Test-VL-Linux,linux-image-7.0.0-38-generic,7.0.0-38.38,"In the Linux kernel, the following vulnerability has been resolved: sctp: validate cookie AUTH state before use When cookie authentication is disabled, COOKIE_ECHO restores fixed-size AUTH fields directly from peer-controlled cookie bytes.  A forged RANDOM length, HMAC list, or CHUNKS list can then reach association consumers with lengths or identifiers that were never validated against the local backing arrays. A forged RANDOM length can cause out-of-bounds reads during key-vector construction.  A forged HMAC identifier also caused a 32-byte write past a zero-length AUTH chunk, providing a primitive for a local privilege escalation chain. Validate the cookie's RANDOM, HMACS, and CHUNKS parameters at the cookie trust boundary before copying them into the association.  Reject invalid types, malformed lengths, unsupported HMAC identifiers, HMAC lists without SHA1, and forbidden chunk ids.",Critical,CVE-2026-74752
Test-VL-Linux,linux-image-7.0.0-38-generic,7.0.0-38.38,"In the Linux kernel, the following vulnerability has been resolved: mptcp: options: reset DSS fields in case of unexpected size A remote peer could send a malformed DSS with a wrong size, followed by another DSS or MPC + Data. In this case, the first suboption will be ignored, but leaving some fields written, which could lead to inconsistency or access uninitialized data. Explicitly reset the fields that could have been modified in case of unexpected size.",Critical,CVE-2026-80586
Test-VL-Linux,linux-image-7.0.0-38-generic,7.0.0-38.38,"In the Linux kernel, the following vulnerability has been resolved: net/smc: fix socket use-after-free during link group termination __smc_lgr_terminate() drops conns_lock after finding a connection in lgr-&gt;conns_all, but before taking a reference on its socket. The connection is embedded in the socket, and its registration reference protects it only while the connection remains in the tree. A concurrent close can unregister the connection and drop that reference, freeing the socket before the termination worker reaches sock_hold(). The race is reachable when close overlaps link group termination. Local stress testing reproduced the use-after-free and KASAN reported:   BUG: KASAN: slab-use-after-free in __smc_lgr_terminate.part.0 [smc]   Write of size 4 by task kworker/3:3   Workqueue: events smc_lgr_terminate_work [smc]   __smc_lgr_terminate.part.0 [smc] The socket was allocated by smc_create(), freed through slab_free_after_rcu_debug(), and was followed by:   refcount_t: addition on 0; use-after-free.   __smc_lgr_terminate.part.0 [smc] Take the socket reference while conns_lock still protects the tree entry. The unregister path then cannot drop the last reference until termination has finished using the socket.",Critical,CVE-2026-74493
Test-VL-Linux,linux-image-7.0.0-38-generic,7.0.0-38.38,"In the Linux kernel, the following vulnerability has been resolved: net/smc: stop killed, freed and out_of_sync sharing a byte The three connection state flags are single-bit bitfields, so they occupy one byte of struct smc_connection and every store to one is a read-modify-write of the other two:     u8  killed : 1;     u8  freed : 1;     u8  out_of_sync : 1; They are not written under a common lock. smc_cdc_msg_validate() sets out_of_sync from the receive tasklet, while smc_conn_kill() sets killed from process context under lock_sock(), and the receive path does not defer to the backlog when the socket is owned -- smc_cdc_msg_recv() takes only bh_lock_sock(). Give each flag its own byte so a store no longer touches its neighbours. All readers test them as booleans and are unchanged. struct smc_connection grows by two bytes.",Critical,CVE-2026-80980
Test-VL-Linux,linux-image-7.0.0-38-generic,7.0.0-38.38,"In the Linux kernel, the following vulnerability has been resolved: NFSv4.1: zero referring call lists before decoding decode_cb_sequence_args() allocates csa_rclists with kmalloc_objs(), so each referring_call_list starts uninitialized. decode_rc_list() assigns rcl_refcalls only when rcl_nrefcalls is nonzero. A valid list with zero referring calls therefore leaves the pointer uninitialized, and nfs4_callback_sequence() later passes stale slab contents to kfree(). Allocate csa_rclists with kzalloc_objs() so every rcl_refcalls member is NULL from the beginning, including valid empty referring call lists.",Critical,CVE-2026-90104
Test-VL-Linux,linux-image-7.0.0-38-generic,7.0.0-38.38,"In the Linux kernel, the following vulnerability has been resolved: netfilter: nf_conntrack_sip: widen NAT rewrite delta to s32 in sip_help_tcp() sip_help_tcp() stores the size change of each NAT-rewritten SIP message in s16 diff and accumulates it in s16 tdiff, but a single message can grow by more than S16_MAX while the packet stays under the 65535 enlarge_skb() limit: nf_nat_sip() rewrites every matching URI, and a long Contact list expands the message by tens of kilobytes. diff then wraps, and ""datalen = datalen + diff - msglen"" yields a huge unsigned datalen, so the next iteration's ct_sip_get_header() reads past the linearized skb tail. Widen diff, tdiff and the seq_adjust hook to s32. Both are bounded by the 65535 byte packet limit, and the seqadj core is already s32 (nf_ct_seqadj_set() takes s32), so no previously accepted input is rejected.   BUG: KASAN: use-after-free in ct_sip_get_header (net/netfilter/nf_conntrack_sip.c:464)   Read of size 1 at addr ffff888010800000 by task ksoftirqd/1/25    ct_sip_get_header (net/netfilter/nf_conntrack_sip.c:464)    sip_help_tcp (net/netfilter/nf_conntrack_sip.c:1694)    nf_confirm (net/netfilter/nf_conntrack_proto.c:183)    nf_hook_slow (net/netfilter/core.c:619)    ip6_output (net/ipv6/ip6_output.c:246)    ip6_forward (net/ipv6/ip6_output.c:690)    ipv6_rcv (net/ipv6/ip6_input.c:351)    __netif_receive_skb_one_core (net/core/dev.c:6212)    process_backlog (net/core/dev.c:6676)    __napi_poll (net/core/dev.c:7735)    net_rx_action (net/core/dev.c:7955)    handle_softirqs (kernel/softirq.c:622)    run_ksoftirqd (kernel/softirq.c:1076)    ...",Critical,CVE-2026-74569
Test-VL-Linux,linux-image-7.0.0-38-generic,7.0.0-38.38,"In the Linux kernel, the following vulnerability has been resolved: xdp: reject clones that overrun skb_shared_info tailroom xdpf_clone() clones broadcast copies into a single page and sets frame_sz to PAGE_SIZE. __xdp_build_skb_from_frame() later treats that page like a normal XDP frame and expects the usual skb_shared_info tailroom at the end of the buffer. The current check only rejects frames whose linear xdp_frame header, headroom, and packet data exceed PAGE_SIZE. A source frame backed by a larger allocation can still satisfy that check while extending into the clone's required shared-info area. When such a clone is converted back into an skb, build_skb_around() places skb_shared_info over live packet bytes and later writes can corrupt XDP return metadata. Reject clones unless their linear area fits inside SKB_WITH_OVERHEAD(PAGE_SIZE), matching the tailroom requirement already enforced by the XDP-to-skb conversion path.",Critical,CVE-2026-74616
Test-VL-Linux,linux-image-7.0.0-38-generic,7.0.0-38.38,"In the Linux kernel, the following vulnerability has been resolved: KVM: arm64: Remove VM-wide VNCR mapping counter The global VNCR mapping counter is used to decide whether an L1 provided VNCR page is mapped in L0 on any CPU at the point of dealing with a TLB invalidation. It is incremented when a mapping is made in the fixmap, and decremented when unmapped. As it turns out, this tracking has several flaws: - we are trying to invalidate TLBs, and the mapping is only an   opportunistic consequence of the TLB. Checking this counter to   decide whether a TLB needs to be invalidated may result in missed   invalidations. - an L1 vcpu invalidating its own TLB (a very likely case) will not   succeed in invalidating the VNCR pseudo TLB because that page is   not mapped in L0 at this stage. Given that this tracking fails at delivering the minimum guarantees that are required and is only a performance optimisation, remove it completely.",Critical,CVE-2026-89915
Test-VL-Linux,linux-image-7.0.0-38-generic,7.0.0-38.38,"In the Linux kernel, the following vulnerability has been resolved: sctp: clear control chunk transport if it is being removed sctp_make_heartbeat_ack() caches the destination transport in chunk-&gt;transport without taking a reference. When src_out_of_asoc_ok is enabled, the HEARTBEAT ACK may remain queued on control_chunk_list instead of being transmitted immediately. If the peer transport is removed while the chunk is still queued, sctp_assoc_rm_peer() drops the transport and schedules it for RCU freeing, but only clears cached transport pointers in out_chunk_list.  The queued control chunk therefore retains a dangling transport pointer. Once an ASCONF_ACK clears the suppression and the queued control chunk is transmitted, SCTP dereferences the stale transport pointer, leading to a use-after-free. Fix this by also clearing chunk-&gt;transport for queued control chunks in control_chunk_list when removing the transport.",Critical,CVE-2026-74688
Test-VL-Linux,linux-image-7.0.0-38-generic,7.0.0-38.38,"In the Linux kernel, the following vulnerability has been resolved: mptcp: avoid combining some incoming suboptions Some MPTCP suboptions are mutually exclusive according to the RFC8684, but also because in different places, the code doesn't expect some combinations to be present. That's specially true for suboptions that would be present twice, but with different attributes. The new restrictions are the same as the ones applied on the output side, with mptcp_write_options. The same rules can be reused with a small fix: an MP_FASTCLOSE can be used with a DSS when the sender picks this option [1], which is not the case on Linux. Here are the rules:   Which options can be used together?   X: mutually exclusive   O: often used together   C: can be used together in some cases   P: could be used together but we prefer not to (optimisations)   | Opt: | MPC  | MPJ  | DSS  | ADD  |  RM  | PRIO | FAIL |  FC  |   |------|------|------|------|------|------|------|------|------|   | MPC  |------|------|------|------|------|------|------|------|   | MPJ  |  X   |------|------|------|------|------|------|------|   | DSS  |  X   |  X   |------|------|------|------|------|------|   | ADD  |  X   |  X   |  P   |------|------|------|------|------|   | RM   |  C   |  C   |  C   |  P   |------|------|------|------|   | PRIO |  X   |  C   |  C   |  C   |  C   |------|------|------|   | FAIL |  X   |  X   |  C   |  X   |  X   |  X   |------|------|   | FC   |  X   |  X   |  P   |  X   |  X   |  X   |  X   |------|   | RST  |  X   |  X   |  X   |  X   |  X   |  X   |  O   |  O   |   |------|------|------|------|------|------|------|------|------| The only difference is with the 'P': another stack could send and ADD_ADDR with other suboptions (DSS, RM_ADDR), and this should be allowed. A few points of attention:  - In theory, an MP_CAPABLE could be used with a RM_ADDR, but there is    no reason to add it with a SYN. Note that even with a 4th ACK, it    doesn't seem to be useful, except when IDs are known in advance via    another channel. Better not to break that.  - Now, combining both an MP_CAPABLE and an MP_JOIN will no longer    result to a reject of the two options, but only the second suboption    is ignored. That seems OK to do that for this unexpected error. At    least now all inconsistent combinations are handled the same way.    This could change later in next. This also means the explicit checks    for having both MPC + MPJ in subflow.c will now be unreachable.    That's fine, they will be removed in a follow-up patch.  - In case of conflicting combinations, the extra suboption(s) is/are    ignored: having such combinations either means the remote peer is    buggy, or is evil. The simplest action is then taken in this case:    stop processing the current suboption.  - In mp_opt-&gt;suboptions, there is also a bit reserved to the checksum,    which can be used in an MP_CAPABLE and a DSS. Each time a DSS option    can be used in parallel with another option, the checksum can be set,    so the verification is combined into a new OPTIONS_MPTCP_DSS macro.  - An MP_CAPABLE ACK can carry a Data-Level Length, and an optional    Checksum: they are the same as the ones found in a DSS, because a DSS    cannot be used in parallel to an MP_CAPABLE. Similarly, even if there    is room, a DSS cannot be used with an MP_JOIN.",Critical,CVE-2026-80587
Test-VL-Linux,linux-image-7.0.0-38-generic,7.0.0-38.38,"In the Linux kernel, the following vulnerability has been resolved: nfsd: gate nfs2 setacl by argp-&gt;mask The NFSACL v2 SETACL path shares the decoder convention used by its v3 sibling: nfsaclsvc_decode_setaclargs() fills in argp-&gt;acl_access only when NFS_ACL is set in the request mask and argp-&gt;acl_default only when NFS_DFACL is set, leaving the other pointer NULL because the argument buffer is zeroed up to pc_argzero before decode. nfsacld_proc_setacl() then hands both pointers to set_posix_acl() unconditionally. set_posix_acl(idmap, dentry, type, NULL) is the VFS ""remove this ACL type"" operation, so an omitted arm is indistinguishable from an explicit request to delete that ACL. A SETACL carrying only NFS_ACL silently strips the directory's default ACL; mask=0 strips both. This is the same defect just fixed in nfsd3_proc_setacl(); apply the same remedy. Gate each set_posix_acl() call on its mask bit and initialize error to 0 so that a request with neither bit set leaves the on-disk ACLs untouched and returns success. The out_drop_lock path and the unconditional posix_acl_release() in nfsaclsvc_release_setacl() already tolerate the skipped arms.",Critical,CVE-2026-89672
Test-VL-Linux,linux-image-7.0.0-38-generic,7.0.0-38.38,"In the Linux kernel, the following vulnerability has been resolved: KVM: arm64: Make VNCR invalidation participate in MMU invalidation retry A VNCR TLB invalidation can occur on one vcpu while another vcpu is faulting in this same page. Without correctly handling this, we can end up with the following scenario: - vcpu A walks the PTs to translate VNCR - before vcpu A is able to grab the MMU lock to insert the TLB,   vcpu B updates the S1 PTs with an invalid entry, and issues   a TLBI S1E2 for this VA - vcpu A inserts the TLB for something that is now invalid This isn't a new problem, and we manage S2 by having the MMU notifier to bump up mmu_invalidate_seq on invalidation so that the fault can be replayed. We can perform something similar here, and extend invalidate_vncr_va() to update the same counter, clearly indicating that the context has changed under our feet. This is safe as the invalidation always happen while holding the MMU lock for write, and that we sample the sequence number before walking S1.",Critical,CVE-2026-89916
Test-VL-Linux,linux-image-7.0.0-38-generic,7.0.0-38.38,"In the Linux kernel, the following vulnerability has been resolved: tls: rx: restore msg_iter before TLS 1.3 optimistic retry tls_decrypt_sg() advances msg-&gt;msg_iter when it maps user pages for the optimistic TLS 1.3 zero-copy path. If the decrypted record turns out not to be unpadded application data, tls_decrypt_sw() retries into a kernel skb, but leaves the iterator advanced. The subsequent copy from the skb then writes decrypted bytes again at a later point in the caller iovecs while recvmsg() reports only the post-retry length. A TLS peer can trigger this after the receiver enables TLS_RX_EXPECT_NO_PAD. Revert the iterator by the number of bytes consumed by the optimistic mapping before retrying without zero-copy. Add a selftest which sends a TLS 1.3 control record with TLS_RX_EXPECT_NO_PAD enabled and verifies that recvmsg() does not overwrite later iovecs beyond the returned length.",Critical,CVE-2026-74611
Test-VL-Linux,linux-image-7.0.0-38-generic,7.0.0-38.38,"In the Linux kernel, the following vulnerability has been resolved: KVM: nVMX: Service local TLB flushes on failed nested VM-Enter KVM services local TLB flushes on ""full"" nested VM-Exits (through __nested_vmx_vmexit()), but not if a nested VM-Enter fails (e.g. due to failed VMCS checks in nested_vmx_enter_non_root_mode()). However, it is possible that KVM had queued TLB flushes that need to be performed, even if the nested VM-Enter was not successful. For example, if VPID is disabled for L2 (via nested_vmx_transition_tlb_flush(), or if via the MSR load lists, as the SDM says:   If any MSR is being loaded in such a way that would architecturally   require a TLB flush, the TLBs are updated so that, after VM entry, the   logical processor will not use any translations that were cached before   the transition. The SDM is unclear about when the TLB flush should occur, and whether or not a failed VM entry would flush the TLB, so it is safer to always do the TLB flush in this case. More concretely, KVM also updates the last VPID L1 used for L2 in nested_vmx_transition_tlb_flush() (i.e. last_vpid), even if the VM entry ultimately fails. With the current code, KVM could miss a TLB flush if L1 changes L2's VPID, then does a failed VM entry followed by a successful one, as the failed VM entry would update last_vpid but not actually flush the TLB. Servicing local TLB flushes on failed VM entries makes sure that the TLB is always flushed when last_vpid is updated.",Critical,CVE-2026-89930
Test-VL-Linux,linux-image-7.0.0-38-generic,7.0.0-38.38,"In the Linux kernel, the following vulnerability has been resolved: igbvf: Fix leak in TX DMA error cleanup If an error is encountered while mapping TX buffers, the driver should unmap any buffers already mapped for that skb. Because count is incremented before each frag mapping, it will always match the correct number of unmappings needed when dma_error is reached. Decrementing count before the while loop in dma_error causes an off-by-one error. If any mapping was successful before an unsuccessful mapping, exactly one DMA mapping (the head) would leak. This bug was introduced by a 2010 fix for an endless loop in dma_error. All other affected drivers have already been fixed.",Critical,CVE-2026-74495
Test-VL-Linux,linux-image-7.0.0-38-generic,7.0.0-38.38,"In the Linux kernel, the following vulnerability has been resolved: isofs: fix out-of-bounds page array access on empty zisofs block zisofs_uncompress_block()'s empty-block fast path returns pcount &lt;&lt; PAGE_SHIFT, ignoring the incoming poffset, unlike the decompression path which returns bytes produced relative to poffset. zisofs_fill_pages() uses that return to advance its page cursor, so when the zisofs block size is below PAGE_SIZE and a sub-page block leaves poffset partway into a page, a following empty block over-counts and advances pages[] one element past its end, after which ""if (poffset &amp;&amp; *pages)"" reads pages[1] out of bounds.  rock.c only rejects a block-size shift &gt; 17, so a crafted ""ZF"" Rock Ridge record can set it below PAGE_SHIFT; the bug is reached by an ordinary read() of a compressed file on such a mounted ISO9660 image. Return the byte count relative to poffset and zero only [poffset, PAGE_SIZE) of the first page, matching the decompression path. The page-aligned case (poffset == 0) is unaffected.   BUG: KASAN: slab-out-of-bounds in zisofs_read_folio (fs/isofs/compress.c:290)   Read of size 8 at addr ffff88800f5eac48 by task exploit/142    zisofs_read_folio (fs/isofs/compress.c:290)    read_pages (mm/readahead.c:184)    ...    filemap_read (mm/filemap.c:2814)    vfs_read (fs/read_write.c:574)    __x64_sys_pread64 (fs/read_write.c:769)    do_syscall_64 (arch/x86/entry/syscall_64.c:94)    entry_SYSCALL_64_after_hwframe (arch/x86/entry/entry_64.S:121)   The buggy address is located 0 bytes to the right of the   allocated 8-byte region in the kmalloc-8 cache",Critical,CVE-2026-89778
Test-VL-Linux,linux-image-7.0.0-38-generic,7.0.0-38.38,"In the Linux kernel, the following vulnerability has been resolved: SUNRPC: Zero rpc_gss_wire_cred at svcauth_gss_decode_credbody() entry svcauth_gss_decode_credbody() writes the caller's rpc_gss_wire_cred field by field and assigns gc_ctx.len only on the success tail.  The caller storage is svcdata-&gt;clcred, which lives in the per-svc_rqst gss_svc_data and is reused across requests.  Early decode failures leave partially decoded state mixed with residue from the prior request. The trailing body_len tightness check is the sharpest case: xdr_stream_decode_opaque_inline() has already written gc_ctx.data with a borrowed inline pointer into the current request's XDR pages, but gc_ctx.len retains its prior value.  Once the request pages are released the pooled clcred carries a dangling pointer paired with a stale length. Zero the caller's rpc_gss_wire_cred at function entry so that every early-return path leaves a deterministic all-zero cred. On the trailing tightness-check path, gc_ctx.len is now zero instead of stale, which neuters length-driven consumers such as gss_svc_searchbyctx() that would otherwise walk the dangling data pointer.",Critical,CVE-2026-93207
Test-VL-Linux,linux-image-7.0.0-38-generic,7.0.0-38.38,"In the Linux kernel, the following vulnerability has been resolved: vxlan: use neigh_ha_snapshot() in route_shortcircuit() The neighbour hardware address n-&gt;ha can be updated asynchronously by the neighbour subsystem, protected by n-&gt;ha_lock seqlock. Reading n-&gt;ha without holding the seqlock loop can lead to torn reads or reading a partially updated MAC address. Use neigh_ha_snapshot() in route_shortcircuit() to safely copy n-&gt;ha under read_seqbegin()/read_seqretry() lock protection before using it. Note that arp_reduce() and neigh_reduce() seem to have the same issue left for future patches.",Critical,CVE-2026-74475
Test-VL-Linux,linux-image-7.0.0-38-generic,7.0.0-38.38,"In the Linux kernel, the following vulnerability has been resolved: libceph: fix OOB read in decode_watchers() via missing bounds check ceph_start_decoding() validates that struct_len bytes remain in the buffer after the encoding header, but accepts struct_len=0 as valid: ceph_decode_need(p, end, 0, bad) always passes. When a malicious or compromised OSD sends an obj_list_watch_response_t reply with struct_len=0, ceph_start_decoding() returns success with p == end, leaving zero bytes guaranteed for subsequent reads. The immediately following ceph_decode_32(p) in decode_watchers() has no preceding bounds check. With p == end this is a 4-byte read past the validated buffer boundary. The garbage value is then passed directly to kzalloc_objs() as the watcher count. The sibling function decode_watcher() already uses the safe variants (ceph_decode_copy_safe, ceph_decode_64_safe, ceph_decode_skip_32) after its own ceph_start_decoding() call. decode_watchers() is the only site that uses the bare variant, confirming an oversight. Fix by replacing ceph_decode_32(p) with ceph_decode_32_safe(p, end, *num_watchers, bad), consistent with the established pattern. Attacker model: a malicious or compromised OSD in a multi-tenant Ceph deployment (e.g. cloud) can trigger this against any kernel client that calls CEPH_OSD_OP_LIST_WATCHERS, without any further privileges beyond OSD session establishment. [ idryomov: trim changelog ]",Critical,CVE-2026-80557
Test-VL-Linux,linux-image-7.0.0-38-generic,7.0.0-38.38,"In the Linux kernel, the following vulnerability has been resolved: fs/ntfs3: validate ef-&gt;size covers the record's name and value When an EA record has a non-zero ef-&gt;size, ntfs_read_ea() only checks that the record fits in the remaining buffer (ea_size &gt; bytes), not that ef-&gt;size is large enough to hold the record's own name_len + 1 + elength. A crafted image can pass validation with, e.g., ef-&gt;size = 24 but elength = 0xffff. ntfs_get_ea() then trusts elength and copies it out of the undersized record, reading past the kmalloc(info-&gt;size) allocation and leaking heap memory to userspace via getxattr():  BUG: KASAN: slab-out-of-bounds in ntfs_get_ea (fs/ntfs3/xattr.c:302)  Read of size 65535 at addr ffff888100794550 by task exploit   __asan_memcpy (mm/kasan/shadow.c:105)   ntfs_get_ea (fs/ntfs3/xattr.c:302)   ntfs_getxattr (fs/ntfs3/xattr.c:848)   __vfs_getxattr (fs/xattr.c:441)   vfs_getxattr (fs/xattr.c:474)   do_getxattr (fs/xattr.c:800)   path_getxattrat (fs/xattr.c:868)   do_syscall_64 (arch/x86/entry/syscall_64.c:94)  The buggy address is located 80 bytes inside of   allocated 84-byte region in cache kmalloc-96 Compute the size the record needs and require ef-&gt;size to cover it.",Critical,CVE-2026-89779
Test-VL-Linux,linux-image-7.0.0-38-generic,7.0.0-38.38,"In the Linux kernel, the following vulnerability has been resolved: scsi: target: iscsi: Reserve a terminator byte for the login payload iscsi_target_check_login_request() rejects a login PDU whose DataSegmentLength exceeds MAX_KEY_VALUE_PAIRS, but the test is '&gt;' and login-&gt;req_buf is allocated with exactly MAX_KEY_VALUE_PAIRS bytes. Since iscsit_get_login_rx() receives payload_length + padding bytes, where 	padding = ((-payload_length) &amp; 3); any payload_length from 8189 to 8192 fills the whole 8192 byte buffer. The write stays in bounds, but no byte is left for a NUL terminator. The buffer is subsequently consumed as a C string. In the CHAP path chap_check_algorithm() calls kstrdup(a_str), and extract_param() calls strstr(in_buf, pattern) followed by strlen_semi(), none of which take a length. convert_null_to_semi() additionally rewrites every embedded NUL to ';', so even a payload made of well formed NUL separated key=value records is left without a terminator. These walk past the end of the object into adjacent slab memory. It is reachable by an unauthenticated initiator against a portal configured for CHAP; when authentication is not required iscsi_login_zero_tsih_s2() rewrites AuthMethod to None and the CHAP path is never entered. Allocate one extra byte. kzalloc() zeroes it and nothing ever writes to it, as every writer copies to offset 0 for at most MAX_KEY_VALUE_PAIRS bytes, so the buffer is always terminated.",Critical,CVE-2026-90011
Test-VL-Linux,linux-image-7.0.0-38-generic,7.0.0-38.38,"In the Linux kernel, the following vulnerability has been resolved: NFSD: Prevent client use-after-free during blocked-lock reaping A bare lock owner -- its only remaining reference a blocked lock on nn-&gt;blocked_locks_lru -- holds a raw pointer to its nfs4_client but no reference keeping the client alive. When the per-net laundromat reaps such a lock, freeing the nbl drops the owner reference held through flc_owner, and the final nfs4_put_stateowner() takes the client's cl_lock. Because the laundromat detaches the nbl first, __destroy_client() no longer finds it, so a concurrent force_expire_client() can free the client before nfs4_put_stateowner() runs, dereferencing cl_lock in freed memory. Pin the client with cl_rpc_users before dropping nn-&gt;blocked_locks_lock, and skip clients already expiring, whose blocked locks __destroy_client() frees while holding an owner reference. Take nn-&gt;client_lock outside nn-&gt;blocked_locks_lock. Every other site holds nn-&gt;blocked_locks_lock as a leaf, acquiring no further lock, so placing nn-&gt;client_lock outside it cannot form a lock-order cycle.",Critical,CVE-2026-90036
Test-VL-Linux,linux-image-7.0.0-38-generic,7.0.0-38.38,"In the Linux kernel, the following vulnerability has been resolved: sctp: clear new_transport when removing a peer sctp_process_asconf_param() stores a newly added peer transport in asoc-&gt;new_transport. After all parameters in the ASCONF chunk have been processed, sctp_sf_do_asconf() uses this pointer to send a HEARTBEAT to the new transport. An authenticated ASCONF from a remote SCTP peer can add a transport and remove it again with a wildcard DEL-IP parameter in the same chunk. The wildcard deletion preserves the transport on which the ASCONF arrived, but removes the newly added transport through sctp_assoc_del_nonprimary_peers(). The removal does not clear asoc-&gt;new_transport, leaving it pointing to the removed transport. sctp_sf_do_asconf() then creates a HEARTBEAT whose chunk-&gt;transport points to the removed transport without holding a transport reference. During local address replacement, src_out_of_asoc_ok keeps this HEARTBEAT on control_chunk_list. After the transport is freed by RCU, a successful ASCONF_ACK for the replacement address releases the queued HEARTBEAT and sctp_outq_select_transport() reads the freed transport's state. The issue was found during a static audit of SCTP objects. With an authenticated peer, the reproducer triggered the same KASAN report in 2 of 2 unpatched runs on a KASAN-enabled netdev/main kernel:   BUG: KASAN: slab-use-after-free in sctp_outq_select_transport   Read of size 4 at addr ffff88800b9bd95c by task python3/197   Call Trace:    sctp_outq_select_transport+0x549/0x8b0 [sctp]    sctp_outq_flush+0x306/0x2c60 [sctp]    sctp_transport_immediate_rtx+0xaf/0x260 [sctp]    sctp_process_asconf_ack+0xa48/0xf70 [sctp]   Allocated by task 197:    sctp_transport_new+0x68/0x650 [sctp]    sctp_assoc_add_peer+0x258/0x12a0 [sctp]    sctp_process_asconf+0x5e9/0x1090 [sctp]   Last potentially related work creation:    __call_rcu_common.constprop.0+0x77/0xb70    sctp_assoc_del_nonprimary_peers+0x7c/0xd0 [sctp]    sctp_process_asconf+0xd9c/0x1090 [sctp] The first invalid access was a four-byte read of transport-&gt;state at net/sctp/outqueue.c:833. The same reproducer completed the full authenticated ASCONF and local-address replacement sequence with this change without a KASAN report or oops. Clear new_transport when its peer is removed, before it can be used to create the HEARTBEAT.",Critical,CVE-2026-74586
Test-VL-Linux,linux-image-7.0.0-38-generic,7.0.0-38.38,"In the Linux kernel, the following vulnerability has been resolved: mptcp: fastopen: only mark MPTFO subflows with SYN data Passive TCP Fast Open accepts a valid-cookie SYN even when it carries no data. In that case the child socket's receive queue is intentionally left empty. mptcp_fastopen_subflow_synack_set_params() set is_mptfo before checking for queued SYN data. That made data-less TFO SYNs hit a WARN and, if the warning was non-fatal, left stale MPTFO state behind. The stale flag could later trigger a state-confusion bug in check_fully_established(). Only mark the subflow as MPTFO after confirming that an SKB was queued. Return quietly when the receive queue is empty. Note that mptcp_subflow_context's is_mptfo field is now not just about subflows where the TFO was present, but about MPTFO subflow that consumed SYN data. Only having a valid cookie but not carrying data is not really ""doing TFO"".",Critical,CVE-2026-80585
Test-VL-Linux,linux-image-7.0.0-38-generic,7.0.0-38.38,"In the Linux kernel, the following vulnerability has been resolved: net/smc: fix use-after-free of the LLC qentry in smc_llc_srv_add_link() smc_llc_srv_add_link() keeps add_llc pointing into the queue entry:   add_llc = &amp;qentry-&gt;msg.add_link;			smc_llc.c:1482   ...   smc_llc_save_add_link_info(link_new, add_llc);	smc_llc.c:1494   smc_llc_flow_qentry_del(&amp;lgr-&gt;llc_flow_lcl);		smc_llc.c:1495   ...   u8 *llc_msg = smc_link_shared_v2_rxbuf(link) ? 	(u8 *)lgr-&gt;wr_rx_buf_v2 : (u8 *)add_llc;	smc_llc.c:1504   smc_llc_save_add_link_rkeys(link, link_new, llc_msg);	smc_llc.c:1506 smc_llc_flow_qentry_del() kfree()s the entry, so on a link without a shared v2 receive buffer the pointer handed to smc_llc_save_add_link_rkeys() is already freed. Before the Fixes: commit that branch always used lgr-&gt;wr_rx_buf_v2 and add_llc was not used after the free. Reproduced on an unpatched tree over rxe, with KASAN, kasan_multi_shot and a link forced to max_recv_sge == 1: the entry is freed and read by the same call, and the freeing frame is smc_llc_srv_add_link() itself.   [    2.523161] BUG: KASAN: slab-use-after-free in smc_llc_save_add_link_rkeys+0x333/0x350   [    2.523499] Read of size 2 at addr ffff8880052194de by task kworker/0:1/11   [    2.523789]   [    2.523862] CPU: 0 UID: 0 PID: 11 Comm: kworker/0:1 Not tainted 7.2.0-rc5-p0-g2c9dd296545d #35 PREEMPT(lazy)   [    2.523865] Hardware name: QEMU Ubuntu 24.04 PC v2 (i440FX + PIIX, arch_caps fix, 1996), BIOS 1.16.3-debian-1.16.3-2 04/01/2014   [    2.523866] Workqueue: smc_hs_wq smc_listen_work   [    2.523869] Call Trace:   [    2.523870]  &lt;TASK&gt;   [    2.523871]  dump_stack_lvl+0x53/0x70   [    2.523872]  print_report+0xd0/0x630   [    2.523874]  ? __pfx__raw_spin_lock_irqsave+0x10/0x10   [    2.523876]  ? smc_llc_save_add_link_rkeys+0x333/0x350   [    2.523878]  kasan_report+0xce/0x100   [    2.523879]  ? smc_llc_save_add_link_rkeys+0x333/0x350   [    2.523881]  smc_llc_save_add_link_rkeys+0x333/0x350   [    2.523883]  ? smcr_buf_reg_lgr+0x2a4/0x660   [    2.523885]  smc_llc_srv_add_link+0xaa2/0x1e50   [    2.523888]  ? _printk+0xba/0xf0   [    2.523897]  ? __pfx_smc_llc_srv_add_link+0x10/0x10   [    2.523899]  ? down_write+0xb0/0x130   [    2.523903]  ? __pfx_down_write+0x10/0x10   [    2.523905]  smc_listen_work+0x489e/0x4d00   [    2.523907]  ? kmem_cache_free+0x1c6/0x3a0   [    2.523911]  ? __pfx_smc_listen_work+0x10/0x10   [    2.523913]  ? release_sock+0x148/0x1d0   [    2.523915]  ? smc_tcp_listen_work+0xb4f/0xfc0   [    2.523917]  ? _raw_spin_lock_irq+0x80/0xe0   [    2.523918]  ? __pfx__raw_spin_lock_irq+0x10/0x10   [    2.523920]  process_one_work+0x633/0x1030   [    2.523922]  ? assign_work+0x11d/0x370   [    2.523924]  worker_thread+0x45b/0xd10   [    2.523926]  ? __pfx_worker_thread+0x10/0x10   [    2.523928]  ? __pfx_worker_thread+0x10/0x10   [    2.523929]  kthread+0x2c6/0x3b0   [    2.523931]  ? recalc_sigpending+0x15c/0x1e0   [    2.523934]  ? __pfx_kthread+0x10/0x10   [    2.523935]  ret_from_fork+0x36e/0x5a0   [    2.523937]  ? __pfx_ret_from_fork+0x10/0x10   [    2.523938]  ? __switch_to+0x572/0xdd0   [    2.523943]  ? __pfx_kthread+0x10/0x10   [    2.523944]  ret_from_fork_asm+0x1a/0x30   [    2.523947]  &lt;/TASK&gt;   [    2.523948]   [    2.531253] Allocated by task 48:   [    2.531399]  kasan_save_stack+0x33/0x60   [    2.531570]  kasan_save_track+0x14/0x30   [    2.531737]  __kasan_kmalloc+0x8f/0xa0   [    2.531905]  __kmalloc_cache_noprof+0x158/0x370   [    2.532100]  smc_llc_enqueue+0x72/0x560   [    2.532268]  smc_wr_rx_tasklet_fn+0x474/0xa80   [    2.532491]  tasklet_action_common+0x20f/0x8a0   [    2.532714]  handle_softirqs+0x18e/0x590   [    2.532886]  do_softirq+0x3b/0x60   [    2.533036]  __local_bh_enable_ip+0x61/0x70   [    2.533221]  __alloc_skb+0x732/0x890   [    2.533384]  rxe_init_packet+0x16b/0x4f0   [    2.533567]  prepare_ack_packet+0xb8/0x830   [    2.533760]  rxe_receiver+0x495/0x96e0   [    2.533933]  do_work+0x144/0x470   [    2 ---truncated---",Critical,CVE-2026-80981
Test-VL-Linux,linux-image-7.0.0-38-generic,7.0.0-38.38,"In the Linux kernel, the following vulnerability has been resolved: ksmbd: fix use-after-free in oplock break notification smb2_oplock_break_noti() reads opinfo-&gt;conn without any lock and dereferences it after two allocations which may sleep.  When the durable handle owning the oplock is disconnected, session_fd_check() clears opinfo-&gt;conn and drops its conn reference under ci-&gt;m_lock, and the last ksmbd_conn_put() frees the connection.  A break triggered by another connection that races with the teardown can then resurrect the freed connection: ksmbd_conn_get() is a plain atomic_inc, and the queued break work later dereferences the stale conn via ksmbd_conn_write(), a use-after-free reachable by any authenticated client holding a durable batch oplock. Thread the caller's inode into the notification path instead of taking a new reference on it.  Every caller of oplock_break() already holds a live ksmbd_file (or an explicit ksmbd_inode_lookup_lock() reference, in the parent lease break paths) on the inode that owns the break target's oplock list, so ci cannot be freed during the call, and its lock can be taken without dereferencing opinfo-&gt;o_fp, which a concurrent close may free.  Select and pin the connection under ci-&gt;m_lock, the same lock session_fd_check() and ksmbd_reopen_durable_fd() use to update opinfo-&gt;conn, so a concurrent detach either loses the race to the clear or keeps the connection alive until the notification work releases it.  Transfer the reference to the work item and release it on allocation failures.",Critical,CVE-2026-80926
Test-VL-Linux,linux-image-7.0.0-38-generic,7.0.0-38.38,"In the Linux kernel, the following vulnerability has been resolved: block: stop the timeout timer when releasing a never added disk disk_release() undoes blk_mq_init_allocated_queue() for a disk whose probe failed before add_disk(), but it only calls blk_mq_exit_queue(). Nothing there stops q-&gt;timeout, and that timer rolls forward: it stays pending until it next expires, not until the last request completes. So if the driver issued any I/O before adding the disk, the request_queue is freed while still linked into a timer wheel bucket. Commit 6f8191fdf41d (""block: simplify disk shutdown"") dropped the blk_cleanup_queue() call that used to stop it.  __del_gendisk() and blk_mq_destroy_queue() still do; only the probe failure path lost it. nvme gets there because nvme_update_ns_info() submits Report Zones or FDP io-mgmt-recv on ns-&gt;queue before the disk is added, so a later failure - a concurrent reset setting NVME_CTRL_FROZEN, or device_add_disk() failing - lands in put_disk() with the timer armed:   BUG: KASAN: slab-use-after-free in detach_if_pending+0x30c/0x340   Write of size 8 at addr ffff888004d71310 by task kworker/u8:2/37    __timer_delete_sync+0x156/0x240 kernel/time/timer.c:1621    blk_sync_queue+0x22/0x40 block/blk-core.c:222    nvme_sync_queues+0x100/0x150 drivers/nvme/host/core.c:5362    nvme_reset_work+0x138/0x930 drivers/nvme/host/pci.c:3264   Allocated by task 34:    __blk_mq_alloc_disk+0x33/0x100 block/blk-mq.c:4462    nvme_alloc_ns+0x290/0x3870 drivers/nvme/host/core.c:4146   Freed by task 0:    blk_free_queue_rcu+0x3a/0x50 block/blk-core.c:254    rcu_core+0xc10/0x1730 kernel/rcu/tree.c:2857 The queue being synced there is ctrl-&gt;admin_q, only a victim sharing a timer wheel bucket with the freed queue's dangling entry; other runs tripped in enqueue_timer(), __run_timers() or blk_mq_timeout_work(). Failing nvme_alloc_ns() with a debug patch makes it deterministic: one leaked timer trips KASAN within seconds, while 1987 patched releases produced no splat. Stop the timer and the queue work items before blk_mq_exit_queue(), like blk_mq_destroy_queue() does. Found by FuzzNvme.",Critical,CVE-2026-80589
Test-VL-Linux,linux-image-7.0.0-38-generic,7.0.0-38.38,"In the Linux kernel, the following vulnerability has been resolved: vxlan: use pskb_network_may_pull() in route_shortcircuit() route_shortcircuit() currently calls pskb_may_pull(skb, sizeof(struct iphdr)) (or ipv6hdr), which checks if bytes are available starting from skb-&gt;data. However, in vxlan_xmit(), skb-&gt;data points to the MAC header, so skb_network_offset(skb) is ETH_HLEN (14 bytes). Using pskb_may_pull(skb, 20) only checks 20 bytes from skb-&gt;data (which is 14 bytes MAC header + 6 bytes of IP header), leaving the rest of the IP header potentially un-pulled in non-linear frags. Subsequent dereferences of ip_hdr(skb)-&gt;daddr can read beyond the pulled linear buffer length. Fix this by using pskb_network_may_pull(), which adds skb_network_offset(skb) to the length check to ensure the full network header is present in the linear buffer.",Critical,CVE-2026-74473
Test-VL-Linux,linux-image-7.0.0-38-generic,7.0.0-38.38,"In the Linux kernel, the following vulnerability has been resolved: KVM: x86: Cancel delayed I/O APIC EOI handling before destroying vCPUs Cancel (and flush) the I/O APIC's delayed EOI handling work during the ""pre VM destroy"" phase, before vCPUs are destroyed, as processing the EOI broadcast will inject another IRQ if the line is asserted, i.e. will try to deliver an IRQ to the target vCPU(s).  Canceling the work after vCPUs are destroyed leads to UAF if the delayed work is processed after vCPUs are destroyed.   BUG: KASAN: slab-use-after-free in __kvm_irq_delivery_to_apic_fast+0x9bf/0xa20 arch/x86/kvm/lapic.c:1250   Read of size 8 at addr ffff8880499abea0 by task kworker/1:2/1218   CPU: 1 UID: 0 PID: 1218 Comm: kworker/1:2 Not tainted 7.1.0-rc7 #5 PREEMPT(lazy)   Hardware name: QEMU Ubuntu 25.10 PC v2 (i440FX + PIIX, + 10.1 machine, 1996), BIOS 1.16.3-debian-1.16.3-2 04/01/2014   Workqueue: events kvm_ioapic_eoi_inject_work   Call Trace:    &lt;TASK&gt;    __dump_stack lib/dump_stack.c:94    dump_stack_lvl+0x100/0x190 lib/dump_stack.c:120    print_address_description mm/kasan/report.c:378    print_report+0x139/0x4ad mm/kasan/report.c:482    kasan_report+0xe4/0x1d0 mm/kasan/report.c:595    __kvm_irq_delivery_to_apic_fast+0x9bf/0xa20 arch/x86/kvm/lapic.c:1250    __kvm_irq_delivery_to_apic+0xd8/0xbf0 arch/x86/kvm/lapic.c:1345    kvm_irq_delivery_to_apic arch/x86/kvm/lapic.h:129    ioapic_service+0x308/0x590 arch/x86/kvm/ioapic.c:492    kvm_ioapic_eoi_inject_work+0x13c/0x190 arch/x86/kvm/ioapic.c:532    process_one_work+0xa59/0x19a0 kernel/workqueue.c:3314    process_scheduled_works kernel/workqueue.c:3397    worker_thread+0x5eb/0xe50 kernel/workqueue.c:3478    kthread+0x370/0x450 kernel/kthread.c:436    ret_from_fork+0x72b/0xd30 arch/x86/kernel/process.c:158    ret_from_fork_asm+0x1a/0x30 arch/x86/entry/entry_64.S:245    &lt;/TASK&gt; Note, the VM is unreachable once kvm_destroy_vm() starts, and scheduling new work via kvm_ioapic_send_eoi() can only be done via KVM_RUN, i.e. requires a live vCPU. Alternatively, KVM could simply destroy the I/O APIC during the ""pre"" phase of VM destruction, but that gets more than a bit sketchy as KVM expects the I/O APIC to exist if ioapic_in_kernel() is true, and nested virtualization in particular has a bad habit of touching VM-scope state during vCPU destruction.  E.g. attempting to free the PIC during the pre phase would lead to a NULL pointer dereference in kvm_cpu_has_extint(), and it's not hard to imagine the I/O APIC having a similar flaw.",Critical,CVE-2026-74517
Test-VL-Linux,linux-image-7.0.0-38-generic,7.0.0-38.38,"In the Linux kernel, the following vulnerability has been resolved: iommu/arm-smmu-v3-iommufd: Require exactly one Stream ID for a vDEVICE arm_vsmmu_vsid_to_sid() maps a guest's vSID to a single physical Stream ID taken from master-&gt;streams[0], assuming a device has exactly one stream. A device with several streams gets only its first one mapped, so a guest vSID invalidation cannot reach the others' ATC and IOTLB entries; a device with none makes master-&gt;streams a ZERO_SIZE_PTR, read out of bounds. Add an arm_vsmmu_vdevice_init() op to reject the vDEVICE with -EOPNOTSUPP when master-&gt;num_streams is not one, rather than mapping it silently.",Critical,CVE-2026-74573
Test-VL-Linux,linux-image-7.0.0-38-generic,7.0.0-38.38,"In the Linux kernel, the following vulnerability has been resolved: smb: client: Fix use-after-free in cifs_try_adding_channels() cifs_try_adding_channels() takes a temporary reference to an interface before dropping iface_lock. If cifs_ses_add_channel() fails, it drops that reference and then increments iface-&gt;weight_fulfilled. A concurrent interface list refresh can remove the list reference while channel creation is in progress. In that case, the failure-path kref_put() releases the last reference and frees iface. Updating weight_fulfilled afterward then accesses freed memory. Increment weight_fulfilled before dropping the temporary reference, keeping iface alive for the final access.",Critical,CVE-2026-74608
Test-VL-Linux,linux-image-7.0.0-38-generic,7.0.0-38.38,"In the Linux kernel, the following vulnerability has been resolved: udp: fix potential use-after-free in tunnel segmentation __skb_udp_tunnel_segment() gets the UDP header before ensuring the tunnel header is in the skb head. If the pull reallocates skb-&gt;head, the saved UDP header pointer is no longer valid. Get the UDP header after the pull to avoid a potential use-after-free.",Critical,CVE-2026-74705
Test-VL-Linux,linux-image-7.0.0-38-generic,7.0.0-38.38,"In the Linux kernel, the following vulnerability has been resolved: audit: avoid dropping live tree ref on fsnotify rule autoremove audit_del_rule() is used for both netlink deletion templates and internal fsnotify autoremove.  The former passes a parsed template which owns a temporary tree reference; the latter passes the installed entry itself. The unconditional audit_put_tree() at the end of audit_del_rule() assumes the template case.  For mixed AUDIT_DIR plus AUDIT_EXE rules, an fsnotify autoremove event therefore drops the installed rule's live tree reference. Repeating this across rules sharing the same tree can free the tree while another rule still references it, and a later autoremove dereferences the freed pathname while comparing rules. Move the temporary-tree put to audit_rule_change(), the caller that owns deletion templates.  Keep it in the AUDIT_DEL_RULE cleanup so both successful deletion and -ENOENT still release the parser-owned tree. [PM: dropped unnecessary comment for line length reasons]",Critical,CVE-2026-89643
Test-VL-Linux,linux-image-7.0.0-38-generic,7.0.0-38.38,"In the Linux kernel, the following vulnerability has been resolved: scsi: qla2xxx: Bound rsp_info_len to avoid OOB sense-data read In qla2x00_status_entry(), the FWI2 status path advances sense_data and shrinks par_sense_len by rsp_info_len: 	if (IS_FWI2_CAPABLE(ha)) { 		sense_data += rsp_info_len; 		par_sense_len -= rsp_info_len; 	} rsp_info_len is a 32-bit value taken directly from the target's FCP response (sf.rsp_data_len), while par_sense_len is the IOCB data area size (28 bytes for 24xx, 60 bytes for 29xx). A hostile or buggy target reporting an rsp_info_len larger than par_sense_len makes the unsigned subtraction underflow to a huge value and advances sense_data out of bounds. The underflowed par_sense_len then defeats the cap in qla2x00_handle_sense(): 	if (sense_len &gt; par_sense_len) 		sense_len = par_sense_len; 	memcpy(cp-&gt;sense_buffer, sense_data, sense_len); so the memcpy reads up to SCSI_SENSE_BUFFERSIZE bytes from the out-of-bounds sense_data pointer, leaking adjacent response-ring/heap memory into the command's sense buffer. Clamp rsp_info_len to par_sense_len before the subtraction so par_sense_len can never underflow and sense_data stays within the IOCB data area. The fix sits before the comp_status switch, covering both qla2x00_handle_sense() call sites.",Critical,CVE-2026-89846
Test-VL-Linux,linux-image-7.0.0-38-generic,7.0.0-38.38,"In the Linux kernel, the following vulnerability has been resolved: nfsd: drop the stateid, not the stateowner, on seqid_op replay retry In nfs4_preprocess_seqid_op() the stateid is obtained from nfsd4_lookup_stateid(), which holds a reference on the nfs4_stid (sc_count) but takes no reference on the stateowner. openlockstateid() merely casts that stid and likewise takes no reference. When nfsd4_cstate_assign_replay() returns -EAGAIN (the replay owner is being torn down, RP_UNHASHED) it has not taken a stateowner reference on that path. The error handling nevertheless called nfs4_put_stateowner(stp-&gt;st_stateowner), dropping an so_count reference the function never acquired -- risking a stateowner refcount underflow and use-after-free -- while leaking the sc_count reference held on the stid. The leaked stid reference can also stall a concurrent nfsd4_close_open_stateid() waiting for sc_count to drop. Drop the reference actually held -- the stid -- before retrying. The stateowner stays alive through the reference held by the stid. This mirrors the open path in nfsd4_process_open1(), where the put balances a reference that path explicitly holds on the stateowner.",Critical,CVE-2026-89688
Test-VL-Linux,linux-image-7.0.0-38-generic,7.0.0-38.38,"In the Linux kernel, the following vulnerability has been resolved: s390/vfio_ccw: Ensure first IDAW remains constant The first IDAW in a list does not need to be on a 2K/4K boundary like all others, and so is read separately to accurately calculate the size of the buffer needed to read the full IDAL. Verify that the address found in the first IDAW is unchanged between reads, to ensure a consistent set of IDAWs being worked with.",Critical,CVE-2026-80551
Test-VL-Linux,linux-image-7.0.0-38-generic,7.0.0-38.38,"In the Linux kernel, the following vulnerability has been resolved: scsi: qla2xxx: Avoid double completion in async IOCB timeout qla2x00_async_iocb_timeout() tries to abort a timed-out async IOCB. When qla24xx_async_abort_cmd() fails, both the SRB_LOGIN_CMD path and the SRB_CTRL_VP/default path scan outstanding_cmds[] for the SRB and then call sp-&gt;done(sp, QLA_FUNCTION_TIMEOUT) unconditionally, without checking whether the SRB was actually found and removed. If the response ISR completes the same handle first, it removes the SRB under qp_lock_ptr and runs sp-&gt;done() -&gt; complete(sp-&gt;comp). The submitter qla24xx_control_vp() wakes from wait_for_completion(), clears sp-&gt;comp, drops its reference and returns, reclaiming the on-stack completion. The timer reference keeps the SRB alive across the timeout handler, but not the submitter's stack. The timeout then issues a second sp-&gt;done() -&gt; qla_ctrlvp_sp_done(), which evaluates ""if (sp-&gt;comp) complete(sp-&gt;comp)""; with the pointer loaded before the submitter's NULL store, complete() writes into the freed stack frame, a use-after-free. Track whether this path removed the SRB from outstanding_cmds and only call sp-&gt;done() when it did, so the command is completed exactly once by whichever path owns it. This mirrors the sp_found guard already used in qla24xx_abort_iocb_timeout().",Critical,CVE-2026-89847
Test-VL-Linux,linux-image-7.0.0-38-generic,7.0.0-38.38,"In the Linux kernel, the following vulnerability has been resolved: rtase: fix double free of multi-frag skb on DMA map failure In rtase_start_xmit(), when the head buffer DMA mapping fails after rtase_xmit_frags() has mapped all fragments, the error path clears the fragment descriptors with rtase_tx_clear_range(), which frees the skb through the last-frag slot and accounts tx_dropped. Control then falls through to the common error label, which frees the same skb a second time and counts it again. Return right after clearing the fragments when the skb owns frags; the no-frag case still drops through and frees the head skb once.",Critical,CVE-2026-74545
Test-VL-Linux,linux-image-7.0.0-38-generic,7.0.0-38.38,"In the Linux kernel, the following vulnerability has been resolved: net: fix skb length accounting after generic XDP frag adjustment Generic XDP exposes non-linear skb fragments through an xdp_buff. If an XDP program adjusts the fragment area, bpf_prog_run_generic_xdp() copies xdp_frags_size back to skb-&gt;data_len but leaves skb-&gt;len containing the old fragment contribution. After a fragment shrink, this makes skb_headlen() larger than the actual linear area. In the reproduced UDP receive path, __skb_datagram_iter() copied 1024 bytes past the actual linear tail to userspace, starting at struct skb_shared_info. The copied bytes included the affected skb's nr_frags, xdp_frags_size and a kernel pointer from skb_shinfo(skb)-&gt;frags[0]. Real packet data was displaced by the same amount and truncated at the end. Subtract the old data_len before replacing it and add the new data_len afterwards, keeping skb-&gt;len and skb-&gt;data_len synchronized. A 60000-byte UDP datagram on a veth pair with MTU 64000 was shortened by 1024 bytes from its fragment area. Before the fix, all 10 runs produced corrupted payloads. After the fix, all 10 runs matched the expected payload exactly.",Critical,CVE-2026-74665
Test-VL-Linux,linux-image-7.0.0-38-generic,7.0.0-38.38,"In the Linux kernel, the following vulnerability has been resolved: scsi: libiscsi_tcp: Bound SCSI Response data segment to the connection buffer iscsi_tcp_hdr_dissect() receives the data segment of several PDU types into the fixed-size conn-&gt;data buffer, which is allocated for ISCSI_DEF_MAX_RECV_SEG_LEN (8192) bytes.  For the LOGIN_RSP, TEXT_RSP, REJECT and ASYNC_EVENT opcodes the dissect path already rejects a PDU whose DataSegmentLength exceeds that buffer. The SCSI Command Response (ISCSI_OP_SCSI_CMD_RSP) path also copies its data segment (sense/response data) into conn-&gt;data via iscsi_tcp_data_recv_prep(), but it does so without the same check.  The only upstream bound on in.datalen is conn-&gt;max_recv_dlength, the initiator's advertised MaxRecvDataSegmentLength, which is commonly negotiated well above 8192 (open-iscsi defaults to 262144).  A target that returns a SCSI Response with a DataSegmentLength between 8193 and max_recv_dlength therefore overflows the 8192-byte conn-&gt;data buffer. Once the same bound applies, ISCSI_OP_SCSI_CMD_RSP is handled exactly like those responses: bound the data segment, receive it into conn-&gt;data when present, and otherwise complete the PDU with no data.  Fold the opcode into that case group rather than duplicating the check.",Critical,CVE-2026-74556
Test-VL-Linux,linux-image-7.0.0-38-generic,7.0.0-38.38,"In the Linux kernel, the following vulnerability has been resolved: net: skbuff: don't skb_tx_error() the source skb in skb_zerocopy() skb_zerocopy() copies frags from @from into @to. On an skb_orphan_frags() failure it calls skb_tx_error(@from), a destructive operation on the source skb the copy helper does not own. That completes @from's zerocopy uarg and clears SKBFL_ALL_ZEROCOPY, including the SKBFL_SHARED_FRAG page-ownership marker. Both callers already report the failure on their own drop path. nfnetlink_queue does it at nla_put_failure, and Open vSwitch does it in the flow-miss drop arm of ovs_dp_process_packet(), so nothing is lost by dropping it here. On Open vSwitch's OVS_ACTION_ATTR_USERSPACE path the skb is not freed on this error: do_execute_actions() ignores output_userspace()'s return value and, unless the upcall was the last action, keeps forwarding the same skb through the flow's remaining actions. The uarg is completed while that skb is still in flight, telling the producer its buffers are free, and SKBFL_SHARED_FRAG is cleared on an skb the rest of the stack still handles. That flag is what makes esp_input() call skb_cow_data() instead of decrypting in place, so a later local ESP delivery can decrypt over frags the skb does not own privately. Leave error reporting to the callers.",Critical,CVE-2026-90049
Test-VL-Linux,linux-image-7.0.0-38-generic,7.0.0-38.38,"In the Linux kernel, the following vulnerability has been resolved: ipvlan: inherit needed_headroom and needed_tailroom from phy_dev ipvlan devices inherit hard_header_len from phy_dev during ipvlan_init(), but leave needed_headroom and needed_tailroom set to 0. When the underlying phy_dev (or stacked lower device) requires extra headroom or tailroom for headers/trailers (e.g. macsec, ipsec, wireguard, tunnels, or veth with rx headroom), upper layers calculating packet headroom and tailroom fail to reserve sufficient space. This can result in reallocation overhead, skb headroom underflows, or KASAN slab-use-after-free crashes when dev_hard_header() / ipvlan_hard_header() prepends header data or when lower devices append tailroom. Fix this by: 1. Inheriting needed_headroom and needed_tailroom from phy_dev in ipvlan_init(). 2. Propagating needed_headroom and needed_tailroom updates to attached ipvlans    in ipvlan_device_event() when receiving NETDEV_FEAT_CHANGE events.",Critical,CVE-2026-74744
Test-VL-Linux,linux-image-7.0.0-38-generic,7.0.0-38.38,"In the Linux kernel, the following vulnerability has been resolved: net: ipv6: clear suppressed fib6 rule result fib6_rule_suppress() drops a suppressed route with ip6_rt_put_flags(), but leaves res-&gt;rt6 pointing at the released rt6_info. If no later rule supplies a replacement, fib6_rule_lookup() still sees res.rt6 and returns that stale dst to its caller. A suppressing rule can therefore leak a released route back to rt6_lookup(), and the next put hits rcuref_put_slowpath() from dst_release(). Clear res-&gt;rt6 when suppressing the route so suppressed lookups fall through to the null dst instead of reusing the released one.",Critical,CVE-2026-74581
Test-VL-Linux,linux-image-7.0.0-38-generic,7.0.0-38.38,"In the Linux kernel, the following vulnerability has been resolved: KVM: arm64: Correctly handle end of VA space TLBI invalidation Our TLB invalidation by VA code is based on comparing two ranges, one defined by the TLB, and one defined by the TLBI instruction. Each range is defined by a start and a size. However, the way the comparison is done doesn't account for address rollover, as it compares an address with (base + size). This works nicely until this expression represent the last page/block in the TTBR1 VA space, as the result is a big fat 0. And a failed TLB invalidation. Rewrite the comparison in a way that is immune to the address rollover (making the end address inclusive instead of exclusive), and move this into a common helper that is used by both VA and IPA invalidations, as suggested by Hyunwoo Kim (although the IPA version didn't suffer from this particular problem, obviously).",Critical,CVE-2026-89918
Test-VL-Linux,linux-image-7.0.0-38-generic,7.0.0-38.38,"In the Linux kernel, the following vulnerability has been resolved: ceph: fix UAF in __kick_flushing_caps() on cf entry freed during unlock list_for_each_entry() iterates ci-&gt;i_cap_flush_list but drops i_ceph_lock to send cap messages.  During the unlock window, handle_cap_flush_ack() can acquire i_ceph_lock, detach cf entries with tid &lt;= flush_tid from the list, release i_ceph_lock, and free them via ceph_free_cap_flush() outside any lock.  When the original thread reacquires i_ceph_lock and the for-loop macro advances via cf = list_next_entry(cf, i_list), it dereferences cf-&gt;i_list.next on freed memory. The race timeline:   __kick_flushing_caps()              handle_cap_flush_ack()   -----------------------             -----------------------   holds i_ceph_lock        &lt;---   iterates to cf (tid=10)   prepares FLUSH message   drops i_ceph_lock        &lt;---   __send_cap() ── FLUSH(tid=10) 	                              MDS sends FLUSH_ACK(tid=10)                            ---&gt;       acquires i_ceph_lock                                       cf-&gt;tid(10) &lt;= flush_tid(10),                                       detaches cf from i_cap_flush_list                                       drops i_ceph_lock                                       ceph_free_cap_flush(cf) &lt;- frees it!   acquires i_ceph_lock     &lt;---   for-loop advances:     cf = list_next_entry(cf, i_list)       -- UAF on freed cf-&gt;i_list.next The cf was just sent by __kick_flushing_caps itself via __send_cap(). The MDS may respond with FLUSH_ACK quickly enough that handle_cap_flush_ack() frees cf before __kick_flushing_caps can finish the iteration. Fix by converting to a manual while loop: save the next pointer under i_ceph_lock before dropping it, then use the saved pointer after reacquiring, so the potentially-freed cf is never accessed again.",Critical,CVE-2026-89655
Test-VL-Linux,linux-image-7.0.0-38-generic,7.0.0-38.38,"In the Linux kernel, the following vulnerability has been resolved: vdpa/mlx5: Fix buffer length in create_direct_keys() We have seen in our CI the following KASAN message: BUG: KASAN: slab-out-of-bounds in cmd_exec+0x550/0xca0 [mlx5_core] Read of size 272 at addr 0000000176795020 by task qemu-system-s39/82764 [...] [&lt;000011388ab3a7a0&gt;] cmd_exec+0x550/0xca0 [mlx5_core] [&lt;000011388ab3b61c&gt;] mlx5_cmd_exec_cb+0x25c/0x4f0 [mlx5_core] [&lt;000011388b21e82e&gt;] mlx5_vdpa_exec_async_cmds+0x22e/0x5e0 [mlx5_vdpa] [&lt;000011388b21fd44&gt;] create_direct_keys+0x954/0xef0 [mlx5_vdpa] [...] The buggy address is located 4128 bytes inside of allocated 4384-byte region [0000000176794000, 0000000176795120) So in essence we read 16 bytes beyond 4384-byte allocation. create_direct_keys calculates the pointer and length for in and out buffers. The size calculation for in includes the entire structure size (out + in + mtt[]) but the pointer passed to cmd_exec points only to the 'in' field, skipping the 'out' field. This causes mlx5_copy_to_msg() to read beyond the allocated buffer by sizeof(out) bytes when copying command data. Properly calculate the input size to match the pointer and allocation size.",Critical,CVE-2026-74712
Test-VL-Linux,linux-image-7.0.0-38-generic,7.0.0-38.38,"In the Linux kernel, the following vulnerability has been resolved: dibs: initialise dibs-&gt;lock in dibs_dev_alloc() dibs-&gt;lock is initialised by dibs_dev_add(), but a dibs device can already take interrupts before that call: ism_probe() runs ism_dev_init(), and hence request_irq(), before it calls dibs_dev_add(). No client can have registered a dmb at that point, so no dmb interrupt can occur, but a GID event interrupt can, and ism_handle_irq() takes dibs-&gt;lock unconditionally on entry, before it inspects anything else. Initialise the lock in dibs_dev_alloc() instead, so that it is valid as soon as a driver can publish the device to its interrupt handler.",Critical,CVE-2026-74617
Test-VL-Linux,linux-image-7.0.0-38-generic,7.0.0-38.38,"In the Linux kernel, the following vulnerability has been resolved: smb: client: fix OOB read/write from unvalidated DataOffset in coalesce_t2() coalesce_t2() computes data pointers directly from server-supplied DataOffset fields with no validation against buffer bounds:   data_area_of_tgt = (char *)&amp;pSMBt-&gt;hdr.Protocol +                      get_unaligned_le16(&amp;pSMBt-&gt;t2_rsp.DataOffset);   data_area_of_src = (char *)&amp;pSMBs-&gt;hdr.Protocol +                      get_unaligned_le16(&amp;pSMBs-&gt;t2_rsp.DataOffset);   data_area_of_tgt += total_in_tgt;   ...   memcpy(data_area_of_tgt, data_area_of_src, total_in_src); A small DataOffset can push a pointer below the actual byte area, overwriting header fields; a large one can push it past the buffer end, causing out-of-bounds heap reads (source) or writes (target). The BCC overflow guard does not prevent this: BCC reflects how much data is present, while DataOffset controls where in the buffer it starts. The ""validate target area"" comment present since the function was first written in 2005 was a placeholder that was never implemented. Add lower- and upper-bound checks for both data pointers before the memcpy, and before any target header fields are modified.",Critical,CVE-2026-89633
Test-VL-Linux,linux-image-7.0.0-38-generic,7.0.0-38.38,"In the Linux kernel, the following vulnerability has been resolved: svcrdma: Fix offset arithmetic in read_chunk_range svc_rdma_read_chunk_range() walks a Read chunk's segment list to build a sub-range starting at byte offset and spanning length bytes for a Position-Zero or Call chunk. Two arithmetic defects in the per-segment loop produce wrong DMA lengths and a u32 underflow:     pcl_for_each_segment(segment, chunk) {             if (offset &gt; segment-&gt;rs_length) {                     offset -= segment-&gt;rs_length;                     continue;             }             dummy.rs_handle = segment-&gt;rs_handle;             dummy.rs_length = min_t(u32, length,                                     segment-&gt;rs_length) - offset;             dummy.rs_offset = segment-&gt;rs_offset + offset; First, the skip predicate uses '&gt;' instead of '&gt;='. When offset equals the segment's full rs_length, the segment is fully consumed and should be skipped, but the loop falls through into the body. The resulting dummy.rs_length is min_t(u32, length, rs_length) - rs_length, which underflows to a near-UINT_MAX u32 when length is smaller than rs_length, or is zero otherwise. Second, the length formula subtracts offset from the min_t() result rather than from segment-&gt;rs_length before the cap. For offset &gt; 0 the segment's residual is rs_length - offset, not rs_length, so the cap must be applied to the residual. With the current bracketing, whenever length is smaller than rs_length - offset the per-segment length becomes length - offset instead of length, silently dropping offset bytes from the rebuilt chunk. Combined with the boundary case above it also enables the u32 underflow path, which propagates a huge nr_bvec into svc_rdma_build_read_segment() and a multi-MiB kmalloc_array_node() in svc_rdma_get_rw_ctxt(). Additionally, svc_rdma_read_call_chunk() can invoke this function with length == 0 when the last Read chunk ends exactly at the end of the Call chunk. With the corrected &gt;= predicate, every segment is skipped and the function returns the initial -EINVAL, rejecting a valid request. Return success immediately when length is zero. Also break out of the loop once length is fully consumed to avoid passing zero-length segments to svc_rdma_build_read_segment(). Fix by using '&gt;=' so a fully-consumed segment is skipped, by moving '- offset' inside min_t() so the cap is applied to the segment's residual length, by returning success for zero-length requests, and by stopping iteration when the requested range has been consumed.",Critical,CVE-2026-89533
Test-VL-Linux,linux-image-7.0.0-38-generic,7.0.0-38.38,"In the Linux kernel, the following vulnerability has been resolved: mpls: reload header after pskb_may_pull() mpls_select_multipath() calls mpls_multipath_hash() to choose a nexthop when an MPLS route has multiple nexthops.  While walking the MPLS label stack, the hash routine caches hdr for the current label.  After finding the bottom-of-stack label, it calls pskb_may_pull() before reading the inner IP header. If an skb is constructed with the inner IP header in nonlinear data and insufficient tailroom in the linear head, pskb_may_pull() calls pskb_expand_head() to replace the skb head and free the old one.  This leaves hdr pointing to freed memory.  The IPv6 path can invalidate hdr again when it performs a second pull for the larger header. The issue was found through static analysis.  A reproducer sending a legal Geneve packet through a bareudp/MPLS multipath setup triggered the same KASAN report in 2 of 2 unpatched runs:   BUG: KASAN: slab-use-after-free in mpls_select_multipath   Read of size 1 at addr ffff88800ecc6e20 by task ksoftirqd/1/23   Call Trace:    mpls_select_multipath    mpls_forward    __netif_receive_skb_list_core    netif_receive_skb_list_internal    napi_complete_done    gro_cell_poll    __napi_poll    net_rx_action   Freed by task 23:    kfree    pskb_expand_head    __pskb_pull_tail    mpls_select_multipath Reload hdr from the current skb head after each successful pull before deriving the inner IPv4 or IPv6 header pointer.",Critical,CVE-2026-89555
Test-VL-Linux,linux-image-7.0.0-38-generic,7.0.0-38.38,"In the Linux kernel, the following vulnerability has been resolved: ipvs: clear IPv4 options after rebasing tunnel ICMP errors ip_vs_in_icmp() rebases an skb from the outer ICMP packet to the quoted original request before passing it to icmp_send(). However, IPCB(skb)-&gt;opt still describes the outer IPv4 header. A timestamp option in the outer header can therefore leave an offset that points into the quoted transport header after the rebase. __ip_options_echo() treats a byte at that stale location as the option length and copies it into the fixed-size option storage on the __icmp_send() stack, causing a stack out-of-bounds write. Clear the stale option metadata after resetting the network header. Keep the remaining control block fields, including the ingress interface used by the ICMP response path.",Critical,CVE-2026-74669
Test-VL-Linux,linux-image-7.0.0-38-generic,7.0.0-38.38,"In the Linux kernel, the following vulnerability has been resolved: sctp: fix use-after-free of cached ASCONF chunk addip_last_asconf caches the outstanding outbound ASCONF chunk. The normal ASCONF-ACK completion path releases the chunk and clears the pointer. However, sctp_asconf_queue_teardown() releases the cached chunk without clearing addip_last_asconf. During peer restart handling, sctp_sf_do_dupcook_a() queues SCTP_CMD_PURGE_ASCONF_QUEUE, which invokes sctp_asconf_queue_teardown() while the association remains alive and leaves the pointer dangling. A delayed authenticated ASCONF-ACK can then reach sctp_sf_do_asconf_ack(), which accesses the stale chunk and passes it to sctp_process_asconf_ack(), causing a use-after-free and a second release. Clearing the pointer exposes a race with T4 expiry. Peer restart handling queues the timer stop before the purge, but SCTP_CMD_TIMER_STOP uses timer_delete(), which does not wait for a callback already running on another CPU. Such a callback can reach sctp_sf_t4_timer_expire() after the purge and dereference NULL. Clear addip_last_asconf after releasing the cached chunk, and make sctp_sf_t4_timer_expire() consume a stale T4 expiry if no outstanding ASCONF remains.",Critical,CVE-2026-74587
Test-VL-Linux,linux-image-7.0.0-38-generic,7.0.0-38.38,"In the Linux kernel, the following vulnerability has been resolved: nfsd: fix possible fh_compose of wrong dentry in nfsd4_create_file() dentry_create() can hypothetically provide a different dentry than the one passed in.  This could happen, for example, if the exported filesystem is NFS, and the server returned to OPEN a filehandle which matched a directory that was already in the dcache.  Clearly this would not be expected! If this were to happen the dentry (child) that was already stored in resfhp could be freed and later dereferenced. We shouldn't call fh_compose() until we are certain that we have the final dentry, so this patch moved the fh_compose() call to two places: one for the case where the target already exists, and one after dentry_create() where it was created.",Critical,CVE-2026-89677
Test-VL-Linux,linux-image-7.0.0-38-generic,7.0.0-38.38,"In the Linux kernel, the following vulnerability has been resolved: spi: Fix DMA mapping ownership on partial map failure If RX mapping fails after TX mapping succeeds, __spi_map_msg() unmaps TX but leaves tx_sg_mapped set. If TX mapping fails on a later transfer, mappings created for earlier transfers remain active. In both cases, cur_{tx,rx}_dma_dev have not yet been updated because they are assigned only after every transfer has been mapped. The subsequent spi_unmap_msg() may therefore unmap the TX mapping again or release earlier mappings using a NULL or stale device. Using a NULL device can trigger an oops. An empty SG table does not prevent the NULL dereference because dma_unmap_sg_attrs() accesses the device before checking the entry count. Publish both mapping devices before mapping starts and unwind all failures through __spi_unmap_msg(). This clears the mapping flags and releases each mapping once with the device that created it. Publishing the devices before the loop also refreshes them when no transfer needs mapping. No mapping flag is set in that case, so current users do not use the pointers as mapping owners.",Critical,CVE-2026-90012
Test-VL-Linux,linux-image-7.0.0-38-generic,7.0.0-38.38,"In the Linux kernel, the following vulnerability has been resolved: NFSD: Prevent client use-after-free during delegation revoke A delegation stateid holds only a bare pointer to its owning nfs4_client and does not keep it alive.  The client survives its stateids only because __destroy_client() drains cl_delegations and cl_revoked before free_client() runs. nfs4_laundromat() breaks that invariant: it unhashes an expired delegation from cl_delegations, drops deleg_lock, then revoke_delegation() relinks it onto cl_revoked under cl_lock.  In that window the delegation is on neither list, so client_has_state() can report no remaining state. Every teardown path first requires cl_rpc_users to be zero, but the laundromat holds no such reference.  A client whose recalled delegation has just timed out can therefore reach free_client() while revoke_delegation() is still about to dereference cl_lock, a use-after-free. Pin the client with cl_rpc_users across the revoke so teardown blocks until it completes, then reap the delegation from cl_revoked.  A client already expiring reaps its own, so skip it and leave the delegation on del_recall_lru.",Critical,CVE-2026-89659
Test-VL-Linux,linux-image-7.0.0-38-generic,7.0.0-38.38,"In the Linux kernel, the following vulnerability has been resolved: NFS: Pin the 'struct nfs_server' during a FREE_STATEID call Dan Aloni reports that he was able to hit a use-after-free bug if a FREE_STATEID operation gets delayed for whatever reason. Fix this by bumping the refcount of the 'struct nfs_server' object for the duration of the FREE_STATEID so it doesn't get cleaned up from underneath us while operations are still in flight.",Critical,CVE-2026-74730
Test-VL-Linux,linux-image-7.0.0-38-generic,7.0.0-38.38,"In the Linux kernel, the following vulnerability has been resolved: net/smc: bound the peer rkey counts in SMC-Rv2 LLC messages On a link whose device has max_recv_sge == 1 there is no shared v2 receive buffer, and smc_llc_save_add_link_rkeys() takes the v2 extension from 44 bytes past the start of the queue entry's inline message:   ext = (struct smc_llc_msg_add_link_v2_ext *)(llc_msg + SMC_WR_TX_SIZE); The entry is a 72-byte allocation and the extension starts at offset 68, so ext-&gt;num_rkeys at offset 94 is already past it. This happens on every SMC-Rv2 link addition, whatever the peer sends:   [    2.490065] BUG: KASAN: slab-out-of-bounds in smc_llc_save_add_link_rkeys+0x333/0x350   [    2.490431] Read of size 2 at addr ffff8880056406de by task smctest/106   [    2.490709]   [    2.490792] CPU: 0 UID: 0 PID: 106 Comm: smctest Not tainted 7.2.0-rc5-p1-g77a5d9d9c99f #32 PREEMPT(lazy)   [    2.490795] Hardware name: QEMU Ubuntu 24.04 PC v2 (i440FX + PIIX, arch_caps fix, 1996), BIOS 1.16.3-debian-1.16.3-2 04/01/2014   [    2.490798] Call Trace:   [    2.490803]  &lt;TASK&gt;   [    2.490805]  dump_stack_lvl+0x53/0x70   [    2.490810]  print_report+0xd0/0x630   [    2.490828]  ? __pfx__raw_spin_lock_irqsave+0x10/0x10   [    2.490832]  ? smc_llc_save_add_link_rkeys+0x333/0x350   [    2.490834]  kasan_report+0xce/0x100   [    2.490836]  ? smc_llc_save_add_link_rkeys+0x333/0x350   [    2.490837]  smc_llc_save_add_link_rkeys+0x333/0x350   [    2.490839]  ? smcr_buf_map_lgr+0x1bf/0x2b0   [    2.490844]  smc_llc_cli_add_link+0xca7/0x1e80   [    2.490848]  ? smc_llc_wait+0x355/0x810   [    2.490850]  ? __pfx_smc_llc_wait+0x10/0x10   [    2.490851]  ? __pfx_smc_llc_cli_add_link+0x10/0x10   [    2.490853]  ? __pfx_autoremove_wake_function+0x10/0x10   [    2.490863]  __smc_connect+0x3f5c/0x4980   [    2.490873]  ? __pfx_kernel_connect+0x10/0x10   [    2.490888]  ? __pfx___smc_connect+0x10/0x10   [    2.490891]  ? release_sock+0x148/0x1d0   [    2.490894]  smc_connect+0x42c/0x580   [    2.490896]  __sys_connect+0xfc/0x130   [    2.490898]  ? __pfx___sys_connect+0x10/0x10   [    2.490900]  ? handle_mm_fault+0x1a1/0x430   [    2.490908]  __x64_sys_connect+0x6d/0xb0   [    2.490909]  ? fpregs_assert_state_consistent+0x56/0xe0   [    2.490917]  do_syscall_64+0xf9/0x540   [    2.490921]  entry_SYSCALL_64_after_hwframe+0x77/0x7f   [    2.490924] RIP: 0033:0x421bb4   [    2.490927] Code: ff f7 d8 64 89 01 48 83 c8 ff c3 66 2e 0f 1f 84 00 00 00 00 00 90 f3 0f 1e fa 80 3d ad 34 09 00 00 74 13 b8 2a 00 00 00 0f 05 &lt;48&gt; 3d 00 f0 ff ff 77 4c c3 0f 1f 00 55 48 89 e5 48 83 ec 10 89 55   [    2.490929] RSP: 002b:00007ffd473b01a8 EFLAGS: 00000202 ORIG_RAX: 000000000000002a   [    2.490935] RAX: ffffffffffffffda RBX: 0000000000000000 RCX: 0000000000421bb4   [    2.490936] RDX: 0000000000000010 RSI: 00007ffd473b01d0 RDI: 0000000000000003   [    2.490937] RBP: 0000000000003930 R08: 0000000000000004 R09: 0000000000000000   [    2.490938] R10: 00007ffd473b0f98 R11: 0000000000000202 R12: 0000000000000006   [    2.490939] R13: 00007ffd473b0f87 R14: 0000000000000003 R15: 00007ffd473b0f90   [    2.490940]  &lt;/TASK&gt;   [    2.490941]   [    2.499545] Allocated by task 44:   [    2.499693]  kasan_save_stack+0x33/0x60   [    2.499860]  kasan_save_track+0x14/0x30   [    2.500026]  __kasan_kmalloc+0x8f/0xa0   [    2.500190]  __kmalloc_cache_noprof+0x158/0x370   [    2.500393]  smc_llc_enqueue+0x72/0x560   [    2.500559]  smc_wr_rx_tasklet_fn+0x474/0xa80   [    2.500747]  tasklet_action_common+0x20f/0x8a0   [    2.500945]  handle_softirqs+0x18e/0x590   [    2.501115]  do_softirq+0x3b/0x60   [    2.501266]  __local_bh_enable_ip+0x61/0x70   [    2.501446]  __alloc_skb+0x732/0x890   [    2.501604]  rxe_init_packet+0x16b/0x4f0   [    2.501783]  prepare_ack_packet+0xb8/0x830   [    2.501962]  rxe_receiver+0x495/0x96e0   [    2.502125]  do_work+0x144/0x470   [    2.502269]  process_one_work+0x633/0x1030   [    2.502450]  worker_thread+0x45b/0xd10   [    2.50261 ---truncated---",Critical,CVE-2026-80986